[2026-09-30T17:36:37] saved server props -> server_props_belebele.json
Using the latest cached version of the dataset since facebook/belebele couldn't be found on the Hugging Face Hub (offline mode is enabled).
Found the latest cached dataset configuration 'eng_Latn' at ~/es-eval/.hf_cache/datasets/facebook___belebele/eng_Latn/0.0.0/7899cdfa4e1e0d733fd77c848e2c273cb1d32be2 (last modified on Wed Sep 30 15:29:27 2026).
Using the latest cached version of the dataset since facebook/belebele couldn't be found on the Hugging Face Hub (offline mode is enabled).
Found the latest cached dataset configuration 'spa_Latn' at ~/es-eval/.hf_cache/datasets/facebook___belebele/spa_Latn/0.0.0/7899cdfa4e1e0d733fd77c848e2c273cb1d32be2 (last modified on Wed Sep 30 15:29:28 2026).
Using the latest cached version of the dataset since facebook/belebele couldn't be found on the Hugging Face Hub (offline mode is enabled).
Found the latest cached dataset configuration 'zho_Hans' at ~/es-eval/.hf_cache/datasets/facebook___belebele/zho_Hans/0.0.0/7899cdfa4e1e0d733fd77c848e2c273cb1d32be2 (last modified on Wed Sep 30 15:29:30 2026).
[2026-09-30T17:36:37] ids 1..488, langs ['en', 'es', 'zh']; done=0 pending=1464 total=1464
[2026-09-30T17:36:45] (1/1464) id=1 en finish=stop completion=450 wall=8.0s predicted_per_s=60.77 draft=378/323
[2026-09-30T17:36:57] (2/1464) id=1 es finish=stop completion=630 wall=11.6s predicted_per_s=57.51 draft=558/446
[2026-09-30T17:37:04] (3/1464) id=1 zh finish=stop completion=366 wall=7.2s predicted_per_s=55.00 draft=339/252
[2026-09-30T17:37:08] (4/1464) id=2 en finish=stop completion=194 wall=4.0s predicted_per_s=56.66 draft=174/137
[2026-09-30T17:37:12] (5/1464) id=2 es finish=stop completion=165 wall=3.6s predicted_per_s=56.93 draft=147/115
[2026-09-30T17:37:15] (6/1464) id=2 zh finish=stop completion=192 wall=3.9s predicted_per_s=59.10 draft=165/139
[2026-09-30T17:37:18] (7/1464) id=3 en finish=stop completion=124 wall=2.5s predicted_per_s=63.42 draft=99/91
[2026-09-30T17:37:21] (8/1464) id=3 es finish=stop completion=174 wall=3.5s predicted_per_s=62.63 draft=141/127
[2026-09-30T17:37:25] (9/1464) id=3 zh finish=stop completion=171 wall=3.8s predicted_per_s=55.71 draft=156/120
[2026-09-30T17:37:29] (10/1464) id=4 en finish=stop completion=170 wall=3.4s predicted_per_s=61.19 draft=141/123
[2026-09-30T17:37:34] (11/1464) id=4 es finish=stop completion=236 wall=5.0s predicted_per_s=55.53 draft=216/163
[2026-09-30T17:37:38] (12/1464) id=4 zh finish=stop completion=207 wall=4.5s predicted_per_s=57.52 draft=183/147
[2026-09-30T17:37:43] (13/1464) id=5 en finish=stop completion=253 wall=5.0s predicted_per_s=58.80 draft=219/179
[2026-09-30T17:37:49] (14/1464) id=5 es finish=stop completion=308 wall=6.1s predicted_per_s=58.06 draft=270/219
[2026-09-30T17:37:55] (15/1464) id=5 zh finish=stop completion=281 wall=5.6s predicted_per_s=57.41 draft=249/198
[2026-09-30T17:38:00] (16/1464) id=6 en finish=stop completion=264 wall=4.9s predicted_per_s=61.30 draft=219/190
[2026-09-30T17:38:07] (17/1464) id=6 es finish=stop completion=354 wall=7.0s predicted_per_s=56.62 draft=318/249
[2026-09-30T17:38:09] (18/1464) id=6 zh finish=stop completion=105 wall=2.6s predicted_per_s=55.42 draft=96/73
[2026-09-30T17:38:18] (19/1464) id=7 en finish=stop completion=483 wall=8.6s predicted_per_s=59.82 draft=411/348
[2026-09-30T17:38:37] (20/1464) id=7 es finish=stop completion=971 wall=19.0s predicted_per_s=52.69 draft=936/658
[2026-09-30T17:38:45] (21/1464) id=7 zh finish=stop completion=422 wall=7.6s predicted_per_s=60.35 draft=354/303
[2026-09-30T17:38:56] (22/1464) id=8 en finish=stop completion=595 wall=11.6s predicted_per_s=53.75 draft=561/408
[2026-09-30T17:39:06] (23/1464) id=8 es finish=stop completion=499 wall=9.3s predicted_per_s=57.57 draft=438/352
[2026-09-30T17:39:20] (24/1464) id=8 zh finish=stop completion=746 wall=14.9s predicted_per_s=52.25 draft=723/505
[2026-09-30T17:39:24] (25/1464) id=9 en finish=stop completion=173 wall=3.6s predicted_per_s=56.09 draft=156/123
[2026-09-30T17:39:28] (26/1464) id=9 es finish=stop completion=224 wall=4.3s predicted_per_s=59.95 draft=189/163
[2026-09-30T17:39:32] (27/1464) id=9 zh finish=stop completion=154 wall=3.2s predicted_per_s=57.66 draft=135/110
[2026-09-30T17:39:39] (28/1464) id=10 en finish=stop completion=397 wall=7.4s predicted_per_s=58.32 draft=345/284
[2026-09-30T17:39:48] (29/1464) id=10 es finish=stop completion=499 wall=9.4s predicted_per_s=56.26 draft=450/350
[2026-09-30T17:39:55] (30/1464) id=10 zh finish=stop completion=318 wall=6.4s predicted_per_s=54.36 draft=297/218
[2026-09-30T17:39:57] (31/1464) id=11 en finish=stop completion=117 wall=2.5s predicted_per_s=61.48 draft=96/86
[2026-09-30T17:40:01] (32/1464) id=11 es finish=stop completion=162 wall=3.4s predicted_per_s=58.12 draft=141/115
[2026-09-30T17:40:06] (33/1464) id=11 zh finish=stop completion=288 wall=5.7s predicted_per_s=55.94 draft=261/201
[2026-09-30T17:40:08] (34/1464) id=12 en finish=stop completion=90 wall=2.2s predicted_per_s=54.02 draft=84/64
[2026-09-30T17:40:12] (35/1464) id=12 es finish=stop completion=176 wall=3.7s predicted_per_s=56.01 draft=159/125
[2026-09-30T17:40:15] (36/1464) id=12 zh finish=stop completion=150 wall=3.2s predicted_per_s=55.04 draft=138/103
[2026-09-30T17:40:22] (37/1464) id=13 en finish=stop completion=362 wall=6.9s predicted_per_s=57.26 draft=321/255
[2026-09-30T17:40:32] (38/1464) id=13 es finish=stop completion=543 wall=10.0s predicted_per_s=57.67 draft=477/383
[2026-09-30T17:40:38] (39/1464) id=13 zh finish=stop completion=269 wall=5.4s predicted_per_s=55.23 draft=243/188
[2026-09-30T17:40:48] (40/1464) id=14 en finish=stop completion=527 wall=10.1s predicted_per_s=57.08 draft=462/373
[2026-09-30T17:41:03] (41/1464) id=14 es finish=stop completion=741 wall=14.7s predicted_per_s=53.83 draft=693/510
[2026-09-30T17:41:21] (42/1464) id=14 zh finish=stop completion=911 wall=18.5s predicted_per_s=51.27 draft=900/611
[2026-09-30T17:41:31] (43/1464) id=15 en finish=stop completion=535 wall=9.8s predicted_per_s=58.12 draft=465/381
[2026-09-30T17:41:43] (44/1464) id=15 es finish=stop completion=660 wall=12.1s predicted_per_s=57.61 draft=582/465
[2026-09-30T17:41:51] (45/1464) id=15 zh finish=stop completion=398 wall=7.5s predicted_per_s=57.19 draft=354/281
[2026-09-30T17:41:56] (46/1464) id=16 en finish=stop completion=309 wall=5.8s predicted_per_s=58.84 draft=267/221
[2026-09-30T17:42:03] (47/1464) id=16 es finish=stop completion=349 wall=6.5s predicted_per_s=59.06 draft=300/248
[2026-09-30T17:42:13] (48/1464) id=16 zh finish=stop completion=516 wall=10.1s predicted_per_s=54.00 draft=486/354
[2026-09-30T17:42:22] (49/1464) id=17 en finish=stop completion=481 wall=8.6s predicted_per_s=60.35 draft=405/346
[2026-09-30T17:42:31] (50/1464) id=17 es finish=stop completion=471 wall=8.9s predicted_per_s=56.56 draft=423/332
[2026-09-30T17:42:39] (51/1464) id=17 zh finish=stop completion=437 wall=8.8s predicted_per_s=53.11 draft=417/300
[2026-09-30T17:42:48] (52/1464) id=18 en finish=stop completion=452 wall=8.4s predicted_per_s=57.56 draft=399/319
[2026-09-30T17:43:03] (53/1464) id=18 es finish=stop completion=792 wall=15.4s predicted_per_s=53.62 draft=750/544
[2026-09-30T17:43:15] (54/1464) id=18 zh finish=stop completion=598 wall=11.9s predicted_per_s=52.79 draft=576/406
[2026-09-30T17:43:21] (55/1464) id=19 en finish=stop completion=313 wall=5.7s predicted_per_s=60.86 draft=261/226
[2026-09-30T17:43:29] (56/1464) id=19 es finish=stop completion=448 wall=8.5s predicted_per_s=56.23 draft=405/312
[2026-09-30T17:43:37] (57/1464) id=19 zh finish=stop completion=409 wall=7.8s predicted_per_s=56.46 draft=369/286
[2026-09-30T17:43:46] (58/1464) id=20 en finish=stop completion=505 wall=9.2s predicted_per_s=58.67 draft=438/358
[2026-09-30T17:43:58] (59/1464) id=20 es finish=stop completion=603 wall=12.0s predicted_per_s=52.75 draft=582/411
[2026-09-30T17:44:13] (60/1464) id=20 zh finish=stop completion=742 wall=14.9s predicted_per_s=51.68 draft=732/497
[2026-09-30T17:44:16] (61/1464) id=21 en finish=stop completion=139 wall=2.8s predicted_per_s=63.39 draft=111/102
[2026-09-30T17:44:20] (62/1464) id=21 es finish=stop completion=203 wall=3.9s predicted_per_s=64.72 draft=159/149
[2026-09-30T17:44:24] (63/1464) id=21 zh finish=stop completion=228 wall=4.4s predicted_per_s=62.29 draft=186/165
[2026-09-30T17:44:28] (64/1464) id=22 en finish=stop completion=189 wall=4.0s predicted_per_s=55.21 draft=174/133
[2026-09-30T17:44:32] (65/1464) id=22 es finish=stop completion=185 wall=3.9s predicted_per_s=55.04 draft=171/127
[2026-09-30T17:44:37] (66/1464) id=22 zh finish=stop completion=202 wall=4.2s predicted_per_s=56.20 draft=183/141
[2026-09-30T17:44:42] (67/1464) id=23 en finish=stop completion=259 wall=5.3s predicted_per_s=55.66 draft=237/180
[2026-09-30T17:44:47] (68/1464) id=23 es finish=stop completion=270 wall=5.6s predicted_per_s=56.55 draft=243/191
[2026-09-30T17:44:52] (69/1464) id=23 zh finish=stop completion=224 wall=4.8s predicted_per_s=54.32 draft=210/154
[2026-09-30T17:44:59] (70/1464) id=24 en finish=stop completion=383 wall=6.8s predicted_per_s=61.90 draft=315/280
[2026-09-30T17:45:06] (71/1464) id=24 es finish=stop completion=367 wall=7.3s predicted_per_s=56.13 draft=333/258
[2026-09-30T17:45:12] (72/1464) id=24 zh finish=stop completion=322 wall=6.3s predicted_per_s=56.97 draft=288/225
[2026-09-30T17:45:19] (73/1464) id=25 en finish=stop completion=373 wall=6.9s predicted_per_s=59.14 draft=321/268
[2026-09-30T17:45:28] (74/1464) id=25 es finish=stop completion=424 wall=8.2s predicted_per_s=56.16 draft=384/297
[2026-09-30T17:45:33] (75/1464) id=25 zh finish=stop completion=296 wall=5.7s predicted_per_s=57.78 draft=261/208
[2026-09-30T17:45:43] (76/1464) id=26 en finish=stop completion=532 wall=9.8s predicted_per_s=57.53 draft=471/374
[2026-09-30T17:45:48] (77/1464) id=26 es finish=stop completion=243 wall=4.9s predicted_per_s=56.46 draft=219/169
[2026-09-30T17:45:52] (78/1464) id=26 zh finish=stop completion=183 wall=3.8s predicted_per_s=55.41 draft=168/128
[2026-09-30T17:46:03] (79/1464) id=27 en finish=stop completion=589 wall=11.4s predicted_per_s=54.35 draft=552/406
[2026-09-30T17:46:14] (80/1464) id=27 es finish=stop completion=509 wall=10.5s predicted_per_s=51.77 draft=501/344
[2026-09-30T17:46:20] (81/1464) id=27 zh finish=stop completion=286 wall=5.9s predicted_per_s=53.95 draft=270/198
[2026-09-30T17:46:25] (82/1464) id=28 en finish=stop completion=300 wall=5.8s predicted_per_s=57.22 draft=267/210
[2026-09-30T17:46:32] (83/1464) id=28 es finish=stop completion=352 wall=7.1s predicted_per_s=54.37 draft=330/241
[2026-09-30T17:46:38] (84/1464) id=28 zh finish=stop completion=258 wall=5.3s predicted_per_s=54.84 draft=240/177
[2026-09-30T17:46:45] (85/1464) id=29 en finish=stop completion=401 wall=7.5s predicted_per_s=57.72 draft=354/283
[2026-09-30T17:46:54] (86/1464) id=29 es finish=stop completion=467 wall=9.2s predicted_per_s=55.09 draft=432/322
[2026-09-30T17:47:02] (87/1464) id=29 zh finish=stop completion=364 wall=7.4s predicted_per_s=55.18 draft=336/253
[2026-09-30T17:47:07] (88/1464) id=30 en finish=stop completion=234 wall=5.5s predicted_per_s=50.89 draft=234/156
[2026-09-30T17:47:11] (89/1464) id=30 es finish=stop completion=176 wall=4.0s predicted_per_s=58.40 draft=153/126
[2026-09-30T17:47:20] (90/1464) id=30 zh finish=stop completion=432 wall=8.8s predicted_per_s=54.32 draft=405/297
[2026-09-30T17:47:31] (91/1464) id=31 en finish=stop completion=518 wall=10.4s predicted_per_s=54.72 draft=480/360
[2026-09-30T17:47:49] (92/1464) id=31 es finish=stop completion=973 wall=18.3s predicted_per_s=56.19 draft=879/679
[2026-09-30T17:47:59] (93/1464) id=31 zh finish=stop completion=492 wall=10.2s predicted_per_s=53.01 draft=471/335
[2026-09-30T17:48:03] (94/1464) id=32 en finish=stop completion=163 wall=3.7s predicted_per_s=57.25 draft=144/117
[2026-09-30T17:48:08] (95/1464) id=32 es finish=stop completion=252 wall=5.1s predicted_per_s=61.62 draft=207/184
[2026-09-30T17:48:12] (96/1464) id=32 zh finish=stop completion=219 wall=4.5s predicted_per_s=60.54 draft=183/160
[2026-09-30T17:48:22] (97/1464) id=33 en finish=stop completion=467 wall=9.2s predicted_per_s=56.45 draft=420/327
[2026-09-30T17:48:36] (98/1464) id=33 es finish=stop completion=725 wall=14.2s predicted_per_s=55.01 draft=669/503
[2026-09-30T17:48:45] (99/1464) id=33 zh finish=stop completion=462 wall=9.7s predicted_per_s=52.72 draft=444/316
[2026-09-30T17:48:54] (100/1464) id=34 en finish=stop completion=432 wall=8.7s predicted_per_s=55.23 draft=396/300
[2026-09-30T17:49:04] (101/1464) id=34 es finish=stop completion=466 wall=10.1s predicted_per_s=50.89 draft=462/312
[2026-09-30T17:49:11] (102/1464) id=34 zh finish=stop completion=341 wall=7.1s predicted_per_s=55.07 draft=312/239
[2026-09-30T17:49:15] (103/1464) id=35 en finish=stop completion=153 wall=3.3s predicted_per_s=62.31 draft=123/113
[2026-09-30T17:49:18] (104/1464) id=35 es finish=stop completion=160 wall=3.6s predicted_per_s=60.86 draft=132/116
[2026-09-30T17:49:21] (105/1464) id=35 zh finish=stop completion=114 wall=2.8s predicted_per_s=59.59 draft=96/83
[2026-09-30T17:49:24] (106/1464) id=36 en finish=stop completion=139 wall=3.1s predicted_per_s=61.47 draft=114/102
[2026-09-30T17:49:32] (107/1464) id=36 es finish=stop completion=380 wall=7.8s predicted_per_s=54.31 draft=354/262
[2026-09-30T17:49:36] (108/1464) id=36 zh finish=stop completion=157 wall=3.8s predicted_per_s=54.82 draft=144/110
[2026-09-30T17:49:41] (109/1464) id=37 en finish=stop completion=283 wall=5.7s predicted_per_s=59.42 draft=240/205
[2026-09-30T17:49:48] (110/1464) id=37 es finish=stop completion=317 wall=6.4s predicted_per_s=58.00 draft=276/224
[2026-09-30T17:49:57] (111/1464) id=37 zh finish=stop completion=451 wall=9.0s predicted_per_s=55.48 draft=411/316
[2026-09-30T17:50:02] (112/1464) id=38 en finish=stop completion=228 wall=4.9s predicted_per_s=55.69 draft=207/159
[2026-09-30T17:50:07] (113/1464) id=38 es finish=stop completion=247 wall=5.2s predicted_per_s=56.89 draft=219/173
[2026-09-30T17:50:11] (114/1464) id=38 zh finish=stop completion=201 wall=4.3s predicted_per_s=57.69 draft=174/145
[2026-09-30T17:50:21] (115/1464) id=39 en finish=stop completion=462 wall=9.9s predicted_per_s=51.57 draft=453/312
[2026-09-30T17:50:37] (116/1464) id=39 es finish=stop completion=809 wall=16.1s predicted_per_s=53.76 draft=762/554
[2026-09-30T17:50:48] (117/1464) id=39 zh finish=stop completion=523 wall=10.9s predicted_per_s=52.28 draft=507/353
[2026-09-30T17:50:52] (118/1464) id=40 en finish=stop completion=168 wall=3.9s predicted_per_s=55.21 draft=153/117
[2026-09-30T17:50:57] (119/1464) id=40 es finish=stop completion=209 wall=4.6s predicted_per_s=56.89 draft=186/148
[2026-09-30T17:51:04] (120/1464) id=40 zh finish=stop completion=341 wall=7.4s predicted_per_s=51.99 draft=333/232
[2026-09-30T17:51:08] (121/1464) id=41 en finish=stop completion=208 wall=4.6s predicted_per_s=56.58 draft=186/145
[2026-09-30T17:51:15] (122/1464) id=41 es finish=stop completion=315 wall=6.8s predicted_per_s=54.75 draft=291/220
[2026-09-30T17:51:23] (123/1464) id=41 zh finish=stop completion=348 wall=7.3s predicted_per_s=54.51 draft=324/240
[2026-09-30T17:51:28] (124/1464) id=42 en finish=stop completion=257 wall=5.3s predicted_per_s=58.00 draft=225/181
[2026-09-30T17:51:33] (125/1464) id=42 es finish=stop completion=241 wall=5.1s predicted_per_s=57.55 draft=213/172
[2026-09-30T17:51:36] (126/1464) id=42 zh finish=stop completion=115 wall=3.1s predicted_per_s=51.18 draft=114/78
[2026-09-30T17:51:41] (127/1464) id=43 en finish=stop completion=247 wall=5.1s predicted_per_s=58.07 draft=216/175
[2026-09-30T17:51:49] (128/1464) id=43 es finish=stop completion=411 wall=7.8s predicted_per_s=59.58 draft=351/293
[2026-09-30T17:51:54] (129/1464) id=43 zh finish=stop completion=215 wall=5.1s predicted_per_s=50.65 draft=216/143
[2026-09-30T17:52:14] (130/1464) id=44 en finish=stop completion=1041 wall=20.3s predicted_per_s=53.64 draft=984/715
~/anaconda3/lib/python3.14/multiprocessing/resource_tracker.py:475: UserWarning: resource_tracker: There appear to be 1 leaked semaphore objects to clean up at shutdown: {'/mp-mqcdw4b_'}
  warnings.warn(
Using the latest cached version of the dataset since facebook/belebele couldn't be found on the Hugging Face Hub (offline mode is enabled).
Found the latest cached dataset configuration 'eng_Latn' at ~/es-eval/.hf_cache/datasets/facebook___belebele/eng_Latn/0.0.0/7899cdfa4e1e0d733fd77c848e2c273cb1d32be2 (last modified on Wed Sep 30 15:29:27 2026).
Using the latest cached version of the dataset since facebook/belebele couldn't be found on the Hugging Face Hub (offline mode is enabled).
Found the latest cached dataset configuration 'spa_Latn' at ~/es-eval/.hf_cache/datasets/facebook___belebele/spa_Latn/0.0.0/7899cdfa4e1e0d733fd77c848e2c273cb1d32be2 (last modified on Wed Sep 30 15:29:28 2026).
Using the latest cached version of the dataset since facebook/belebele couldn't be found on the Hugging Face Hub (offline mode is enabled).
Found the latest cached dataset configuration 'zho_Hans' at ~/es-eval/.hf_cache/datasets/facebook___belebele/zho_Hans/0.0.0/7899cdfa4e1e0d733fd77c848e2c273cb1d32be2 (last modified on Wed Sep 30 15:29:30 2026).
[2026-10-01T13:49:52] ids 1..488, langs ['en', 'es', 'zh']; done=130 pending=1334 total=1464
[2026-10-01T13:50:16] (1/1334) id=44 es finish=stop completion=1204 wall=24.6s predicted_per_s=50.25 draft=1233/794
[2026-10-01T13:50:30] (2/1334) id=44 zh finish=stop completion=614 wall=13.4s predicted_per_s=47.88 draft=654/398
[2026-10-01T13:50:33] (3/1334) id=45 en finish=stop completion=179 wall=3.6s predicted_per_s=58.29 draft=156/126
[2026-10-01T13:50:36] (4/1334) id=45 es finish=stop completion=131 wall=2.7s predicted_per_s=59.77 draft=111/93
[2026-10-01T13:50:40] (5/1334) id=45 zh finish=stop completion=185 wall=3.6s predicted_per_s=60.37 draft=156/135
[2026-10-01T13:50:45] (6/1334) id=46 en finish=stop completion=289 wall=5.6s predicted_per_s=56.53 draft=261/201
[2026-10-01T13:51:00] (7/1334) id=46 es finish=stop completion=803 wall=14.8s predicted_per_s=56.35 draft=726/563
[2026-10-01T13:51:02] (8/1334) id=46 zh finish=stop completion=85 wall=2.0s predicted_per_s=55.23 draft=78/59
[2026-10-01T13:51:09] (9/1334) id=47 en finish=stop completion=368 wall=6.6s predicted_per_s=60.56 draft=309/266
[2026-10-01T13:51:48] (10/1334) id=47 es finish=stop completion=2101 wall=39.3s predicted_per_s=54.24 draft=1959/1447
[2026-10-01T13:52:01] (11/1334) id=47 zh finish=stop completion=672 wall=12.6s predicted_per_s=55.88 draft=609/470
[2026-10-01T13:52:06] (12/1334) id=48 en finish=stop completion=292 wall=5.3s predicted_per_s=61.02 draft=243/213
[2026-10-01T13:52:15] (13/1334) id=48 es finish=stop completion=451 wall=8.5s predicted_per_s=56.21 draft=408/314
[2026-10-01T13:52:20] (14/1334) id=48 zh finish=stop completion=263 wall=5.2s predicted_per_s=55.69 draft=240/185
[2026-10-01T13:52:28] (15/1334) id=49 en finish=stop completion=408 wall=8.0s predicted_per_s=55.74 draft=372/284
[2026-10-01T13:52:39] (16/1334) id=49 es finish=stop completion=480 wall=11.0s predicted_per_s=47.33 draft=516/310
[2026-10-01T13:52:51] (17/1334) id=49 zh finish=stop completion=529 wall=12.2s predicted_per_s=46.04 draft=585/335
[2026-10-01T13:53:03] (18/1334) id=50 en finish=stop completion=607 wall=12.2s predicted_per_s=52.21 draft=591/411
[2026-10-01T13:53:31] (19/1334) id=50 es finish=stop completion=1447 wall=28.1s predicted_per_s=52.95 draft=1383/988
[2026-10-01T13:53:46] (20/1334) id=50 zh finish=stop completion=770 wall=14.5s predicted_per_s=55.73 draft=702/537
[2026-10-01T13:53:50] (21/1334) id=51 en finish=stop completion=175 wall=3.8s predicted_per_s=53.80 draft=165/122
[2026-10-01T13:53:52] (22/1334) id=51 es finish=stop completion=117 wall=2.4s predicted_per_s=63.49 draft=93/85
[2026-10-01T13:53:54] (23/1334) id=51 zh finish=stop completion=94 wall=2.3s predicted_per_s=51.11 draft=93/64
[2026-10-01T13:54:03] (24/1334) id=52 en finish=stop completion=498 wall=9.0s predicted_per_s=60.60 draft=417/360
[2026-10-01T13:54:14] (25/1334) id=52 es finish=stop completion=586 wall=10.7s predicted_per_s=59.97 draft=495/422
[2026-10-01T13:54:22] (26/1334) id=52 zh finish=stop completion=420 wall=8.0s predicted_per_s=57.47 draft=369/296
[2026-10-01T13:54:28] (27/1334) id=53 en finish=stop completion=297 wall=5.9s predicted_per_s=55.51 draft=270/209
[2026-10-01T13:54:35] (28/1334) id=53 es finish=stop completion=342 wall=7.0s predicted_per_s=54.67 draft=312/237
[2026-10-01T13:54:45] (29/1334) id=53 zh finish=stop completion=588 wall=10.5s predicted_per_s=59.61 draft=495/422
[2026-10-01T13:54:48] (30/1334) id=54 en finish=stop completion=122 wall=2.5s predicted_per_s=61.72 draft=99/90
[2026-10-01T13:54:51] (31/1334) id=54 es finish=stop completion=170 wall=3.4s predicted_per_s=60.35 draft=141/123
[2026-10-01T13:55:00] (32/1334) id=54 zh finish=stop completion=432 wall=8.6s predicted_per_s=53.65 draft=408/298
[2026-10-01T13:55:02] (33/1334) id=55 en finish=stop completion=110 wall=2.3s predicted_per_s=61.33 draft=90/80
[2026-10-01T13:55:26] (34/1334) id=55 es finish=stop completion=1148 wall=23.2s predicted_per_s=50.59 draft=1149/764
[2026-10-01T13:55:31] (35/1334) id=55 zh finish=stop completion=238 wall=5.0s predicted_per_s=52.87 draft=228/164
[2026-10-01T13:55:38] (36/1334) id=56 en finish=stop completion=392 wall=7.4s predicted_per_s=57.99 draft=342/277
[2026-10-01T13:55:52] (37/1334) id=56 es finish=stop completion=672 wall=13.9s predicted_per_s=51.39 draft=663/450
[2026-10-01T13:56:01] (38/1334) id=56 zh finish=stop completion=468 wall=9.6s predicted_per_s=53.06 draft=447/319
[2026-10-01T13:56:06] (39/1334) id=57 en finish=stop completion=217 wall=4.2s predicted_per_s=60.91 draft=180/159
[2026-10-01T13:56:10] (40/1334) id=57 es finish=stop completion=230 wall=4.7s predicted_per_s=57.90 draft=201/163
[2026-10-01T13:56:14] (41/1334) id=57 zh finish=stop completion=193 wall=4.1s predicted_per_s=57.00 draft=171/136
[2026-10-01T13:56:19] (42/1334) id=58 en finish=stop completion=226 wall=4.6s predicted_per_s=56.04 draft=204/158
[2026-10-01T13:56:30] (43/1334) id=58 es finish=stop completion=537 wall=10.9s predicted_per_s=51.85 draft=525/361
[2026-10-01T13:56:39] (44/1334) id=58 zh finish=stop completion=439 wall=9.4s predicted_per_s=49.81 draft=447/291
[2026-10-01T13:56:49] (45/1334) id=59 en finish=stop completion=490 wall=9.6s predicted_per_s=55.78 draft=441/343
[2026-10-01T13:57:05] (46/1334) id=59 es finish=stop completion=817 wall=16.3s predicted_per_s=53.04 draft=777/560
[2026-10-01T13:57:15] (47/1334) id=59 zh finish=stop completion=403 wall=9.4s predicted_per_s=46.29 draft=441/257
[2026-10-01T13:57:24] (48/1334) id=60 en finish=stop completion=506 wall=9.2s predicted_per_s=59.22 draft=432/364
[2026-10-01T13:57:39] (49/1334) id=60 es finish=stop completion=786 wall=15.3s predicted_per_s=53.47 draft=744/540
[2026-10-01T13:57:48] (50/1334) id=60 zh finish=stop completion=484 wall=9.1s predicted_per_s=56.64 draft=432/342
[2026-10-01T13:57:52] (51/1334) id=61 en finish=stop completion=171 wall=3.5s predicted_per_s=58.62 draft=147/121
[2026-10-01T13:57:56] (52/1334) id=61 es finish=stop completion=201 wall=4.3s predicted_per_s=54.56 draft=186/138
[2026-10-01T13:58:00] (53/1334) id=61 zh finish=stop completion=163 wall=3.7s predicted_per_s=52.70 draft=156/110
[2026-10-01T13:58:04] (54/1334) id=62 en finish=stop completion=204 wall=4.1s predicted_per_s=62.39 draft=165/148
[2026-10-01T13:58:12] (55/1334) id=62 es finish=stop completion=405 wall=7.8s predicted_per_s=58.76 draft=348/290
[2026-10-01T13:58:18] (56/1334) id=62 zh finish=stop completion=305 wall=6.4s predicted_per_s=53.63 draft=288/210
[2026-10-01T13:58:26] (57/1334) id=63 en finish=stop completion=408 wall=8.0s predicted_per_s=55.64 draft=372/284
[2026-10-01T13:58:37] (58/1334) id=63 es finish=stop completion=553 wall=10.8s predicted_per_s=55.35 draft=507/386
[2026-10-01T13:58:44] (59/1334) id=63 zh finish=stop completion=344 wall=7.7s predicted_per_s=49.22 draft=354/226
[2026-10-01T13:58:55] (60/1334) id=64 en finish=stop completion=568 wall=11.0s predicted_per_s=55.33 draft=519/395
[2026-10-01T13:59:09] (61/1334) id=64 es finish=stop completion=676 wall=13.3s predicted_per_s=54.74 draft=624/469
[2026-10-01T13:59:28] (62/1334) id=64 zh finish=stop completion=925 wall=19.1s predicted_per_s=50.86 draft=921/617
[2026-10-01T13:59:35] (63/1334) id=65 en finish=stop completion=371 wall=7.4s predicted_per_s=57.41 draft=327/261
[2026-10-01T13:59:42] (64/1334) id=65 es finish=stop completion=330 wall=6.7s predicted_per_s=57.85 draft=288/236
[2026-10-01T13:59:49] (65/1334) id=65 zh finish=stop completion=317 wall=7.2s predicted_per_s=50.19 draft=318/210
[2026-10-01T13:59:56] (66/1334) id=66 en finish=stop completion=357 wall=7.3s predicted_per_s=56.61 draft=318/252
[2026-10-01T14:00:10] (67/1334) id=66 es finish=stop completion=668 wall=13.3s predicted_per_s=54.26 draft=621/463
[2026-10-01T14:00:18] (68/1334) id=66 zh finish=stop completion=369 wall=8.1s predicted_per_s=51.51 draft=363/249
[2026-10-01T14:00:27] (69/1334) id=67 en finish=stop completion=449 wall=9.0s predicted_per_s=55.20 draft=411/311
[2026-10-01T14:00:39] (70/1334) id=67 es finish=stop completion=653 wall=12.3s predicted_per_s=57.27 draft=576/462
[2026-10-01T14:01:05] (71/1334) id=67 zh finish=stop completion=1308 wall=26.2s predicted_per_s=51.62 draft=1284/882
[2026-10-01T14:01:22] (72/1334) id=68 en finish=stop completion=814 wall=16.6s predicted_per_s=51.82 draft=795/549
[2026-10-01T14:01:34] (73/1334) id=68 es finish=stop completion=614 wall=11.7s predicted_per_s=56.83 draft=546/431
[2026-10-01T14:01:59] (74/1334) id=68 zh finish=stop completion=1246 wall=25.2s predicted_per_s=51.03 draft=1236/835
[2026-10-01T14:02:08] (75/1334) id=69 en finish=stop completion=474 wall=8.8s predicted_per_s=60.53 draft=396/341
[2026-10-01T14:02:18] (76/1334) id=69 es finish=stop completion=547 wall=10.7s predicted_per_s=56.22 draft=492/382
[2026-10-01T14:02:25] (77/1334) id=69 zh finish=stop completion=343 wall=6.8s predicted_per_s=57.85 draft=300/242
[2026-10-01T14:02:34] (78/1334) id=70 en finish=stop completion=435 wall=8.7s predicted_per_s=56.03 draft=393/306
[2026-10-01T14:02:40] (79/1334) id=70 es finish=stop completion=298 wall=6.1s predicted_per_s=58.42 draft=258/211
[2026-10-01T14:02:48] (80/1334) id=70 zh finish=stop completion=379 wall=8.1s predicted_per_s=52.50 draft=366/257
[2026-10-01T14:02:57] (81/1334) id=71 en finish=stop completion=494 wall=9.1s predicted_per_s=60.78 draft=411/359
[2026-10-01T14:03:08] (82/1334) id=71 es finish=stop completion=567 wall=10.8s predicted_per_s=57.93 draft=495/404
[2026-10-01T14:03:18] (83/1334) id=71 zh finish=stop completion=489 wall=9.9s predicted_per_s=54.37 draft=456/337
[2026-10-01T14:03:26] (84/1334) id=72 en finish=stop completion=445 wall=8.5s predicted_per_s=58.58 draft=384/318
[2026-10-01T14:03:35] (85/1334) id=72 es finish=stop completion=409 wall=8.2s predicted_per_s=57.40 draft=360/288
[2026-10-01T14:03:46] (86/1334) id=72 zh finish=stop completion=541 wall=11.2s predicted_per_s=52.47 draft=522/366
[2026-10-01T14:03:53] (87/1334) id=73 en finish=stop completion=375 wall=7.6s predicted_per_s=55.62 draft=339/264
[2026-10-01T14:04:04] (88/1334) id=73 es finish=stop completion=501 wall=10.2s predicted_per_s=54.22 draft=465/345
[2026-10-01T14:04:13] (89/1334) id=73 zh finish=stop completion=453 wall=9.5s predicted_per_s=52.71 draft=435/308
[2026-10-01T14:04:22] (90/1334) id=74 en finish=stop completion=444 wall=8.7s predicted_per_s=57.14 draft=393/315
[2026-10-01T14:04:34] (91/1334) id=74 es finish=stop completion=632 wall=12.6s predicted_per_s=54.43 draft=588/437
[2026-10-01T14:04:42] (92/1334) id=74 zh finish=stop completion=387 wall=7.5s predicted_per_s=58.71 draft=333/277
[2026-10-01T14:04:49] (93/1334) id=75 en finish=stop completion=324 wall=6.7s predicted_per_s=55.19 draft=297/226
[2026-10-01T14:04:59] (94/1334) id=75 es finish=stop completion=495 wall=10.0s predicted_per_s=54.55 draft=459/341
[2026-10-01T14:05:02] (95/1334) id=75 zh finish=stop completion=174 wall=3.8s predicted_per_s=58.55 draft=150/124
[2026-10-01T14:05:07] (96/1334) id=76 en finish=stop completion=237 wall=4.6s predicted_per_s=63.30 draft=189/173
[2026-10-01T14:05:11] (97/1334) id=76 es finish=stop completion=182 wall=4.0s predicted_per_s=57.77 draft=159/128
[2026-10-01T14:05:15] (98/1334) id=76 zh finish=stop completion=156 wall=3.5s predicted_per_s=58.39 draft=135/112
[2026-10-01T14:05:20] (99/1334) id=77 en finish=stop completion=264 wall=5.3s predicted_per_s=60.18 draft=222/191
[2026-10-01T14:05:29] (100/1334) id=77 es finish=stop completion=477 wall=9.4s predicted_per_s=56.19 draft=429/336
[2026-10-01T14:05:33] (101/1334) id=77 zh finish=stop completion=147 wall=3.4s predicted_per_s=58.58 draft=126/104
[2026-10-01T14:05:41] (102/1334) id=78 en finish=stop completion=446 wall=8.7s predicted_per_s=57.79 draft=390/317
[2026-10-01T14:05:53] (103/1334) id=78 es finish=stop completion=581 wall=11.3s predicted_per_s=56.58 draft=519/410
[2026-10-01T14:06:03] (104/1334) id=78 zh finish=stop completion=556 wall=10.6s predicted_per_s=57.17 draft=492/392
[2026-10-01T14:06:07] (105/1334) id=79 en finish=stop completion=189 wall=4.0s predicted_per_s=60.88 draft=156/136
[2026-10-01T14:06:15] (106/1334) id=79 es finish=stop completion=340 wall=7.4s predicted_per_s=52.89 draft=324/234
[2026-10-01T14:06:18] (107/1334) id=79 zh finish=stop completion=139 wall=3.4s predicted_per_s=54.29 draft=129/95
[2026-10-01T14:06:26] (108/1334) id=80 en finish=stop completion=418 wall=7.8s predicted_per_s=61.55 draft=342/305
[2026-10-01T14:06:37] (109/1334) id=80 es finish=stop completion=570 wall=11.1s predicted_per_s=56.91 draft=504/404
[2026-10-01T14:06:46] (110/1334) id=80 zh finish=stop completion=466 wall=9.3s predicted_per_s=56.36 draft=417/328
[2026-10-01T14:06:52] (111/1334) id=81 en finish=stop completion=259 wall=5.6s predicted_per_s=57.22 draft=228/185
[2026-10-01T14:06:58] (112/1334) id=81 es finish=stop completion=309 wall=6.5s predicted_per_s=57.03 draft=273/218
[2026-10-01T14:07:04] (113/1334) id=81 zh finish=stop completion=239 wall=5.5s predicted_per_s=52.89 draft=228/162
[2026-10-01T14:07:17] (114/1334) id=82 en finish=stop completion=679 wall=13.4s predicted_per_s=54.56 draft=624/472
[2026-10-01T14:07:31] (115/1334) id=82 es finish=stop completion=658 wall=14.0s predicted_per_s=50.64 draft=651/440
[2026-10-01T14:07:40] (116/1334) id=82 zh finish=stop completion=405 wall=8.8s predicted_per_s=51.30 draft=396/274
[2026-10-01T14:07:47] (117/1334) id=83 en finish=stop completion=348 wall=7.3s predicted_per_s=54.63 draft=321/242
[2026-10-01T14:07:54] (118/1334) id=83 es finish=stop completion=339 wall=7.3s predicted_per_s=53.72 draft=318/232
[2026-10-01T14:08:00] (119/1334) id=83 zh finish=stop completion=250 wall=5.5s predicted_per_s=53.82 draft=234/171
[2026-10-01T14:08:06] (120/1334) id=84 en finish=stop completion=309 wall=6.5s predicted_per_s=55.30 draft=282/216
[2026-10-01T14:08:14] (121/1334) id=84 es finish=stop completion=357 wall=7.4s predicted_per_s=55.49 draft=324/251
[2026-10-01T14:08:20] (122/1334) id=84 zh finish=stop completion=262 wall=5.9s predicted_per_s=52.45 draft=252/178
[2026-10-01T14:08:28] (123/1334) id=85 en finish=stop completion=395 wall=8.3s predicted_per_s=53.13 draft=375/270
[2026-10-01T14:08:37] (124/1334) id=85 es finish=stop completion=400 wall=8.6s predicted_per_s=52.09 draft=387/270
[2026-10-01T14:09:01] (125/1334) id=85 zh finish=stop completion=1145 wall=24.1s predicted_per_s=49.42 draft=1167/758
[2026-10-01T14:09:10] (126/1334) id=86 en finish=stop completion=466 wall=9.0s predicted_per_s=57.54 draft=408/332
[2026-10-01T14:09:19] (127/1334) id=86 es finish=stop completion=450 wall=9.1s predicted_per_s=55.16 draft=411/315
[2026-10-01T14:09:25] (128/1334) id=86 zh finish=stop completion=337 wall=6.6s predicted_per_s=58.44 draft=291/242
[2026-10-01T14:09:49] (129/1334) id=87 en finish=stop completion=1199 wall=23.8s predicted_per_s=52.40 draft=1155/814
[2026-10-01T14:10:12] (130/1334) id=87 es finish=stop completion=1126 wall=22.8s predicted_per_s=51.71 draft=1098/760
[2026-10-01T14:10:31] (131/1334) id=87 zh finish=stop completion=889 wall=18.7s predicted_per_s=50.05 draft=897/591
[2026-10-01T14:10:34] (132/1334) id=88 en finish=stop completion=158 wall=3.6s predicted_per_s=60.11 draft=132/115
[2026-10-01T14:10:40] (133/1334) id=88 es finish=stop completion=264 wall=5.6s predicted_per_s=57.64 draft=231/188
[2026-10-01T14:10:45] (134/1334) id=88 zh finish=stop completion=226 wall=4.9s predicted_per_s=57.50 draft=198/159
[2026-10-01T14:10:49] (135/1334) id=89 en finish=stop completion=189 wall=3.9s predicted_per_s=62.14 draft=153/138
[2026-10-01T14:10:59] (136/1334) id=89 es finish=stop completion=525 wall=9.9s predicted_per_s=58.76 draft=450/374
[2026-10-01T14:11:03] (137/1334) id=89 zh finish=stop completion=220 wall=4.9s predicted_per_s=55.85 draft=198/155
[2026-10-01T14:11:10] (138/1334) id=90 en finish=stop completion=295 wall=6.1s predicted_per_s=57.40 draft=258/209
[2026-10-01T14:11:19] (139/1334) id=90 es finish=stop completion=479 wall=9.9s predicted_per_s=54.37 draft=444/332
[2026-10-01T14:11:26] (140/1334) id=90 zh finish=stop completion=274 wall=6.1s predicted_per_s=52.27 draft=264/188
[2026-10-01T14:11:29] (141/1334) id=91 en finish=stop completion=172 wall=3.7s predicted_per_s=62.49 draft=138/126
[2026-10-01T14:11:33] (142/1334) id=91 es finish=stop completion=184 wall=3.9s predicted_per_s=62.64 draft=147/136
[2026-10-01T14:11:38] (143/1334) id=91 zh finish=stop completion=199 wall=4.6s predicted_per_s=53.13 draft=189/136
[2026-10-01T14:11:46] (144/1334) id=92 en finish=stop completion=391 wall=7.9s predicted_per_s=56.20 draft=351/274
[2026-10-01T14:11:56] (145/1334) id=92 es finish=stop completion=483 wall=10.3s predicted_per_s=51.75 draft=471/325
[2026-10-01T14:12:05] (146/1334) id=92 zh finish=stop completion=452 wall=9.4s predicted_per_s=52.83 draft=432/307
[2026-10-01T14:12:11] (147/1334) id=93 en finish=stop completion=262 wall=5.3s predicted_per_s=60.19 draft=219/188
[2026-10-01T14:12:17] (148/1334) id=93 es finish=stop completion=283 wall=6.3s predicted_per_s=53.48 draft=267/193
[2026-10-01T14:12:23] (149/1334) id=93 zh finish=stop completion=264 wall=5.7s predicted_per_s=55.41 draft=240/184
[2026-10-01T14:12:25] (150/1334) id=94 en finish=stop completion=67 wall=2.0s predicted_per_s=58.70 draft=57/50
[2026-10-01T14:12:28] (151/1334) id=94 es finish=stop completion=120 wall=3.1s predicted_per_s=54.32 draft=111/82
[2026-10-01T14:12:30] (152/1334) id=94 zh finish=stop completion=91 wall=2.7s predicted_per_s=50.71 draft=90/61
[2026-10-01T14:12:33] (153/1334) id=95 en finish=stop completion=94 wall=2.4s predicted_per_s=60.27 draft=78/69
[2026-10-01T14:12:36] (154/1334) id=95 es finish=stop completion=136 wall=3.0s predicted_per_s=63.27 draft=108/99
[2026-10-01T14:12:39] (155/1334) id=95 zh finish=stop completion=112 wall=2.9s predicted_per_s=55.22 draft=102/79
[2026-10-01T14:12:43] (156/1334) id=96 en finish=stop completion=242 wall=4.7s predicted_per_s=62.42 draft=195/179
[2026-10-01T14:12:48] (157/1334) id=96 es finish=stop completion=223 wall=4.6s predicted_per_s=61.08 draft=183/161
[2026-10-01T14:12:53] (158/1334) id=96 zh finish=stop completion=227 wall=4.8s predicted_per_s=58.44 draft=195/164
[2026-10-01T14:12:57] (159/1334) id=97 en finish=stop completion=179 wall=3.8s predicted_per_s=62.50 draft=144/133
[2026-10-01T14:13:05] (160/1334) id=97 es finish=stop completion=395 wall=8.4s predicted_per_s=53.26 draft=375/270
[2026-10-01T14:13:20] (161/1334) id=97 zh finish=stop completion=713 wall=15.0s predicted_per_s=50.53 draft=714/476
[2026-10-01T14:13:30] (162/1334) id=98 en finish=stop completion=482 wall=9.7s predicted_per_s=55.05 draft=441/337
[2026-10-01T14:13:38] (163/1334) id=98 es finish=stop completion=377 wall=8.3s predicted_per_s=51.94 draft=366/256
[2026-10-01T14:13:45] (164/1334) id=98 zh finish=stop completion=300 wall=6.7s predicted_per_s=52.03 draft=291/202
[2026-10-01T14:13:56] (165/1334) id=99 en finish=stop completion=583 wall=11.1s predicted_per_s=57.28 draft=513/411
[2026-10-01T14:14:28] (166/1334) id=99 es finish=stop completion=1567 wall=32.1s predicted_per_s=50.39 draft=1560/1047
[2026-10-01T14:14:37] (167/1334) id=99 zh finish=stop completion=471 wall=9.3s predicted_per_s=56.99 draft=414/332
[2026-10-01T14:14:44] (168/1334) id=100 en finish=stop completion=372 wall=7.2s predicted_per_s=58.84 draft=318/266
[2026-10-01T14:14:52] (169/1334) id=100 es finish=stop completion=412 wall=8.0s predicted_per_s=57.87 draft=357/292
[2026-10-01T14:15:00] (170/1334) id=100 zh finish=stop completion=395 wall=7.4s predicted_per_s=60.73 draft=327/287
[2026-10-01T14:15:26] (171/1334) id=101 en finish=stop completion=1338 wall=25.9s predicted_per_s=54.02 draft=1239/927
[2026-10-01T14:15:41] (172/1334) id=101 es finish=stop completion=753 wall=15.2s predicted_per_s=53.90 draft=699/519
[2026-10-01T14:15:53] (173/1334) id=101 zh finish=stop completion=519 wall=11.7s predicted_per_s=48.59 draft=537/341
[2026-10-01T14:15:58] (174/1334) id=102 en finish=stop completion=262 wall=5.6s predicted_per_s=56.62 draft=231/187
[2026-10-01T14:16:06] (175/1334) id=102 es finish=stop completion=364 wall=7.6s predicted_per_s=54.76 draft=333/252
[2026-10-01T14:16:09] (176/1334) id=102 zh finish=stop completion=91 wall=2.7s predicted_per_s=50.06 draft=90/61
[2026-10-01T14:16:21] (177/1334) id=103 en finish=stop completion=657 wall=12.0s predicted_per_s=59.27 draft=555/473
[2026-10-01T14:16:36] (178/1334) id=103 es finish=stop completion=799 wall=15.8s predicted_per_s=54.05 draft=741/553
[2026-10-01T14:17:03] (179/1334) id=103 zh finish=stop completion=1389 wall=27.1s predicted_per_s=53.12 draft=1314/951
[2026-10-01T14:17:06] (180/1334) id=104 en finish=stop completion=107 wall=2.7s predicted_per_s=59.45 draft=90/78
[2026-10-01T14:17:12] (181/1334) id=104 es finish=stop completion=298 wall=6.1s predicted_per_s=57.01 draft=264/209
[2026-10-01T14:17:17] (182/1334) id=104 zh finish=stop completion=212 wall=4.6s predicted_per_s=56.33 draft=189/151
[2026-10-01T14:17:28] (183/1334) id=105 en finish=stop completion=594 wall=11.3s predicted_per_s=57.21 draft=522/420
[2026-10-01T14:17:47] (184/1334) id=105 es finish=stop completion=945 wall=18.5s predicted_per_s=53.99 draft=882/651
[2026-10-01T14:17:54] (185/1334) id=105 zh finish=stop completion=342 wall=7.4s predicted_per_s=52.78 draft=327/233
[2026-10-01T14:18:04] (186/1334) id=106 en finish=stop completion=448 wall=9.5s predicted_per_s=52.19 draft=432/306
[2026-10-01T14:18:20] (187/1334) id=106 es finish=stop completion=771 wall=16.0s predicted_per_s=51.21 draft=756/519
[2026-10-01T14:18:30] (188/1334) id=106 zh finish=stop completion=493 wall=10.6s predicted_per_s=50.64 draft=489/332
[2026-10-01T14:18:36] (189/1334) id=107 en finish=stop completion=287 wall=5.8s predicted_per_s=58.41 draft=246/205
[2026-10-01T14:18:44] (190/1334) id=107 es finish=stop completion=384 wall=8.2s predicted_per_s=52.99 draft=363/264
[2026-10-01T14:18:53] (191/1334) id=107 zh finish=stop completion=406 wall=8.5s predicted_per_s=53.40 draft=381/280
[2026-10-01T14:18:58] (192/1334) id=108 en finish=stop completion=203 wall=5.0s predicted_per_s=49.05 draft=207/133
[2026-10-01T14:19:01] (193/1334) id=108 es finish=stop completion=138 wall=3.3s predicted_per_s=56.14 draft=123/96
[2026-10-01T14:19:06] (194/1334) id=108 zh finish=stop completion=227 wall=5.4s predicted_per_s=50.77 draft=222/153
[2026-10-01T14:19:09] (195/1334) id=109 en finish=stop completion=93 wall=2.4s predicted_per_s=59.00 draft=78/69
[2026-10-01T14:19:12] (196/1334) id=109 es finish=stop completion=146 wall=3.3s predicted_per_s=60.77 draft=120/105
[2026-10-01T14:19:15] (197/1334) id=109 zh finish=stop completion=71 wall=2.3s predicted_per_s=47.24 draft=75/48
[2026-10-01T14:19:26] (198/1334) id=110 en finish=stop completion=526 wall=11.5s predicted_per_s=50.40 draft=522/351
[2026-10-01T14:19:43] (199/1334) id=110 es finish=stop completion=761 wall=16.7s predicted_per_s=48.95 draft=780/501
[2026-10-01T14:19:57] (200/1334) id=110 zh finish=stop completion=687 wall=14.3s predicted_per_s=51.76 draft=663/468
[2026-10-01T14:20:00] (201/1334) id=111 en finish=stop completion=118 wall=2.9s predicted_per_s=59.09 draft=99/84
[2026-10-01T14:20:04] (202/1334) id=111 es finish=stop completion=171 wall=4.1s predicted_per_s=53.60 draft=159/119
[2026-10-01T14:20:07] (203/1334) id=111 zh finish=stop completion=144 wall=3.4s predicted_per_s=55.68 draft=129/103
[2026-10-01T14:20:11] (204/1334) id=112 en finish=stop completion=129 wall=3.1s predicted_per_s=59.09 draft=108/94
[2026-10-01T14:20:17] (205/1334) id=112 es finish=stop completion=296 wall=6.3s predicted_per_s=55.38 draft=267/208
[2026-10-01T14:20:22] (206/1334) id=112 zh finish=stop completion=227 wall=5.0s predicted_per_s=55.59 draft=204/161
[2026-10-01T14:20:28] (207/1334) id=113 en finish=stop completion=278 wall=6.2s predicted_per_s=52.64 draft=264/189
[2026-10-01T14:20:35] (208/1334) id=113 es finish=stop completion=332 wall=6.8s predicted_per_s=56.97 draft=291/234
[2026-10-01T14:20:40] (209/1334) id=113 zh finish=stop completion=195 wall=4.9s predicted_per_s=48.54 draft=201/130
[2026-10-01T14:20:43] (210/1334) id=114 en finish=stop completion=162 wall=3.6s predicted_per_s=61.42 draft=132/118
[2026-10-01T14:20:50] (211/1334) id=114 es finish=stop completion=338 wall=7.0s predicted_per_s=57.51 draft=294/240
[2026-10-01T14:20:57] (212/1334) id=114 zh finish=stop completion=343 wall=7.1s predicted_per_s=55.91 draft=309/240
[2026-10-01T14:21:04] (213/1334) id=115 en finish=stop completion=302 wall=6.0s predicted_per_s=58.95 draft=258/215
[2026-10-01T14:21:11] (214/1334) id=115 es finish=stop completion=345 wall=7.0s predicted_per_s=56.35 draft=309/241
[2026-10-01T14:21:18] (215/1334) id=115 zh finish=stop completion=381 wall=7.8s predicted_per_s=55.26 draft=348/265
[2026-10-01T14:21:21] (216/1334) id=116 en finish=stop completion=98 wall=2.5s predicted_per_s=62.41 draft=78/72
[2026-10-01T14:21:25] (217/1334) id=116 es finish=stop completion=176 wall=4.0s predicted_per_s=58.39 draft=150/125
[2026-10-01T14:21:28] (218/1334) id=116 zh finish=stop completion=111 wall=2.8s predicted_per_s=57.71 draft=96/80
[2026-10-01T14:21:32] (219/1334) id=117 en finish=stop completion=204 wall=4.2s predicted_per_s=64.07 draft=159/151
[2026-10-01T14:21:36] (220/1334) id=117 es finish=stop completion=158 wall=3.9s predicted_per_s=55.98 draft=141/113
[2026-10-01T14:21:41] (221/1334) id=117 zh finish=stop completion=261 wall=5.3s predicted_per_s=61.35 draft=213/191
[2026-10-01T14:21:43] (222/1334) id=118 en finish=stop completion=83 wall=2.2s predicted_per_s=65.61 draft=63/61
[2026-10-01T14:21:46] (223/1334) id=118 es finish=stop completion=93 wall=2.6s predicted_per_s=57.15 draft=81/65
[2026-10-01T14:21:48] (224/1334) id=118 zh finish=stop completion=70 wall=2.3s predicted_per_s=50.43 draft=69/48
[2026-10-01T14:21:51] (225/1334) id=119 en finish=stop completion=103 wall=2.6s predicted_per_s=61.28 draft=84/74
[2026-10-01T14:21:56] (226/1334) id=119 es finish=stop completion=251 wall=5.1s predicted_per_s=59.78 draft=210/180
[2026-10-01T14:22:01] (227/1334) id=119 zh finish=stop completion=225 wall=4.9s predicted_per_s=55.35 draft=204/156
[2026-10-01T14:22:07] (228/1334) id=120 en finish=stop completion=313 wall=6.3s predicted_per_s=58.31 draft=267/223
[2026-10-01T14:22:15] (229/1334) id=120 es finish=stop completion=389 wall=8.3s predicted_per_s=52.79 draft=369/266
[2026-10-01T14:22:20] (230/1334) id=120 zh finish=stop completion=213 wall=4.9s predicted_per_s=53.80 draft=198/148
[2026-10-01T14:22:26] (231/1334) id=121 en finish=stop completion=271 wall=5.4s predicted_per_s=60.26 draft=225/198
[2026-10-01T14:22:34] (232/1334) id=121 es finish=stop completion=393 wall=8.2s predicted_per_s=54.12 draft=363/271
[2026-10-01T14:22:39] (233/1334) id=121 zh finish=stop completion=268 wall=5.6s predicted_per_s=58.03 draft=231/192
[2026-10-01T14:22:45] (234/1334) id=122 en finish=stop completion=235 wall=5.2s predicted_per_s=55.18 draft=213/166
[2026-10-01T14:22:52] (235/1334) id=122 es finish=stop completion=391 wall=7.8s predicted_per_s=57.77 draft=339/280
[2026-10-01T14:23:03] (236/1334) id=122 zh finish=stop completion=506 wall=10.1s predicted_per_s=55.31 draft=453/355
[2026-10-01T14:23:07] (237/1334) id=123 en finish=stop completion=238 wall=4.9s predicted_per_s=61.32 draft=192/174
[2026-10-01T14:23:11] (238/1334) id=123 es finish=stop completion=160 wall=3.9s predicted_per_s=56.35 draft=141/112
[2026-10-01T14:23:16] (239/1334) id=123 zh finish=stop completion=189 wall=4.3s predicted_per_s=55.24 draft=171/133
[2026-10-01T14:23:19] (240/1334) id=124 en finish=stop completion=166 wall=3.8s predicted_per_s=58.36 draft=141/121
[2026-10-01T14:23:24] (241/1334) id=124 es finish=stop completion=197 wall=4.6s predicted_per_s=54.53 draft=180/136
[2026-10-01T14:23:28] (242/1334) id=124 zh finish=stop completion=182 wall=4.1s predicted_per_s=56.92 draft=159/128
[2026-10-01T14:23:31] (243/1334) id=125 en finish=stop completion=98 wall=2.6s predicted_per_s=60.08 draft=81/72
[2026-10-01T14:23:34] (244/1334) id=125 es finish=stop completion=141 wall=3.4s predicted_per_s=58.50 draft=120/101
[2026-10-01T14:23:37] (245/1334) id=125 zh finish=stop completion=88 wall=2.5s predicted_per_s=52.38 draft=84/62
[2026-10-01T14:23:42] (246/1334) id=126 en finish=stop completion=254 wall=5.5s predicted_per_s=55.06 draft=231/179
[2026-10-01T14:23:48] (247/1334) id=126 es finish=stop completion=249 wall=5.5s predicted_per_s=55.21 draft=225/175
[2026-10-01T14:23:54] (248/1334) id=126 zh finish=stop completion=273 wall=6.5s predicted_per_s=48.48 draft=282/179
[2026-10-01T14:24:01] (249/1334) id=127 en finish=stop completion=334 wall=6.8s predicted_per_s=57.18 draft=291/237
[2026-10-01T14:24:39] (250/1334) id=127 es finish=stop completion=1874 wall=37.6s predicted_per_s=51.15 draft=1839/1260
[2026-10-01T14:25:00] (251/1334) id=127 zh finish=stop completion=952 wall=21.1s predicted_per_s=47.09 draft=1017/613
[2026-10-01T14:25:05] (252/1334) id=128 en finish=stop completion=209 wall=4.9s predicted_per_s=53.01 draft=198/143
[2026-10-01T14:25:11] (253/1334) id=128 es finish=stop completion=325 wall=6.4s predicted_per_s=59.23 draft=276/232
[2026-10-01T14:25:14] (254/1334) id=128 zh finish=stop completion=136 wall=3.3s predicted_per_s=58.10 draft=117/96
[2026-10-01T14:25:23] (255/1334) id=129 en finish=stop completion=434 wall=8.7s predicted_per_s=55.94 draft=390/305
[2026-10-01T14:25:28] (256/1334) id=129 es finish=stop completion=243 wall=5.5s predicted_per_s=53.65 draft=228/167
[2026-10-01T14:25:35] (257/1334) id=129 zh finish=stop completion=320 wall=6.4s predicted_per_s=58.24 draft=276/227
[2026-10-01T14:25:40] (258/1334) id=130 en finish=stop completion=232 wall=4.8s predicted_per_s=58.95 draft=198/167
[2026-10-01T14:25:47] (259/1334) id=130 es finish=stop completion=366 wall=7.3s predicted_per_s=58.31 draft=315/260
[2026-10-01T14:25:51] (260/1334) id=130 zh finish=stop completion=190 wall=4.3s predicted_per_s=56.71 draft=168/134
[2026-10-01T14:26:20] (261/1334) id=131 en finish=stop completion=1477 wall=28.7s predicted_per_s=53.22 draft=1395/1011
[2026-10-01T14:26:49] (262/1334) id=131 es finish=stop completion=1453 wall=29.3s predicted_per_s=51.36 draft=1422/979
[2026-10-01T14:27:02] (263/1334) id=131 zh finish=stop completion=707 wall=13.2s predicted_per_s=57.89 draft=615/503
[2026-10-01T14:27:06] (264/1334) id=132 en finish=stop completion=173 wall=3.7s predicted_per_s=62.62 draft=138/128
[2026-10-01T14:27:12] (265/1334) id=132 es finish=stop completion=299 wall=6.2s predicted_per_s=57.36 draft=261/213
[2026-10-01T14:27:18] (266/1334) id=132 zh finish=stop completion=266 wall=5.6s predicted_per_s=56.46 draft=237/186
[2026-10-01T14:27:25] (267/1334) id=133 en finish=stop completion=337 wall=7.1s predicted_per_s=54.89 draft=309/236
[2026-10-01T14:27:36] (268/1334) id=133 es finish=stop completion=574 wall=11.0s predicted_per_s=56.99 draft=507/407
[2026-10-01T14:27:43] (269/1334) id=133 zh finish=stop completion=348 wall=7.2s predicted_per_s=55.42 draft=315/244
[2026-10-01T14:28:06] (270/1334) id=134 en finish=stop completion=1210 wall=23.3s predicted_per_s=54.23 draft=1122/836
[2026-10-01T14:28:31] (271/1334) id=134 es finish=stop completion=1239 wall=24.5s predicted_per_s=52.70 draft=1182/844
[2026-10-01T14:29:04] (272/1334) id=134 zh finish=stop completion=1617 wall=33.2s predicted_per_s=50.17 draft=1626/1076
[2026-10-01T14:29:13] (273/1334) id=135 en finish=stop completion=469 wall=9.3s predicted_per_s=56.00 draft=420/329
[2026-10-01T14:29:23] (274/1334) id=135 es finish=stop completion=462 wall=9.2s predicted_per_s=56.39 draft=414/324
[2026-10-01T14:29:27] (275/1334) id=135 zh finish=stop completion=175 wall=4.0s predicted_per_s=55.73 draft=159/122
[2026-10-01T14:29:29] (276/1334) id=136 en finish=stop completion=92 wall=2.3s predicted_per_s=59.13 draft=78/65
[2026-10-01T14:29:32] (277/1334) id=136 es finish=stop completion=111 wall=2.8s predicted_per_s=57.54 draft=96/78
[2026-10-01T14:29:34] (278/1334) id=136 zh finish=stop completion=101 wall=2.7s predicted_per_s=54.50 draft=93/69
[2026-10-01T14:29:37] (279/1334) id=137 en finish=stop completion=122 wall=2.9s predicted_per_s=61.99 draft=99/91
[2026-10-01T14:29:42] (280/1334) id=137 es finish=stop completion=182 wall=4.2s predicted_per_s=55.55 draft=165/126
[2026-10-01T14:29:45] (281/1334) id=137 zh finish=stop completion=158 wall=3.8s predicted_per_s=55.06 draft=144/112
[2026-10-01T14:29:47] (282/1334) id=138 en finish=stop completion=71 wall=2.1s predicted_per_s=61.73 draft=57/51
[2026-10-01T14:29:52] (283/1334) id=138 es finish=stop completion=202 wall=4.7s predicted_per_s=54.70 draft=183/141
[2026-10-01T14:29:54] (284/1334) id=138 zh finish=stop completion=75 wall=2.2s predicted_per_s=56.69 draft=66/52
[2026-10-01T14:29:58] (285/1334) id=139 en finish=stop completion=172 wall=3.9s predicted_per_s=57.38 draft=150/122
[2026-10-01T14:30:04] (286/1334) id=139 es finish=stop completion=271 wall=6.0s predicted_per_s=53.54 draft=255/188
[2026-10-01T14:30:10] (287/1334) id=139 zh finish=stop completion=286 wall=6.1s predicted_per_s=55.11 draft=261/201
[2026-10-01T14:30:16] (288/1334) id=140 en finish=stop completion=288 wall=5.8s predicted_per_s=58.29 draft=249/205
[2026-10-01T14:30:50] (289/1334) id=140 es finish=stop completion=1698 wall=34.3s predicted_per_s=50.85 draft=1680/1137
[2026-10-01T14:30:58] (290/1334) id=140 zh finish=stop completion=387 wall=7.7s predicted_per_s=56.52 draft=345/273
[2026-10-01T14:31:00] (291/1334) id=141 en finish=stop completion=84 wall=2.2s predicted_per_s=66.30 draft=63/63
[2026-10-01T14:31:05] (292/1334) id=141 es finish=stop completion=247 wall=4.9s predicted_per_s=61.76 draft=201/181
[2026-10-01T14:31:08] (293/1334) id=141 zh finish=stop completion=125 wall=3.1s predicted_per_s=56.60 draft=111/89
[2026-10-01T14:31:21] (294/1334) id=142 en finish=stop completion=705 wall=13.1s predicted_per_s=58.05 draft=612/501
[2026-10-01T14:31:42] (295/1334) id=142 es finish=stop completion=1119 wall=21.0s predicted_per_s=56.12 draft=1002/785
[2026-10-01T14:31:56] (296/1334) id=142 zh finish=stop completion=699 wall=13.7s predicted_per_s=54.63 draft=642/485
[2026-10-01T14:31:59] (297/1334) id=143 en finish=stop completion=104 wall=2.6s predicted_per_s=65.89 draft=78/78
[2026-10-01T14:32:02] (298/1334) id=143 es finish=stop completion=137 wall=3.4s predicted_per_s=59.77 draft=114/98
[2026-10-01T14:32:06] (299/1334) id=143 zh finish=stop completion=157 wall=3.7s predicted_per_s=57.95 draft=135/114
[2026-10-01T14:32:10] (300/1334) id=144 en finish=stop completion=197 wall=4.6s predicted_per_s=52.59 draft=186/134
[2026-10-01T14:32:16] (301/1334) id=144 es finish=stop completion=261 wall=5.7s predicted_per_s=54.45 draft=240/182
[2026-10-01T14:32:20] (302/1334) id=144 zh finish=stop completion=130 wall=3.5s predicted_per_s=49.17 draft=132/87
[2026-10-01T14:32:42] (303/1334) id=145 en finish=stop completion=1044 wall=22.1s predicted_per_s=49.15 draft=1068/690
[2026-10-01T14:32:56] (304/1334) id=145 es finish=stop completion=727 wall=14.5s predicted_per_s=53.74 draft=681/499
[2026-10-01T14:33:08] (305/1334) id=145 zh finish=stop completion=602 wall=11.8s predicted_per_s=54.87 draft=552/418
[2026-10-01T14:33:13] (306/1334) id=146 en finish=stop completion=242 wall=5.1s predicted_per_s=58.71 draft=207/175
[2026-10-01T14:33:18] (307/1334) id=146 es finish=stop completion=239 wall=5.0s predicted_per_s=58.79 draft=204/171
[2026-10-01T14:33:23] (308/1334) id=146 zh finish=stop completion=208 wall=4.5s predicted_per_s=57.94 draft=180/147
[2026-10-01T14:33:25] (309/1334) id=147 en finish=stop completion=107 wall=2.7s predicted_per_s=59.38 draft=90/77
[2026-10-01T14:33:29] (310/1334) id=147 es finish=stop completion=168 wall=4.0s predicted_per_s=55.06 draft=153/119
[2026-10-01T14:33:33] (311/1334) id=147 zh finish=stop completion=125 wall=3.1s predicted_per_s=56.31 draft=111/88
[2026-10-01T14:33:40] (312/1334) id=148 en finish=stop completion=377 wall=7.7s predicted_per_s=56.20 draft=336/267
[2026-10-01T14:33:51] (313/1334) id=148 es finish=stop completion=552 wall=11.2s predicted_per_s=54.53 draft=507/385
[2026-10-01T14:34:03] (314/1334) id=148 zh finish=stop completion=623 wall=12.1s predicted_per_s=55.88 draft=558/438
[2026-10-01T14:34:07] (315/1334) id=149 en finish=stop completion=148 wall=3.3s predicted_per_s=62.20 draft=120/107
[2026-10-01T14:34:12] (316/1334) id=149 es finish=stop completion=249 wall=5.5s predicted_per_s=55.08 draft=228/175
[2026-10-01T14:34:16] (317/1334) id=149 zh finish=stop completion=154 wall=3.5s predicted_per_s=58.62 draft=132/112
[2026-10-01T14:34:19] (318/1334) id=150 en finish=stop completion=106 wall=2.8s predicted_per_s=57.35 draft=93/77
[2026-10-01T14:34:23] (319/1334) id=150 es finish=stop completion=179 wall=4.0s predicted_per_s=59.04 draft=153/127
[2026-10-01T14:34:26] (320/1334) id=150 zh finish=stop completion=158 wall=3.8s predicted_per_s=53.29 draft=150/108
[2026-10-01T14:34:30] (321/1334) id=151 en finish=stop completion=184 wall=3.9s predicted_per_s=61.91 draft=150/133
[2026-10-01T14:34:35] (322/1334) id=151 es finish=stop completion=244 wall=5.1s predicted_per_s=59.56 draft=207/175
[2026-10-01T14:34:40] (323/1334) id=151 zh finish=stop completion=202 wall=4.5s predicted_per_s=55.58 draft=183/140
[2026-10-01T14:34:46] (324/1334) id=152 en finish=stop completion=336 wall=6.2s predicted_per_s=63.39 draft=267/246
[2026-10-01T14:34:53] (325/1334) id=152 es finish=stop completion=327 wall=6.4s predicted_per_s=59.89 draft=276/234
[2026-10-01T14:34:58] (326/1334) id=152 zh finish=stop completion=255 wall=5.2s predicted_per_s=58.77 draft=219/182
[2026-10-01T14:35:04] (327/1334) id=153 en finish=stop completion=332 wall=6.5s predicted_per_s=59.40 draft=282/240
[2026-10-01T14:35:12] (328/1334) id=153 es finish=stop completion=375 wall=7.5s predicted_per_s=57.78 draft=327/266
[2026-10-01T14:35:19] (329/1334) id=153 zh finish=stop completion=379 wall=7.3s predicted_per_s=59.06 draft=324/270
[2026-10-01T14:35:23] (330/1334) id=154 en finish=stop completion=196 wall=4.1s predicted_per_s=63.26 draft=156/143
[2026-10-01T14:35:31] (331/1334) id=154 es finish=stop completion=363 wall=7.3s predicted_per_s=57.55 draft=318/258
[2026-10-01T14:35:40] (332/1334) id=154 zh finish=stop completion=488 wall=9.6s predicted_per_s=57.19 draft=429/345
[2026-10-01T14:35:46] (333/1334) id=155 en finish=stop completion=274 wall=5.5s predicted_per_s=60.54 draft=228/199
[2026-10-01T14:35:51] (334/1334) id=155 es finish=stop completion=275 wall=5.5s predicted_per_s=60.58 draft=228/199
[2026-10-01T14:35:58] (335/1334) id=155 zh finish=stop completion=340 wall=6.8s predicted_per_s=59.14 draft=291/243
[2026-10-01T14:36:07] (336/1334) id=156 en finish=stop completion=486 wall=9.5s predicted_per_s=56.64 draft=435/343
[2026-10-01T14:36:20] (337/1334) id=156 es finish=stop completion=638 wall=12.5s predicted_per_s=55.23 draft=585/444
[2026-10-01T14:36:29] (338/1334) id=156 zh finish=stop completion=439 wall=8.8s predicted_per_s=55.44 draft=399/306
[2026-10-01T14:36:31] (339/1334) id=157 en finish=stop completion=124 wall=2.9s predicted_per_s=62.50 draft=99/91
[2026-10-01T14:36:36] (340/1334) id=157 es finish=stop completion=191 wall=4.3s predicted_per_s=57.05 draft=168/136
[2026-10-01T14:36:39] (341/1334) id=157 zh finish=stop completion=157 wall=3.6s predicted_per_s=57.47 draft=138/111
[2026-10-01T14:36:45] (342/1334) id=158 en finish=stop completion=289 wall=5.9s predicted_per_s=58.05 draft=252/206
[2026-10-01T14:36:54] (343/1334) id=158 es finish=stop completion=438 wall=8.7s predicted_per_s=56.86 draft=390/308
[2026-10-01T14:37:02] (344/1334) id=158 zh finish=stop completion=353 wall=7.7s predicted_per_s=51.81 draft=345/239
[2026-10-01T14:37:06] (345/1334) id=159 en finish=stop completion=215 wall=4.5s predicted_per_s=59.43 draft=183/156
[2026-10-01T14:37:11] (346/1334) id=159 es finish=stop completion=243 wall=4.8s predicted_per_s=62.09 draft=198/176
[2026-10-01T14:37:16] (347/1334) id=159 zh finish=stop completion=270 wall=5.4s predicted_per_s=59.23 draft=231/192
[2026-10-01T14:37:22] (348/1334) id=160 en finish=stop completion=267 wall=5.4s predicted_per_s=58.35 draft=231/192
[2026-10-01T14:37:28] (349/1334) id=160 es finish=stop completion=315 wall=6.6s predicted_per_s=54.92 draft=291/217
[2026-10-01T14:37:34] (350/1334) id=160 zh finish=stop completion=240 wall=5.2s predicted_per_s=54.11 draft=225/167
[2026-10-01T14:37:39] (351/1334) id=161 en finish=stop completion=257 wall=5.6s predicted_per_s=54.31 draft=240/178
[2026-10-01T14:37:47] (352/1334) id=161 es finish=stop completion=346 wall=7.3s predicted_per_s=54.02 draft=324/237
[2026-10-01T14:37:53] (353/1334) id=161 zh finish=stop completion=295 wall=6.7s predicted_per_s=50.27 draft=297/196
[2026-10-01T14:37:56] (354/1334) id=162 en finish=stop completion=105 wall=2.7s predicted_per_s=56.79 draft=93/74
[2026-10-01T14:37:59] (355/1334) id=162 es finish=stop completion=132 wall=3.3s predicted_per_s=55.55 draft=120/91
[2026-10-01T14:38:02] (356/1334) id=162 zh finish=stop completion=142 wall=3.2s predicted_per_s=59.75 draft=120/101
[2026-10-01T14:38:08] (357/1334) id=163 en finish=stop completion=271 wall=5.4s predicted_per_s=60.17 draft=228/195
[2026-10-01T14:38:15] (358/1334) id=163 es finish=stop completion=338 wall=7.2s predicted_per_s=54.78 draft=312/236
[2026-10-01T14:38:21] (359/1334) id=163 zh finish=stop completion=255 wall=5.8s predicted_per_s=51.93 draft=249/172
[2026-10-01T14:38:23] (360/1334) id=164 en finish=stop completion=96 wall=2.5s predicted_per_s=59.54 draft=81/71
[2026-10-01T14:38:27] (361/1334) id=164 es finish=stop completion=178 wall=4.0s predicted_per_s=60.00 draft=150/127
[2026-10-01T14:38:34] (362/1334) id=164 zh finish=stop completion=284 wall=6.2s predicted_per_s=53.87 draft=267/195
[2026-10-01T14:38:39] (363/1334) id=165 en finish=stop completion=267 wall=5.4s predicted_per_s=59.23 draft=228/192
[2026-10-01T14:38:46] (364/1334) id=165 es finish=stop completion=314 wall=7.0s predicted_per_s=51.42 draft=309/210
[2026-10-01T14:38:55] (365/1334) id=165 zh finish=stop completion=440 wall=9.0s predicted_per_s=53.78 draft=414/304
[2026-10-01T14:39:00] (366/1334) id=166 en finish=stop completion=247 wall=5.3s predicted_per_s=56.11 draft=222/175
[2026-10-01T14:39:10] (367/1334) id=166 es finish=stop completion=499 wall=9.5s predicted_per_s=58.77 draft=426/356
[2026-10-01T14:39:16] (368/1334) id=166 zh finish=stop completion=322 wall=6.4s predicted_per_s=58.52 draft=276/232
[2026-10-01T14:39:22] (369/1334) id=167 en finish=stop completion=263 wall=5.5s predicted_per_s=57.33 draft=231/188
[2026-10-01T14:39:28] (370/1334) id=167 es finish=stop completion=264 wall=5.8s predicted_per_s=54.85 draft=243/183
[2026-10-01T14:39:33] (371/1334) id=167 zh finish=stop completion=265 wall=5.7s predicted_per_s=55.81 draft=240/184
[2026-10-01T14:39:37] (372/1334) id=168 en finish=stop completion=170 wall=3.9s predicted_per_s=58.53 draft=147/121
[2026-10-01T14:39:41] (373/1334) id=168 es finish=stop completion=168 wall=4.0s predicted_per_s=55.55 draft=153/119
[2026-10-01T14:39:48] (374/1334) id=168 zh finish=stop completion=300 wall=6.5s predicted_per_s=53.80 draft=282/205
[2026-10-01T14:39:51] (375/1334) id=169 en finish=stop completion=184 wall=3.8s predicted_per_s=63.33 draft=147/134
[2026-10-01T14:39:56] (376/1334) id=169 es finish=stop completion=214 wall=4.8s predicted_per_s=54.75 draft=198/147
[2026-10-01T14:40:00] (377/1334) id=169 zh finish=stop completion=175 wall=3.8s predicted_per_s=59.10 draft=150/126
[2026-10-01T14:40:02] (378/1334) id=170 en finish=stop completion=75 wall=2.0s predicted_per_s=66.15 draft=57/55
[2026-10-01T14:40:05] (379/1334) id=170 es finish=stop completion=115 wall=2.8s predicted_per_s=58.63 draft=99/84
[2026-10-01T14:40:09] (380/1334) id=170 zh finish=stop completion=165 wall=4.0s predicted_per_s=52.53 draft=159/114
[2026-10-01T14:40:13] (381/1334) id=171 en finish=stop completion=208 wall=4.6s predicted_per_s=55.78 draft=189/146
[2026-10-01T14:40:21] (382/1334) id=171 es finish=stop completion=367 wall=7.5s predicted_per_s=55.94 draft=333/255
[2026-10-01T14:40:26] (383/1334) id=171 zh finish=stop completion=226 wall=4.8s predicted_per_s=58.68 draft=195/161
[2026-10-01T14:40:31] (384/1334) id=172 en finish=stop completion=291 wall=5.7s predicted_per_s=60.71 draft=243/210
[2026-10-01T14:40:39] (385/1334) id=172 es finish=stop completion=398 wall=7.8s predicted_per_s=57.99 draft=348/281
[2026-10-01T14:40:44] (386/1334) id=172 zh finish=stop completion=227 wall=4.9s predicted_per_s=55.63 draft=207/157
[2026-10-01T14:40:49] (387/1334) id=173 en finish=stop completion=209 wall=4.5s predicted_per_s=57.93 draft=183/148
[2026-10-01T14:40:53] (388/1334) id=173 es finish=stop completion=193 wall=4.5s predicted_per_s=53.46 draft=183/131
[2026-10-01T14:40:57] (389/1334) id=173 zh finish=stop completion=182 wall=4.4s predicted_per_s=53.37 draft=171/125
[2026-10-01T14:41:06] (390/1334) id=174 en finish=stop completion=448 wall=8.5s predicted_per_s=59.76 draft=378/322
[2026-10-01T14:41:11] (391/1334) id=174 es finish=stop completion=228 wall=5.0s predicted_per_s=58.12 draft=198/161
[2026-10-01T14:41:17] (392/1334) id=174 zh finish=stop completion=296 wall=6.1s predicted_per_s=58.05 draft=258/209
[2026-10-01T14:41:25] (393/1334) id=175 en finish=stop completion=390 wall=7.4s predicted_per_s=59.92 draft=330/279
[2026-10-01T14:41:31] (394/1334) id=175 es finish=stop completion=342 wall=6.8s predicted_per_s=57.80 draft=300/242
[2026-10-01T14:41:38] (395/1334) id=175 zh finish=stop completion=381 wall=7.1s predicted_per_s=60.71 draft=318/275
[2026-10-01T14:41:45] (396/1334) id=176 en finish=stop completion=325 wall=6.3s predicted_per_s=59.71 draft=276/234
[2026-10-01T14:41:54] (397/1334) id=176 es finish=stop completion=437 wall=8.8s predicted_per_s=55.18 draft=402/302
[2026-10-01T14:41:59] (398/1334) id=176 zh finish=stop completion=251 wall=5.4s predicted_per_s=55.15 draft=231/174
[2026-10-01T14:42:23] (399/1334) id=177 en finish=stop completion=1212 wall=24.3s predicted_per_s=51.76 draft=1188/816
[2026-10-01T14:43:00] (400/1334) id=177 es finish=stop completion=1778 wall=36.3s predicted_per_s=50.33 draft=1785/1184
[2026-10-01T14:43:37] (401/1334) id=177 zh finish=stop completion=1784 wall=37.8s predicted_per_s=48.40 draft=1860/1164
[2026-10-01T14:43:43] (402/1334) id=178 en finish=stop completion=236 wall=5.3s predicted_per_s=55.17 draft=216/165
[2026-10-01T14:43:50] (403/1334) id=178 es finish=stop completion=366 wall=7.5s predicted_per_s=56.46 draft=327/256
[2026-10-01T14:43:56] (404/1334) id=178 zh finish=stop completion=284 wall=5.9s predicted_per_s=56.88 draft=252/200
[2026-10-01T14:44:14] (405/1334) id=179 en finish=stop completion=917 wall=17.7s predicted_per_s=54.41 draft=852/634
[2026-10-01T14:44:32] (406/1334) id=179 es finish=stop completion=963 wall=18.5s predicted_per_s=54.59 draft=891/668
[2026-10-01T14:45:02] (407/1334) id=179 zh finish=stop completion=1439 wall=29.7s predicted_per_s=50.09 draft=1452/955
[2026-10-01T14:45:06] (408/1334) id=180 en finish=stop completion=163 wall=3.7s predicted_per_s=58.29 draft=141/115
[2026-10-01T14:45:10] (409/1334) id=180 es finish=stop completion=205 wall=4.6s predicted_per_s=55.49 draft=186/142
[2026-10-01T14:45:14] (410/1334) id=180 zh finish=stop completion=131 wall=3.3s predicted_per_s=55.08 draft=120/92
[2026-10-01T14:45:21] (411/1334) id=181 en finish=stop completion=418 wall=7.4s predicted_per_s=63.76 draft=330/309
[2026-10-01T14:45:31] (412/1334) id=181 es finish=stop completion=532 wall=10.3s predicted_per_s=56.74 draft=474/375
[2026-10-01T14:45:42] (413/1334) id=181 zh finish=stop completion=524 wall=10.2s predicted_per_s=56.34 draft=471/367
[2026-10-01T14:45:50] (414/1334) id=182 en finish=stop completion=415 wall=8.2s predicted_per_s=56.44 draft=372/291
[2026-10-01T14:46:00] (415/1334) id=182 es finish=stop completion=508 wall=10.3s predicted_per_s=54.52 draft=471/353
[2026-10-01T14:46:13] (416/1334) id=182 zh finish=stop completion=692 wall=13.4s predicted_per_s=55.25 draft=633/482
[2026-10-01T14:46:16] (417/1334) id=183 en finish=stop completion=116 wall=2.7s predicted_per_s=62.64 draft=93/86
[2026-10-01T14:46:20] (418/1334) id=183 es finish=stop completion=171 wall=3.8s predicted_per_s=59.44 draft=144/123
[2026-10-01T14:46:25] (419/1334) id=183 zh finish=stop completion=230 wall=4.9s predicted_per_s=57.61 draft=201/163
[2026-10-01T14:46:32] (420/1334) id=184 en finish=stop completion=358 wall=7.2s predicted_per_s=57.26 draft=315/254
[2026-10-01T14:46:40] (421/1334) id=184 es finish=stop completion=393 wall=8.1s predicted_per_s=55.14 draft=360/273
[2026-10-01T14:46:48] (422/1334) id=184 zh finish=stop completion=367 wall=7.4s predicted_per_s=56.33 draft=330/256
[2026-10-01T14:46:51] (423/1334) id=185 en finish=stop completion=180 wall=3.9s predicted_per_s=59.53 draft=153/128
[2026-10-01T14:46:56] (424/1334) id=185 es finish=stop completion=199 wall=4.5s predicted_per_s=54.27 draft=186/136
[2026-10-01T14:47:00] (425/1334) id=185 zh finish=stop completion=199 wall=4.2s predicted_per_s=58.93 draft=171/144
[2026-10-01T14:47:05] (426/1334) id=186 en finish=stop completion=216 wall=4.4s predicted_per_s=63.68 draft=171/159
[2026-10-01T14:47:26] (427/1334) id=186 es finish=stop completion=1106 wall=21.9s predicted_per_s=53.08 draft=1053/754
[2026-10-01T14:47:32] (428/1334) id=186 zh finish=stop completion=243 wall=5.3s predicted_per_s=56.75 draft=216/170
[2026-10-01T14:47:35] (429/1334) id=187 en finish=stop completion=157 wall=3.4s predicted_per_s=62.44 draft=126/117
[2026-10-01T14:47:39] (430/1334) id=187 es finish=stop completion=190 wall=4.2s predicted_per_s=58.68 draft=162/135
[2026-10-01T14:47:43] (431/1334) id=187 zh finish=stop completion=167 wall=3.8s predicted_per_s=57.26 draft=147/119
[2026-10-01T14:47:46] (432/1334) id=188 en finish=stop completion=128 wall=3.1s predicted_per_s=59.30 draft=108/94
[2026-10-01T14:47:50] (433/1334) id=188 es finish=stop completion=145 wall=3.3s predicted_per_s=61.36 draft=117/107
[2026-10-01T14:47:53] (434/1334) id=188 zh finish=stop completion=158 wall=3.8s predicted_per_s=58.15 draft=135/112
[2026-10-01T14:48:02] (435/1334) id=189 en finish=stop completion=475 wall=9.1s predicted_per_s=58.40 draft=411/338
[2026-10-01T14:48:12] (436/1334) id=189 es finish=stop completion=513 wall=10.1s predicted_per_s=56.53 draft=459/359
[2026-10-01T14:48:24] (437/1334) id=189 zh finish=stop completion=619 wall=11.7s predicted_per_s=57.29 draft=546/437
[2026-10-01T14:48:30] (438/1334) id=190 en finish=stop completion=267 wall=5.6s predicted_per_s=57.02 draft=237/188
[2026-10-01T14:48:39] (439/1334) id=190 es finish=stop completion=426 wall=9.0s predicted_per_s=53.22 draft=405/290
[2026-10-01T14:48:47] (440/1334) id=190 zh finish=stop completion=389 wall=8.0s predicted_per_s=54.71 draft=360/268
[2026-10-01T14:48:59] (441/1334) id=191 en finish=stop completion=609 wall=12.2s predicted_per_s=54.05 draft=570/419
[2026-10-01T14:49:10] (442/1334) id=191 es finish=stop completion=548 wall=10.6s predicted_per_s=57.29 draft=483/386
[2026-10-01T14:49:18] (443/1334) id=191 zh finish=stop completion=418 wall=8.5s predicted_per_s=55.02 draft=384/290
[2026-10-01T14:49:26] (444/1334) id=192 en finish=stop completion=449 wall=8.4s predicted_per_s=60.13 draft=375/325
[2026-10-01T14:49:34] (445/1334) id=192 es finish=stop completion=363 wall=7.5s predicted_per_s=55.69 draft=330/254
[2026-10-01T14:49:39] (446/1334) id=192 zh finish=stop completion=223 wall=5.1s predicted_per_s=53.55 draft=210/153
[2026-10-01T14:49:42] (447/1334) id=193 en finish=stop completion=110 wall=2.9s predicted_per_s=54.31 draft=102/77
[2026-10-01T14:49:47] (448/1334) id=193 es finish=stop completion=197 wall=4.7s predicted_per_s=51.18 draft=195/133
[2026-10-01T14:49:49] (449/1334) id=193 zh finish=stop completion=102 wall=2.8s predicted_per_s=52.14 draft=99/71
[2026-10-01T14:49:52] (450/1334) id=194 en finish=stop completion=87 wall=2.3s predicted_per_s=60.75 draft=72/63
[2026-10-01T14:49:54] (451/1334) id=194 es finish=stop completion=114 wall=2.8s predicted_per_s=59.78 draft=96/84
[2026-10-01T14:49:57] (452/1334) id=194 zh finish=stop completion=120 wall=3.0s predicted_per_s=56.11 draft=108/83
[2026-10-01T14:50:03] (453/1334) id=195 en finish=stop completion=243 wall=5.1s predicted_per_s=57.78 draft=213/171
[2026-10-01T14:50:07] (454/1334) id=195 es finish=stop completion=228 wall=5.0s predicted_per_s=56.16 draft=204/162
[2026-10-01T14:50:15] (455/1334) id=195 zh finish=stop completion=374 wall=7.9s predicted_per_s=53.01 draft=357/255
[2026-10-01T14:50:20] (456/1334) id=196 en finish=stop completion=224 wall=4.7s predicted_per_s=58.86 draft=192/160
[2026-10-01T14:50:24] (457/1334) id=196 es finish=stop completion=155 wall=3.6s predicted_per_s=59.09 draft=132/113
[2026-10-01T14:50:26] (458/1334) id=196 zh finish=stop completion=106 wall=2.7s predicted_per_s=59.23 draft=90/75
[2026-10-01T14:50:33] (459/1334) id=197 en finish=stop completion=313 wall=6.8s predicted_per_s=52.79 draft=300/213
[2026-10-01T14:50:40] (460/1334) id=197 es finish=stop completion=304 wall=6.8s predicted_per_s=51.85 draft=297/204
[2026-10-01T14:50:54] (461/1334) id=197 zh finish=stop completion=707 wall=14.3s predicted_per_s=52.55 draft=681/482
[2026-10-01T14:51:00] (462/1334) id=198 en finish=stop completion=268 wall=5.6s predicted_per_s=57.85 draft=234/190
[2026-10-01T14:51:09] (463/1334) id=198 es finish=stop completion=437 wall=9.0s predicted_per_s=54.86 draft=402/302
[2026-10-01T14:51:19] (464/1334) id=198 zh finish=stop completion=497 wall=10.5s predicted_per_s=51.76 draft=486/334
[2026-10-01T14:51:35] (465/1334) id=199 en finish=stop completion=720 wall=15.3s predicted_per_s=49.97 draft=729/477
[2026-10-01T14:51:46] (466/1334) id=199 es finish=stop completion=526 wall=11.3s predicted_per_s=50.84 draft=522/354
[2026-10-01T14:52:01] (467/1334) id=199 zh finish=stop completion=730 wall=15.2s predicted_per_s=51.14 draft=723/490
[2026-10-01T14:52:06] (468/1334) id=200 en finish=stop completion=224 wall=4.9s predicted_per_s=57.21 draft=198/158
[2026-10-01T14:52:14] (469/1334) id=200 es finish=stop completion=377 wall=8.3s predicted_per_s=52.24 draft=366/257
[2026-10-01T14:52:20] (470/1334) id=200 zh finish=stop completion=251 wall=5.5s predicted_per_s=56.42 draft=225/176
[2026-10-01T14:52:25] (471/1334) id=201 en finish=stop completion=236 wall=4.9s predicted_per_s=60.06 draft=198/172
[2026-10-01T14:52:36] (472/1334) id=201 es finish=stop completion=571 wall=11.4s predicted_per_s=55.00 draft=525/398
[2026-10-01T14:52:45] (473/1334) id=201 zh finish=stop completion=387 wall=8.4s predicted_per_s=51.93 draft=378/262
[2026-10-01T14:52:48] (474/1334) id=202 en finish=stop completion=143 wall=3.3s predicted_per_s=57.46 draft=126/102
[2026-10-01T14:52:51] (475/1334) id=202 es finish=stop completion=141 wall=3.6s predicted_per_s=49.67 draft=144/92
[2026-10-01T14:52:55] (476/1334) id=202 zh finish=stop completion=168 wall=4.0s predicted_per_s=52.61 draft=162/115
[2026-10-01T14:53:08] (477/1334) id=203 en finish=stop completion=640 wall=12.5s predicted_per_s=54.99 draft=591/444
[2026-10-01T14:53:24] (478/1334) id=203 es finish=stop completion=874 wall=16.4s predicted_per_s=56.85 draft=780/616
[2026-10-01T14:53:38] (479/1334) id=203 zh finish=stop completion=646 wall=13.8s predicted_per_s=50.22 draft=654/430
[2026-10-01T14:53:42] (480/1334) id=204 en finish=stop completion=165 wall=3.6s predicted_per_s=61.85 draft=135/120
[2026-10-01T14:53:45] (481/1334) id=204 es finish=stop completion=164 wall=3.7s predicted_per_s=60.15 draft=138/117
[2026-10-01T14:53:50] (482/1334) id=204 zh finish=stop completion=232 wall=4.7s predicted_per_s=61.24 draft=192/170
[2026-10-01T14:53:58] (483/1334) id=205 en finish=stop completion=436 wall=8.0s predicted_per_s=61.43 draft=360/316
[2026-10-01T14:54:08] (484/1334) id=205 es finish=stop completion=531 wall=10.3s predicted_per_s=57.19 draft=471/375
[2026-10-01T14:54:17] (485/1334) id=205 zh finish=stop completion=436 wall=8.9s predicted_per_s=55.02 draft=402/301
[2026-10-01T14:54:22] (486/1334) id=206 en finish=stop completion=233 wall=4.9s predicted_per_s=57.13 draft=207/165
[2026-10-01T14:54:27] (487/1334) id=206 es finish=stop completion=200 wall=4.5s predicted_per_s=55.44 draft=183/138
[2026-10-01T14:54:30] (488/1334) id=206 zh finish=stop completion=152 wall=3.7s predicted_per_s=54.57 draft=141/106
[2026-10-01T14:54:38] (489/1334) id=207 en finish=stop completion=356 wall=7.9s predicted_per_s=50.69 draft=357/237
[2026-10-01T14:54:48] (490/1334) id=207 es finish=stop completion=468 wall=9.5s predicted_per_s=54.64 draft=435/322
[2026-10-01T14:54:56] (491/1334) id=207 zh finish=stop completion=387 wall=8.3s predicted_per_s=52.03 draft=378/261
[2026-10-01T14:55:02] (492/1334) id=208 en finish=stop completion=275 wall=5.9s predicted_per_s=56.03 draft=249/194
[2026-10-01T14:55:08] (493/1334) id=208 es finish=stop completion=302 wall=6.6s predicted_per_s=54.34 draft=282/209
[2026-10-01T14:55:13] (494/1334) id=208 zh finish=stop completion=224 wall=5.0s predicted_per_s=54.88 draft=207/156
[2026-10-01T14:55:16] (495/1334) id=209 en finish=stop completion=114 wall=2.7s predicted_per_s=61.96 draft=93/82
[2026-10-01T14:55:19] (496/1334) id=209 es finish=stop completion=127 wall=3.1s predicted_per_s=57.89 draft=111/91
[2026-10-01T14:55:22] (497/1334) id=209 zh finish=stop completion=80 wall=2.3s predicted_per_s=53.96 draft=75/54
[2026-10-01T14:55:29] (498/1334) id=210 en finish=stop completion=358 wall=7.4s predicted_per_s=54.64 draft=333/247
[2026-10-01T14:55:38] (499/1334) id=210 es finish=stop completion=438 wall=8.9s predicted_per_s=54.92 draft=405/304
[2026-10-01T14:55:46] (500/1334) id=210 zh finish=stop completion=425 wall=8.4s predicted_per_s=56.26 draft=384/297
[2026-10-01T14:55:49] (501/1334) id=211 en finish=stop completion=97 wall=2.5s predicted_per_s=60.49 draft=81/69
[2026-10-01T14:55:54] (502/1334) id=211 es finish=stop completion=235 wall=5.0s predicted_per_s=57.63 draft=207/168
[2026-10-01T14:55:57] (503/1334) id=211 zh finish=stop completion=121 wall=3.1s predicted_per_s=55.17 draft=111/84
[2026-10-01T14:56:01] (504/1334) id=212 en finish=stop completion=181 wall=3.8s predicted_per_s=63.66 draft=144/133
[2026-10-01T14:56:07] (505/1334) id=212 es finish=stop completion=336 wall=6.7s predicted_per_s=58.62 draft=291/240
[2026-10-01T14:56:11] (506/1334) id=212 zh finish=stop completion=157 wall=3.9s predicted_per_s=53.04 draft=150/106
[2026-10-01T14:56:20] (507/1334) id=213 en finish=stop completion=499 wall=9.0s predicted_per_s=61.17 draft=414/362
[2026-10-01T14:56:32] (508/1334) id=213 es finish=stop completion=675 wall=12.2s predicted_per_s=59.78 draft=573/486
[2026-10-01T14:56:43] (509/1334) id=213 zh finish=stop completion=567 wall=10.8s predicted_per_s=57.49 draft=501/402
[2026-10-01T14:56:50] (510/1334) id=214 en finish=stop completion=318 wall=6.4s predicted_per_s=57.28 draft=282/226
[2026-10-01T14:56:57] (511/1334) id=214 es finish=stop completion=379 wall=7.6s predicted_per_s=56.30 draft=342/264
[2026-10-01T14:57:04] (512/1334) id=214 zh finish=stop completion=306 wall=6.2s predicted_per_s=56.97 draft=273/214
[2026-10-01T14:57:12] (513/1334) id=215 en finish=stop completion=464 wall=8.6s predicted_per_s=59.93 draft=393/332
[2026-10-01T14:57:23] (514/1334) id=215 es finish=stop completion=568 wall=11.3s predicted_per_s=54.70 draft=528/392
[2026-10-01T14:57:35] (515/1334) id=215 zh finish=stop completion=543 wall=11.1s predicted_per_s=53.15 draft=519/369
[2026-10-01T14:57:44] (516/1334) id=216 en finish=stop completion=473 wall=9.7s predicted_per_s=53.64 draft=447/323
[2026-10-01T14:57:55] (517/1334) id=216 es finish=stop completion=522 wall=10.7s predicted_per_s=53.34 draft=498/357
[2026-10-01T14:58:14] (518/1334) id=216 zh finish=stop completion=960 wall=19.1s predicted_per_s=52.72 draft=927/651
[2026-10-01T14:58:19] (519/1334) id=217 en finish=stop completion=242 wall=5.2s predicted_per_s=56.21 draft=219/171
[2026-10-01T14:58:25] (520/1334) id=217 es finish=stop completion=246 wall=5.5s predicted_per_s=53.42 draft=234/169
[2026-10-01T14:58:34] (521/1334) id=217 zh finish=stop completion=457 wall=9.7s predicted_per_s=52.04 draft=447/308
[2026-10-01T14:58:48] (522/1334) id=218 en finish=stop completion=745 wall=13.9s predicted_per_s=57.16 draft=663/525
[2026-10-01T14:59:09] (523/1334) id=218 es finish=stop completion=1072 wall=20.5s predicted_per_s=54.73 draft=996/742
[2026-10-01T14:59:23] (524/1334) id=218 zh finish=stop completion=699 wall=13.9s predicted_per_s=53.42 draft=666/477
[2026-10-01T14:59:27] (525/1334) id=219 en finish=stop completion=219 wall=4.6s predicted_per_s=58.88 draft=189/155
[2026-10-01T14:59:34] (526/1334) id=219 es finish=stop completion=290 wall=6.2s predicted_per_s=54.56 draft=270/199
[2026-10-01T14:59:48] (527/1334) id=219 zh finish=stop completion=634 wall=14.3s predicted_per_s=47.03 draft=687/405
[2026-10-01T14:59:56] (528/1334) id=220 en finish=stop completion=374 wall=7.7s predicted_per_s=54.67 draft=348/257
[2026-10-01T15:00:03] (529/1334) id=220 es finish=stop completion=352 wall=7.2s predicted_per_s=56.22 draft=318/248
[2026-10-01T15:00:11] (530/1334) id=220 zh finish=stop completion=357 wall=7.9s predicted_per_s=50.85 draft=357/237
[2026-10-01T15:00:16] (531/1334) id=221 en finish=stop completion=267 wall=5.3s predicted_per_s=60.27 draft=225/193
[2026-10-01T15:00:30] (532/1334) id=221 es finish=stop completion=705 wall=13.8s predicted_per_s=54.81 draft=654/486
[2026-10-01T15:01:02] (533/1334) id=221 zh finish=stop completion=1587 wall=31.8s predicted_per_s=51.33 draft=1572/1064
[2026-10-01T15:01:04] (534/1334) id=222 en finish=stop completion=103 wall=2.5s predicted_per_s=64.22 draft=81/76
[2026-10-01T15:01:07] (535/1334) id=222 es finish=stop completion=130 wall=2.9s predicted_per_s=64.39 draft=102/98
[2026-10-01T15:01:10] (536/1334) id=222 zh finish=stop completion=104 wall=2.6s predicted_per_s=58.38 draft=90/73
[2026-10-01T15:01:13] (537/1334) id=223 en finish=stop completion=156 wall=3.8s predicted_per_s=52.79 draft=150/107
[2026-10-01T15:01:21] (538/1334) id=223 es finish=stop completion=374 wall=7.5s predicted_per_s=56.60 draft=336/264
[2026-10-01T15:01:25] (539/1334) id=223 zh finish=stop completion=196 wall=4.2s predicted_per_s=57.20 draft=174/138
[2026-10-01T15:01:29] (540/1334) id=224 en finish=stop completion=158 wall=3.6s predicted_per_s=57.95 draft=138/112
[2026-10-01T15:01:41] (541/1334) id=224 es finish=stop completion=592 wall=11.8s predicted_per_s=55.17 draft=546/411
[2026-10-01T15:01:45] (542/1334) id=224 zh finish=stop completion=194 wall=4.4s predicted_per_s=56.64 draft=174/138
[2026-10-01T15:01:56] (543/1334) id=225 en finish=stop completion=498 wall=10.6s predicted_per_s=51.24 draft=495/332
[2026-10-01T15:02:09] (544/1334) id=225 es finish=stop completion=661 wall=13.7s predicted_per_s=51.59 draft=648/444
[2026-10-01T15:02:28] (545/1334) id=225 zh finish=stop completion=859 wall=18.8s predicted_per_s=47.94 draft=909/556
[2026-10-01T15:02:30] (546/1334) id=226 en finish=stop completion=84 wall=2.2s predicted_per_s=64.23 draft=66/62
[2026-10-01T15:02:34] (547/1334) id=226 es finish=stop completion=158 wall=3.6s predicted_per_s=59.13 draft=135/114
[2026-10-01T15:02:37] (548/1334) id=226 zh finish=stop completion=162 wall=3.6s predicted_per_s=58.13 draft=141/114
[2026-10-01T15:02:46] (549/1334) id=227 en finish=stop completion=413 wall=8.3s predicted_per_s=55.76 draft=375/287
[2026-10-01T15:02:56] (550/1334) id=227 es finish=stop completion=509 wall=10.2s predicted_per_s=55.64 draft=465/353
[2026-10-01T15:03:04] (551/1334) id=227 zh finish=stop completion=397 wall=8.1s predicted_per_s=54.75 draft=366/274
[2026-10-01T15:03:11] (552/1334) id=228 en finish=stop completion=344 wall=7.3s predicted_per_s=53.64 draft=324/236
[2026-10-01T15:03:25] (553/1334) id=228 es finish=stop completion=636 wall=13.4s predicted_per_s=51.17 draft=630/428
[2026-10-01T15:03:33] (554/1334) id=228 zh finish=stop completion=411 wall=8.5s predicted_per_s=54.30 draft=384/282
[2026-10-01T15:03:37] (555/1334) id=229 en finish=stop completion=161 wall=3.7s predicted_per_s=58.76 draft=138/115
[2026-10-01T15:03:41] (556/1334) id=229 es finish=stop completion=176 wall=4.0s predicted_per_s=58.25 draft=153/124
[2026-10-01T15:03:45] (557/1334) id=229 zh finish=stop completion=178 wall=3.8s predicted_per_s=61.27 draft=147/129
[2026-10-01T15:03:55] (558/1334) id=230 en finish=stop completion=553 wall=10.6s predicted_per_s=57.00 draft=492/391
[2026-10-01T15:04:15] (559/1334) id=230 es finish=stop completion=1006 wall=20.1s predicted_per_s=52.62 draft=969/682
[2026-10-01T15:04:47] (560/1334) id=230 zh finish=stop completion=1503 wall=31.5s predicted_per_s=49.10 draft=1554/985
[2026-10-01T15:04:50] (561/1334) id=231 en finish=stop completion=149 wall=3.4s predicted_per_s=58.38 draft=129/108
[2026-10-01T15:04:55] (562/1334) id=231 es finish=stop completion=200 wall=4.4s predicted_per_s=58.15 draft=174/141
[2026-10-01T15:04:59] (563/1334) id=231 zh finish=stop completion=156 wall=3.8s predicted_per_s=54.86 draft=144/109
[2026-10-01T15:05:02] (564/1334) id=232 en finish=stop completion=144 wall=3.3s predicted_per_s=60.26 draft=120/104
[2026-10-01T15:05:06] (565/1334) id=232 es finish=stop completion=210 wall=4.3s predicted_per_s=62.15 draft=171/152
[2026-10-01T15:05:10] (566/1334) id=232 zh finish=stop completion=149 wall=3.5s predicted_per_s=57.15 draft=132/105
[2026-10-01T15:05:13] (567/1334) id=233 en finish=stop completion=148 wall=3.3s predicted_per_s=60.88 draft=123/107
[2026-10-01T15:05:17] (568/1334) id=233 es finish=stop completion=200 wall=4.4s predicted_per_s=57.09 draft=177/142
[2026-10-01T15:05:23] (569/1334) id=233 zh finish=stop completion=284 wall=5.7s predicted_per_s=58.64 draft=246/201
[2026-10-01T15:05:30] (570/1334) id=234 en finish=stop completion=352 wall=6.9s predicted_per_s=58.95 draft=303/253
[2026-10-01T15:05:36] (571/1334) id=234 es finish=stop completion=303 wall=6.4s predicted_per_s=56.16 draft=273/214
[2026-10-01T15:05:43] (572/1334) id=234 zh finish=stop completion=288 wall=6.3s predicted_per_s=52.94 draft=276/196
[2026-10-01T15:05:50] (573/1334) id=235 en finish=stop completion=364 wall=6.9s predicted_per_s=60.24 draft=306/263
[2026-10-01T15:06:02] (574/1334) id=235 es finish=stop completion=670 wall=12.1s predicted_per_s=59.80 draft=567/483
[2026-10-01T15:06:12] (575/1334) id=235 zh finish=stop completion=551 wall=10.4s predicted_per_s=57.82 draft=483/389
[2026-10-01T15:06:19] (576/1334) id=236 en finish=stop completion=355 wall=7.0s predicted_per_s=58.17 draft=309/254
[2026-10-01T15:06:29] (577/1334) id=236 es finish=stop completion=477 wall=9.5s predicted_per_s=56.37 draft=429/336
[2026-10-01T15:06:35] (578/1334) id=236 zh finish=stop completion=308 wall=6.5s predicted_per_s=54.82 draft=285/214
[2026-10-01T15:06:40] (579/1334) id=237 en finish=stop completion=263 wall=5.4s predicted_per_s=58.48 draft=228/188
[2026-10-01T15:06:49] (580/1334) id=237 es finish=stop completion=407 wall=8.6s predicted_per_s=53.36 draft=387/277
[2026-10-01T15:06:55] (581/1334) id=237 zh finish=stop completion=258 wall=6.0s predicted_per_s=50.79 draft=258/172
[2026-10-01T15:06:57] (582/1334) id=238 en finish=stop completion=88 wall=2.4s predicted_per_s=59.10 draft=75/65
[2026-10-01T15:07:03] (583/1334) id=238 es finish=stop completion=254 wall=5.4s predicted_per_s=57.96 draft=222/179
[2026-10-01T15:07:05] (584/1334) id=238 zh finish=stop completion=71 wall=2.1s predicted_per_s=59.25 draft=60/52
[2026-10-01T15:07:12] (585/1334) id=239 en finish=stop completion=331 wall=6.7s predicted_per_s=56.89 draft=294/233
[2026-10-01T15:07:19] (586/1334) id=239 es finish=stop completion=346 wall=7.5s predicted_per_s=53.69 draft=327/239
[2026-10-01T15:07:25] (587/1334) id=239 zh finish=stop completion=310 wall=6.4s predicted_per_s=56.65 draft=279/218
[2026-10-01T15:07:35] (588/1334) id=240 en finish=stop completion=508 wall=9.4s predicted_per_s=60.02 draft=432/366
[2026-10-01T15:07:45] (589/1334) id=240 es finish=stop completion=542 wall=10.2s predicted_per_s=59.08 draft=468/386
[2026-10-01T15:07:55] (590/1334) id=240 zh finish=stop completion=532 wall=10.2s predicted_per_s=57.30 draft=474/375
[2026-10-01T15:07:58] (591/1334) id=241 en finish=stop completion=99 wall=2.4s predicted_per_s=66.83 draft=75/74
[2026-10-01T15:08:01] (592/1334) id=241 es finish=stop completion=122 wall=3.0s predicted_per_s=60.68 draft=102/90
[2026-10-01T15:08:04] (593/1334) id=241 zh finish=stop completion=142 wall=3.3s predicted_per_s=61.71 draft=117/102
[2026-10-01T15:08:23] (594/1334) id=242 en finish=stop completion=943 wall=18.8s predicted_per_s=52.64 draft=915/639
[2026-10-01T15:08:55] (595/1334) id=242 es finish=stop completion=1750 wall=32.7s predicted_per_s=55.14 draft=1617/1210
[2026-10-01T15:09:16] (596/1334) id=242 zh finish=stop completion=986 wall=21.0s predicted_per_s=48.93 draft=1026/646
[2026-10-01T15:09:19] (597/1334) id=243 en finish=stop completion=77 wall=2.5s predicted_per_s=46.25 draft=84/49
[2026-10-01T15:09:21] (598/1334) id=243 es finish=stop completion=83 wall=2.3s predicted_per_s=58.14 draft=72/60
[2026-10-01T15:09:30] (599/1334) id=243 zh finish=stop completion=437 wall=9.2s predicted_per_s=51.82 draft=429/294
[2026-10-01T15:10:01] (600/1334) id=244 en finish=stop completion=1629 wall=30.9s predicted_per_s=54.25 draft=1524/1120
[2026-10-01T15:11:11] (601/1334) id=244 es finish=stop completion=3528 wall=70.2s predicted_per_s=50.97 draft=3495/2362
[2026-10-01T15:11:38] (602/1334) id=244 zh finish=stop completion=1293 wall=26.6s predicted_per_s=50.57 draft=1290/865
[2026-10-01T15:11:42] (603/1334) id=245 en finish=stop completion=181 wall=4.1s predicted_per_s=59.18 draft=153/131
[2026-10-01T15:11:47] (604/1334) id=245 es finish=stop completion=254 wall=5.4s predicted_per_s=58.93 draft=216/181
[2026-10-01T15:11:51] (605/1334) id=245 zh finish=stop completion=136 wall=3.5s predicted_per_s=52.58 draft=129/93
[2026-10-01T15:11:59] (606/1334) id=246 en finish=stop completion=409 wall=8.2s predicted_per_s=56.00 draft=369/288
[2026-10-01T15:12:09] (607/1334) id=246 es finish=stop completion=485 wall=9.6s predicted_per_s=55.98 draft=432/342
[2026-10-01T15:12:16] (608/1334) id=246 zh finish=stop completion=299 wall=7.4s predicted_per_s=46.30 draft=324/191
[2026-10-01T15:12:20] (609/1334) id=247 en finish=stop completion=192 wall=4.3s predicted_per_s=57.01 draft=168/136
[2026-10-01T15:12:27] (610/1334) id=247 es finish=stop completion=341 wall=6.8s predicted_per_s=58.06 draft=294/245
[2026-10-01T15:12:31] (611/1334) id=247 zh finish=stop completion=131 wall=3.4s predicted_per_s=55.29 draft=117/92
[2026-10-01T15:12:33] (612/1334) id=248 en finish=stop completion=101 wall=2.7s predicted_per_s=57.54 draft=87/73
[2026-10-01T15:12:37] (613/1334) id=248 es finish=stop completion=190 wall=4.1s predicted_per_s=61.72 draft=153/138
[2026-10-01T15:12:41] (614/1334) id=248 zh finish=stop completion=136 wall=3.2s predicted_per_s=59.51 draft=114/97
[2026-10-01T15:12:48] (615/1334) id=249 en finish=stop completion=363 wall=7.2s predicted_per_s=58.73 draft=309/261
[2026-10-01T15:12:55] (616/1334) id=249 es finish=stop completion=393 wall=7.5s predicted_per_s=61.02 draft=321/288
[2026-10-01T15:13:02] (617/1334) id=249 zh finish=stop completion=350 wall=7.0s predicted_per_s=57.87 draft=303/249
[2026-10-01T15:13:11] (618/1334) id=250 en finish=stop completion=460 wall=8.9s predicted_per_s=57.55 draft=399/329
[2026-10-01T15:13:20] (619/1334) id=250 es finish=stop completion=442 wall=8.9s predicted_per_s=55.46 draft=405/306
[2026-10-01T15:13:27] (620/1334) id=250 zh finish=stop completion=345 wall=7.1s predicted_per_s=55.68 draft=315/239
[2026-10-01T15:13:30] (621/1334) id=251 en finish=stop completion=125 wall=2.9s predicted_per_s=60.32 draft=105/89
[2026-10-01T15:13:35] (622/1334) id=251 es finish=stop completion=202 wall=4.4s predicted_per_s=57.01 draft=180/143
[2026-10-01T15:13:37] (623/1334) id=251 zh finish=stop completion=96 wall=2.6s predicted_per_s=54.01 draft=90/68
[2026-10-01T15:13:40] (624/1334) id=252 en finish=stop completion=131 wall=3.0s predicted_per_s=61.33 draft=108/94
[2026-10-01T15:13:45] (625/1334) id=252 es finish=stop completion=216 wall=4.7s predicted_per_s=59.00 draft=186/153
[2026-10-01T15:13:50] (626/1334) id=252 zh finish=stop completion=260 wall=5.7s predicted_per_s=54.46 draft=243/181
[2026-10-01T15:14:09] (627/1334) id=253 en finish=stop completion=1032 wall=18.3s predicted_per_s=59.06 draft=888/736
[2026-10-01T15:14:49] (628/1334) id=253 es finish=stop completion=2207 wall=39.9s predicted_per_s=56.72 draft=1971/1552
[2026-10-01T15:14:58] (629/1334) id=253 zh finish=stop completion=481 wall=9.2s predicted_per_s=58.14 draft=420/341
[2026-10-01T15:15:01] (630/1334) id=254 en finish=stop completion=122 wall=2.9s predicted_per_s=62.22 draft=99/89
[2026-10-01T15:15:09] (631/1334) id=254 es finish=stop completion=382 wall=8.0s predicted_per_s=53.87 draft=360/261
[2026-10-01T15:15:16] (632/1334) id=254 zh finish=stop completion=346 wall=7.1s predicted_per_s=55.80 draft=315/241
[2026-10-01T15:15:23] (633/1334) id=255 en finish=stop completion=346 wall=6.8s predicted_per_s=58.57 draft=300/245
[2026-10-01T15:15:28] (634/1334) id=255 es finish=stop completion=296 wall=5.8s predicted_per_s=60.31 draft=249/212
[2026-10-01T15:15:37] (635/1334) id=255 zh finish=stop completion=440 wall=8.9s predicted_per_s=55.22 draft=405/306
[2026-10-01T15:15:44] (636/1334) id=256 en finish=stop completion=366 wall=7.0s predicted_per_s=59.58 draft=312/262
[2026-10-01T15:15:51] (637/1334) id=256 es finish=stop completion=357 wall=7.1s predicted_per_s=57.53 draft=315/254
[2026-10-01T15:16:12] (638/1334) id=256 zh finish=stop completion=964 wall=20.8s predicted_per_s=48.21 draft=1017/625
[2026-10-01T15:16:16] (639/1334) id=257 en finish=stop completion=171 wall=3.7s predicted_per_s=60.17 draft=144/124
[2026-10-01T15:16:23] (640/1334) id=257 es finish=stop completion=333 wall=6.8s predicted_per_s=55.40 draft=306/233
[2026-10-01T15:16:27] (641/1334) id=257 zh finish=stop completion=157 wall=4.1s predicted_per_s=48.33 draft=165/102
[2026-10-01T15:16:32] (642/1334) id=258 en finish=stop completion=225 wall=4.6s predicted_per_s=60.42 draft=189/162
[2026-10-01T15:16:37] (643/1334) id=258 es finish=stop completion=269 wall=5.8s predicted_per_s=54.94 draft=249/188
[2026-10-01T15:16:43] (644/1334) id=258 zh finish=stop completion=246 wall=5.2s predicted_per_s=56.33 draft=222/171
[2026-10-01T15:16:49] (645/1334) id=259 en finish=stop completion=318 wall=6.8s predicted_per_s=53.90 draft=300/219
[2026-10-01T15:16:55] (646/1334) id=259 es finish=stop completion=244 wall=5.8s predicted_per_s=50.41 draft=246/163
[2026-10-01T15:17:01] (647/1334) id=259 zh finish=stop completion=251 wall=5.5s predicted_per_s=54.51 draft=234/172
[2026-10-01T15:17:06] (648/1334) id=260 en finish=stop completion=240 wall=5.2s predicted_per_s=55.64 draft=219/168
[2026-10-01T15:17:11] (649/1334) id=260 es finish=stop completion=262 wall=5.5s predicted_per_s=56.97 draft=234/184
[2026-10-01T15:17:14] (650/1334) id=260 zh finish=stop completion=115 wall=2.9s predicted_per_s=57.10 draft=102/81
[2026-10-01T15:17:17] (651/1334) id=261 en finish=stop completion=133 wall=3.1s predicted_per_s=59.09 draft=114/97
[2026-10-01T15:17:24] (652/1334) id=261 es finish=stop completion=306 wall=6.4s predicted_per_s=55.77 draft=279/212
[2026-10-01T15:17:33] (653/1334) id=261 zh finish=stop completion=454 wall=9.4s predicted_per_s=53.14 draft=435/310
[2026-10-01T15:17:40] (654/1334) id=262 en finish=stop completion=371 wall=7.1s predicted_per_s=59.87 draft=315/267
[2026-10-01T15:17:47] (655/1334) id=262 es finish=stop completion=350 wall=7.0s predicted_per_s=57.06 draft=312/245
[2026-10-01T15:17:56] (656/1334) id=262 zh finish=stop completion=436 wall=8.2s predicted_per_s=59.54 draft=372/311
[2026-10-01T15:17:59] (657/1334) id=263 en finish=stop completion=130 wall=3.0s predicted_per_s=59.30 draft=111/92
[2026-10-01T15:18:03] (658/1334) id=263 es finish=stop completion=184 wall=4.2s predicted_per_s=55.54 draft=168/127
[2026-10-01T15:18:07] (659/1334) id=263 zh finish=stop completion=196 wall=4.4s predicted_per_s=54.38 draft=183/136
[2026-10-01T15:18:21] (660/1334) id=264 en finish=stop completion=730 wall=13.8s predicted_per_s=56.71 draft=654/513
[2026-10-01T15:18:27] (661/1334) id=264 es finish=stop completion=299 wall=6.0s predicted_per_s=60.88 draft=249/216
[2026-10-01T15:18:32] (662/1334) id=264 zh finish=stop completion=218 wall=4.8s predicted_per_s=56.75 draft=195/153
[2026-10-01T15:18:36] (663/1334) id=265 en finish=stop completion=195 wall=4.2s predicted_per_s=57.89 draft=171/138
[2026-10-01T15:18:41] (664/1334) id=265 es finish=stop completion=220 wall=4.7s predicted_per_s=57.34 draft=195/155
[2026-10-01T15:18:44] (665/1334) id=265 zh finish=stop completion=147 wall=3.6s predicted_per_s=52.97 draft=141/102
[2026-10-01T15:18:47] (666/1334) id=266 en finish=stop completion=149 wall=3.2s predicted_per_s=62.91 draft=120/111
[2026-10-01T15:18:51] (667/1334) id=266 es finish=stop completion=178 wall=4.0s predicted_per_s=57.90 draft=156/125
[2026-10-01T15:18:58] (668/1334) id=266 zh finish=stop completion=327 wall=6.6s predicted_per_s=57.69 draft=288/233
[2026-10-01T15:19:02] (669/1334) id=267 en finish=stop completion=220 wall=4.4s predicted_per_s=63.00 draft=177/160
[2026-10-01T15:19:10] (670/1334) id=267 es finish=stop completion=418 wall=8.0s predicted_per_s=59.55 draft=357/300
[2026-10-01T15:19:16] (671/1334) id=267 zh finish=stop completion=290 wall=5.6s predicted_per_s=61.38 draft=240/210
[2026-10-01T15:19:21] (672/1334) id=268 en finish=stop completion=274 wall=5.3s predicted_per_s=61.05 draft=228/198
[2026-10-01T15:19:31] (673/1334) id=268 es finish=stop completion=476 wall=9.4s predicted_per_s=56.06 draft=432/334
[2026-10-01T15:19:46] (674/1334) id=268 zh finish=stop completion=669 wall=15.0s predicted_per_s=47.14 draft=723/430
[2026-10-01T15:19:50] (675/1334) id=269 en finish=stop completion=206 wall=4.3s predicted_per_s=59.98 draft=174/148
[2026-10-01T15:19:54] (676/1334) id=269 es finish=stop completion=197 wall=4.2s predicted_per_s=60.60 draft=165/141
[2026-10-01T15:20:00] (677/1334) id=269 zh finish=stop completion=272 wall=5.5s predicted_per_s=58.28 draft=237/193
[2026-10-01T15:20:07] (678/1334) id=270 en finish=stop completion=331 wall=7.0s predicted_per_s=53.46 draft=315/227
[2026-10-01T15:20:14] (679/1334) id=270 es finish=stop completion=352 wall=7.3s predicted_per_s=54.25 draft=330/244
[2026-10-01T15:20:23] (680/1334) id=270 zh finish=stop completion=444 wall=9.1s predicted_per_s=53.40 draft=423/305
[2026-10-01T15:20:29] (681/1334) id=271 en finish=stop completion=270 wall=5.4s predicted_per_s=60.10 draft=228/196
[2026-10-01T15:20:38] (682/1334) id=271 es finish=stop completion=442 wall=9.2s predicted_per_s=53.54 draft=420/304
[2026-10-01T15:20:46] (683/1334) id=271 zh finish=stop completion=406 wall=8.3s predicted_per_s=54.65 draft=378/280
[2026-10-01T15:20:53] (684/1334) id=272 en finish=stop completion=338 wall=6.6s predicted_per_s=58.97 draft=291/242
[2026-10-01T15:21:06] (685/1334) id=272 es finish=stop completion=697 wall=13.0s predicted_per_s=57.38 draft=618/491
[2026-10-01T15:21:13] (686/1334) id=272 zh finish=stop completion=395 wall=7.7s predicted_per_s=57.69 draft=348/278
[2026-10-01T15:21:19] (687/1334) id=273 en finish=stop completion=287 wall=5.7s predicted_per_s=59.25 draft=246/205
[2026-10-01T15:21:28] (688/1334) id=273 es finish=stop completion=380 wall=8.5s predicted_per_s=49.99 draft=387/252
[2026-10-01T15:21:37] (689/1334) id=273 zh finish=stop completion=454 wall=8.8s predicted_per_s=57.00 draft=405/319
[2026-10-01T15:21:39] (690/1334) id=274 en finish=stop completion=120 wall=2.9s predicted_per_s=59.50 draft=102/86
[2026-10-01T15:21:43] (691/1334) id=274 es finish=stop completion=165 wall=3.5s predicted_per_s=61.90 draft=135/120
[2026-10-01T15:21:47] (692/1334) id=274 zh finish=stop completion=188 wall=4.2s predicted_per_s=54.84 draft=174/130
[2026-10-01T15:21:52] (693/1334) id=275 en finish=stop completion=230 wall=4.8s predicted_per_s=60.77 draft=192/167
[2026-10-01T15:21:58] (694/1334) id=275 es finish=stop completion=285 wall=5.7s predicted_per_s=60.30 draft=240/204
[2026-10-01T15:22:03] (695/1334) id=275 zh finish=stop completion=268 wall=5.5s predicted_per_s=59.59 draft=228/193
[2026-10-01T15:22:06] (696/1334) id=276 en finish=stop completion=133 wall=3.2s predicted_per_s=59.07 draft=114/94
[2026-10-01T15:22:13] (697/1334) id=276 es finish=stop completion=325 wall=6.8s predicted_per_s=56.76 draft=291/228
[2026-10-01T15:22:18] (698/1334) id=276 zh finish=stop completion=210 wall=4.7s predicted_per_s=56.47 draft=189/147
[2026-10-01T15:22:22] (699/1334) id=277 en finish=stop completion=219 wall=4.4s predicted_per_s=61.88 draft=180/158
[2026-10-01T15:22:28] (700/1334) id=277 es finish=stop completion=282 wall=5.8s predicted_per_s=57.64 draft=249/200
[2026-10-01T15:22:35] (701/1334) id=277 zh finish=stop completion=328 wall=6.7s predicted_per_s=56.23 draft=297/231
[2026-10-01T15:22:41] (702/1334) id=278 en finish=stop completion=346 wall=6.9s predicted_per_s=56.99 draft=309/243
[2026-10-01T15:22:50] (703/1334) id=278 es finish=stop completion=405 wall=8.1s predicted_per_s=55.84 draft=369/284
[2026-10-01T15:22:58] (704/1334) id=278 zh finish=stop completion=452 wall=8.6s predicted_per_s=58.13 draft=396/320
[2026-10-01T15:23:03] (705/1334) id=279 en finish=stop completion=235 wall=4.6s predicted_per_s=61.27 draft=195/170
[2026-10-01T15:23:09] (706/1334) id=279 es finish=stop completion=291 wall=6.1s predicted_per_s=55.44 draft=267/204
[2026-10-01T15:23:13] (707/1334) id=279 zh finish=stop completion=189 wall=4.1s predicted_per_s=57.02 draft=168/133
[2026-10-01T15:23:19] (708/1334) id=280 en finish=stop completion=317 wall=6.1s predicted_per_s=60.32 draft=267/230
[2026-10-01T15:23:29] (709/1334) id=280 es finish=stop completion=524 wall=10.1s predicted_per_s=56.85 draft=468/367
[2026-10-01T15:23:35] (710/1334) id=280 zh finish=stop completion=290 wall=6.1s predicted_per_s=55.18 draft=267/201
[2026-10-01T15:23:47] (711/1334) id=281 en finish=stop completion=589 wall=11.9s predicted_per_s=54.08 draft=555/405
[2026-10-01T15:24:00] (712/1334) id=281 es finish=stop completion=634 wall=12.4s predicted_per_s=55.66 draft=579/440
[2026-10-01T15:24:10] (713/1334) id=281 zh finish=stop completion=498 wall=9.9s predicted_per_s=55.18 draft=459/345
[2026-10-01T15:24:16] (714/1334) id=282 en finish=stop completion=355 wall=6.7s predicted_per_s=60.67 draft=297/258
[2026-10-01T15:24:25] (715/1334) id=282 es finish=stop completion=471 wall=9.2s predicted_per_s=56.56 draft=423/332
[2026-10-01T15:24:33] (716/1334) id=282 zh finish=stop completion=350 wall=7.5s predicted_per_s=52.96 draft=336/238
[2026-10-01T15:24:38] (717/1334) id=283 en finish=stop completion=247 wall=5.0s predicted_per_s=58.91 draft=213/176
[2026-10-01T15:24:45] (718/1334) id=283 es finish=stop completion=359 wall=7.2s predicted_per_s=56.89 draft=321/254
[2026-10-01T15:24:54] (719/1334) id=283 zh finish=stop completion=446 wall=8.8s predicted_per_s=56.46 draft=402/312
[2026-10-01T15:25:02] (720/1334) id=284 en finish=stop completion=424 wall=7.9s predicted_per_s=60.81 draft=354/308
[2026-10-01T15:25:11] (721/1334) id=284 es finish=stop completion=442 wall=8.7s predicted_per_s=56.74 draft=396/311
[2026-10-01T15:25:18] (722/1334) id=284 zh finish=stop completion=344 wall=7.2s predicted_per_s=54.46 draft=321/237
[2026-10-01T15:25:22] (723/1334) id=285 en finish=stop completion=194 wall=4.0s predicted_per_s=61.81 draft=159/141
[2026-10-01T15:25:28] (724/1334) id=285 es finish=stop completion=325 wall=6.6s predicted_per_s=56.63 draft=291/229
[2026-10-01T15:25:36] (725/1334) id=285 zh finish=stop completion=359 wall=7.2s predicted_per_s=56.82 draft=321/254
[2026-10-01T15:25:43] (726/1334) id=286 en finish=stop completion=365 wall=7.0s predicted_per_s=59.53 draft=312/261
[2026-10-01T15:25:52] (727/1334) id=286 es finish=stop completion=491 wall=9.1s predicted_per_s=59.79 draft=417/351
[2026-10-01T15:26:02] (728/1334) id=286 zh finish=stop completion=518 wall=10.3s predicted_per_s=54.92 draft=480/360
[2026-10-01T15:26:12] (729/1334) id=287 en finish=stop completion=498 wall=10.0s predicted_per_s=54.43 draft=465/343
[2026-10-01T15:26:19] (730/1334) id=287 es finish=stop completion=340 wall=7.0s predicted_per_s=55.86 draft=309/236
[2026-10-01T15:26:32] (731/1334) id=287 zh finish=stop completion=659 wall=13.2s predicted_per_s=53.44 draft=627/452
[2026-10-01T15:26:38] (732/1334) id=288 en finish=stop completion=263 wall=5.4s predicted_per_s=57.85 draft=231/188
[2026-10-01T15:26:43] (733/1334) id=288 es finish=stop completion=265 wall=5.5s predicted_per_s=57.51 draft=234/186
[2026-10-01T15:26:47] (734/1334) id=288 zh finish=stop completion=188 wall=4.3s predicted_per_s=53.85 draft=177/129
[2026-10-01T15:26:51] (735/1334) id=289 en finish=stop completion=159 wall=3.6s predicted_per_s=58.34 draft=138/114
[2026-10-01T15:26:55] (736/1334) id=289 es finish=stop completion=207 wall=4.5s predicted_per_s=57.42 draft=183/147
[2026-10-01T15:27:02] (737/1334) id=289 zh finish=stop completion=310 wall=6.6s predicted_per_s=53.69 draft=294/211
[2026-10-01T15:27:05] (738/1334) id=290 en finish=stop completion=140 wall=3.5s predicted_per_s=53.89 draft=132/98
[2026-10-01T15:27:10] (739/1334) id=290 es finish=stop completion=170 wall=4.1s predicted_per_s=53.32 draft=162/116
[2026-10-01T15:27:13] (740/1334) id=290 zh finish=stop completion=131 wall=3.2s predicted_per_s=56.73 draft=117/92
[2026-10-01T15:27:16] (741/1334) id=291 en finish=stop completion=166 wall=3.5s predicted_per_s=61.02 draft=138/120
[2026-10-01T15:27:20] (742/1334) id=291 es finish=stop completion=155 wall=3.4s predicted_per_s=60.86 draft=129/114
[2026-10-01T15:27:24] (743/1334) id=291 zh finish=stop completion=194 wall=4.5s predicted_per_s=53.14 draft=186/134
[2026-10-01T15:27:27] (744/1334) id=292 en finish=stop completion=150 wall=3.3s predicted_per_s=60.32 draft=126/110
[2026-10-01T15:27:31] (745/1334) id=292 es finish=stop completion=162 wall=3.7s predicted_per_s=57.04 draft=144/115
[2026-10-01T15:27:36] (746/1334) id=292 zh finish=stop completion=201 wall=4.4s predicted_per_s=55.82 draft=183/140
[2026-10-01T15:27:44] (747/1334) id=293 en finish=stop completion=458 wall=8.6s predicted_per_s=60.13 draft=387/328
[2026-10-01T15:27:57] (748/1334) id=293 es finish=stop completion=642 wall=12.8s predicted_per_s=55.20 draft=591/444
[2026-10-01T15:28:06] (749/1334) id=293 zh finish=stop completion=477 wall=9.2s predicted_per_s=57.77 draft=420/339
[2026-10-01T15:28:20] (750/1334) id=294 en finish=stop completion=717 wall=13.6s predicted_per_s=56.27 draft=648/502
[2026-10-01T15:28:37] (751/1334) id=294 es finish=stop completion=919 wall=17.1s predicted_per_s=57.18 draft=816/647
[2026-10-01T15:28:51] (752/1334) id=294 zh finish=stop completion=725 wall=14.2s predicted_per_s=54.62 draft=675/501
[2026-10-01T15:28:55] (753/1334) id=295 en finish=stop completion=182 wall=3.8s predicted_per_s=61.42 draft=150/131
[2026-10-01T15:28:59] (754/1334) id=295 es finish=stop completion=182 wall=4.0s predicted_per_s=58.03 draft=159/130
[2026-10-01T15:29:03] (755/1334) id=295 zh finish=stop completion=166 wall=3.9s predicted_per_s=53.98 draft=156/114
[2026-10-01T15:29:10] (756/1334) id=296 en finish=stop completion=387 wall=7.4s predicted_per_s=59.60 draft=330/278
[2026-10-01T15:29:22] (757/1334) id=296 es finish=stop completion=644 wall=12.2s predicted_per_s=57.12 draft=573/453
[2026-10-01T15:29:30] (758/1334) id=296 zh finish=stop completion=374 wall=7.2s predicted_per_s=58.66 draft=324/266
[2026-10-01T15:29:32] (759/1334) id=297 en finish=stop completion=121 wall=2.9s predicted_per_s=59.91 draft=102/87
[2026-10-01T15:29:38] (760/1334) id=297 es finish=stop completion=260 wall=5.5s predicted_per_s=57.86 draft=228/183
[2026-10-01T15:29:42] (761/1334) id=297 zh finish=stop completion=185 wall=4.3s predicted_per_s=54.00 draft=174/127
[2026-10-01T15:29:48] (762/1334) id=298 en finish=stop completion=323 wall=6.2s predicted_per_s=60.17 draft=273/234
[2026-10-01T15:29:56] (763/1334) id=298 es finish=stop completion=343 wall=7.3s predicted_per_s=53.31 draft=327/233
[2026-10-01T15:30:03] (764/1334) id=298 zh finish=stop completion=356 wall=6.7s predicted_per_s=60.22 draft=300/256
[2026-10-01T15:30:11] (765/1334) id=299 en finish=stop completion=402 wall=8.3s predicted_per_s=54.15 draft=378/277
[2026-10-01T15:30:24] (766/1334) id=299 es finish=stop completion=652 wall=12.8s predicted_per_s=54.70 draft=606/449
[2026-10-01T15:30:35] (767/1334) id=299 zh finish=stop completion=539 wall=11.2s predicted_per_s=51.96 draft=528/365
[2026-10-01T15:30:39] (768/1334) id=300 en finish=stop completion=184 wall=3.9s predicted_per_s=61.00 draft=153/132
[2026-10-01T15:30:42] (769/1334) id=300 es finish=stop completion=133 wall=3.0s predicted_per_s=60.71 draft=111/96
[2026-10-01T15:30:46] (770/1334) id=300 zh finish=stop completion=204 wall=4.4s predicted_per_s=56.59 draft=183/145
[2026-10-01T15:30:53] (771/1334) id=301 en finish=stop completion=358 wall=7.0s predicted_per_s=58.82 draft=309/256
[2026-10-01T15:30:59] (772/1334) id=301 es finish=stop completion=267 wall=5.7s predicted_per_s=57.14 draft=237/190
[2026-10-01T15:31:07] (773/1334) id=301 zh finish=stop completion=376 wall=7.8s predicted_per_s=54.07 draft=354/259
[2026-10-01T15:31:12] (774/1334) id=302 en finish=stop completion=315 wall=5.8s predicted_per_s=63.52 draft=252/231
[2026-10-01T15:31:22] (775/1334) id=302 es finish=stop completion=497 wall=9.5s predicted_per_s=57.80 draft=438/350
[2026-10-01T15:31:27] (776/1334) id=302 zh finish=stop completion=262 wall=5.3s predicted_per_s=59.24 draft=225/187
[2026-10-01T15:31:31] (777/1334) id=303 en finish=stop completion=213 wall=4.3s predicted_per_s=63.21 draft=171/155
[2026-10-01T15:31:37] (778/1334) id=303 es finish=stop completion=239 wall=5.0s predicted_per_s=58.69 draft=207/170
[2026-10-01T15:31:45] (779/1334) id=303 zh finish=stop completion=447 wall=8.7s predicted_per_s=56.99 draft=399/315
[2026-10-01T15:31:54] (780/1334) id=304 en finish=stop completion=417 wall=8.3s predicted_per_s=55.69 draft=381/291
[2026-10-01T15:32:07] (781/1334) id=304 es finish=stop completion=642 wall=13.2s predicted_per_s=52.37 draft=624/433
[2026-10-01T15:32:18] (782/1334) id=304 zh finish=stop completion=546 wall=10.9s predicted_per_s=54.43 draft=510/377
[2026-10-01T15:32:25] (783/1334) id=305 en finish=stop completion=404 wall=7.5s predicted_per_s=60.55 draft=339/291
[2026-10-01T15:32:36] (784/1334) id=305 es finish=stop completion=564 wall=10.8s predicted_per_s=56.89 draft=504/398
[2026-10-01T15:32:46] (785/1334) id=305 zh finish=stop completion=492 wall=9.8s predicted_per_s=54.88 draft=456/341
[2026-10-01T15:33:11] (786/1334) id=306 en finish=stop completion=1231 wall=24.8s predicted_per_s=51.16 draft=1224/825
[2026-10-01T15:33:14] (787/1334) id=306 es finish=stop completion=132 wall=3.3s predicted_per_s=53.05 draft=126/92
[2026-10-01T15:33:19] (788/1334) id=306 zh finish=stop completion=255 wall=5.5s predicted_per_s=54.65 draft=237/177
[2026-10-01T15:33:22] (789/1334) id=307 en finish=stop completion=88 wall=2.3s predicted_per_s=59.16 draft=75/62
[2026-10-01T15:33:26] (790/1334) id=307 es finish=stop completion=218 wall=4.3s predicted_per_s=62.48 draft=177/160
[2026-10-01T15:33:29] (791/1334) id=307 zh finish=stop completion=96 wall=2.5s predicted_per_s=57.76 draft=84/67
[2026-10-01T15:33:34] (792/1334) id=308 en finish=stop completion=290 wall=5.8s predicted_per_s=59.13 draft=249/207
[2026-10-01T15:33:41] (793/1334) id=308 es finish=stop completion=323 wall=6.4s predicted_per_s=58.78 draft=279/229
[2026-10-01T15:33:46] (794/1334) id=308 zh finish=stop completion=244 wall=5.4s predicted_per_s=53.69 draft=231/167
[2026-10-01T15:33:52] (795/1334) id=309 en finish=stop completion=291 wall=6.0s predicted_per_s=56.68 draft=261/205
[2026-10-01T15:33:58] (796/1334) id=309 es finish=stop completion=290 wall=5.9s predicted_per_s=57.75 draft=255/204
[2026-10-01T15:34:05] (797/1334) id=309 zh finish=stop completion=358 wall=7.4s predicted_per_s=55.12 draft=330/247
[2026-10-01T15:34:09] (798/1334) id=310 en finish=stop completion=143 wall=3.6s predicted_per_s=52.82 draft=135/100
[2026-10-01T15:34:17] (799/1334) id=310 es finish=stop completion=354 wall=7.6s predicted_per_s=53.81 draft=333/244
[2026-10-01T15:34:21] (800/1334) id=310 zh finish=stop completion=183 wall=4.1s predicted_per_s=57.08 draft=162/129
[2026-10-01T15:34:25] (801/1334) id=311 en finish=stop completion=181 wall=3.9s predicted_per_s=59.81 draft=153/129
[2026-10-01T15:34:29] (802/1334) id=311 es finish=stop completion=206 wall=4.6s predicted_per_s=56.09 draft=186/143
[2026-10-01T15:34:36] (803/1334) id=311 zh finish=stop completion=298 wall=6.4s predicted_per_s=54.30 draft=279/207
[2026-10-01T15:34:41] (804/1334) id=312 en finish=stop completion=295 wall=5.7s predicted_per_s=60.81 draft=246/213
[2026-10-01T15:34:50] (805/1334) id=312 es finish=stop completion=404 wall=9.0s predicted_per_s=50.56 draft=399/270
[2026-10-01T15:34:57] (806/1334) id=312 zh finish=stop completion=268 wall=6.6s predicted_per_s=47.87 draft=279/175
[2026-10-01T15:34:59] (807/1334) id=313 en finish=stop completion=93 wall=2.5s predicted_per_s=61.46 draft=75/67
[2026-10-01T15:35:03] (808/1334) id=313 es finish=stop completion=140 wall=3.2s predicted_per_s=62.63 draft=111/102
[2026-10-01T15:35:05] (809/1334) id=313 zh finish=stop completion=88 wall=2.7s predicted_per_s=48.83 draft=90/59
[2026-10-01T15:35:09] (810/1334) id=314 en finish=stop completion=157 wall=3.4s predicted_per_s=63.84 draft=123/115
[2026-10-01T15:35:12] (811/1334) id=314 es finish=stop completion=162 wall=3.6s predicted_per_s=61.44 draft=132/117
[2026-10-01T15:35:16] (812/1334) id=314 zh finish=stop completion=163 wall=4.2s predicted_per_s=50.42 draft=162/109
[2026-10-01T15:35:22] (813/1334) id=315 en finish=stop completion=244 wall=5.1s predicted_per_s=57.43 draft=213/174
[2026-10-01T15:35:30] (814/1334) id=315 es finish=stop completion=419 wall=8.6s predicted_per_s=54.78 draft=384/293
[2026-10-01T15:35:38] (815/1334) id=315 zh finish=stop completion=394 wall=7.9s predicted_per_s=56.84 draft=348/279
[2026-10-01T15:35:41] (816/1334) id=316 en finish=stop completion=115 wall=3.0s predicted_per_s=56.36 draft=102/81
[2026-10-01T15:35:45] (817/1334) id=316 es finish=stop completion=186 wall=4.3s predicted_per_s=55.98 draft=165/131
[2026-10-01T15:35:49] (818/1334) id=316 zh finish=stop completion=132 wall=3.3s predicted_per_s=57.67 draft=114/93
[2026-10-01T15:35:53] (819/1334) id=317 en finish=stop completion=181 wall=4.1s predicted_per_s=60.34 draft=150/131
[2026-10-01T15:35:57] (820/1334) id=317 es finish=stop completion=188 wall=4.4s predicted_per_s=56.50 draft=165/135
[2026-10-01T15:36:02] (821/1334) id=317 zh finish=stop completion=195 wall=4.7s predicted_per_s=55.24 draft=177/138
[2026-10-01T15:36:07] (822/1334) id=318 en finish=stop completion=233 wall=4.9s predicted_per_s=60.58 draft=192/168
[2026-10-01T15:36:12] (823/1334) id=318 es finish=stop completion=264 wall=5.8s predicted_per_s=55.71 draft=237/185
[2026-10-01T15:36:17] (824/1334) id=318 zh finish=stop completion=180 wall=4.1s predicted_per_s=57.37 draft=156/129
[2026-10-01T15:36:34] (825/1334) id=319 en finish=stop completion=907 wall=17.8s predicted_per_s=54.03 draft=840/628
[2026-10-01T15:36:45] (826/1334) id=319 es finish=stop completion=538 wall=10.5s predicted_per_s=57.03 draft=471/382
[2026-10-01T15:36:51] (827/1334) id=319 zh finish=stop completion=305 wall=6.5s predicted_per_s=54.80 draft=279/214
[2026-10-01T15:37:01] (828/1334) id=320 en finish=stop completion=516 wall=10.0s predicted_per_s=57.43 draft=450/368
[2026-10-01T15:37:16] (829/1334) id=320 es finish=stop completion=772 wall=14.9s predicted_per_s=55.72 draft=690/541
[2026-10-01T15:37:28] (830/1334) id=320 zh finish=stop completion=585 wall=12.1s predicted_per_s=52.72 draft=555/400
[2026-10-01T15:37:38] (831/1334) id=321 en finish=stop completion=460 wall=9.1s predicted_per_s=56.26 draft=408/326
[2026-10-01T15:37:50] (832/1334) id=321 es finish=stop completion=603 wall=12.6s predicted_per_s=52.08 draft=579/411
[2026-10-01T15:38:00] (833/1334) id=321 zh finish=stop completion=459 wall=10.0s predicted_per_s=50.57 draft=456/309
[2026-10-01T15:38:05] (834/1334) id=322 en finish=stop completion=248 wall=5.2s predicted_per_s=58.06 draft=213/177
[2026-10-01T15:38:12] (835/1334) id=322 es finish=stop completion=323 wall=7.0s predicted_per_s=54.40 draft=297/226
[2026-10-01T15:38:17] (836/1334) id=322 zh finish=stop completion=183 wall=4.5s predicted_per_s=51.67 draft=177/123
[2026-10-01T15:38:21] (837/1334) id=323 en finish=stop completion=194 wall=4.1s predicted_per_s=61.17 draft=159/140
[2026-10-01T15:38:27] (838/1334) id=323 es finish=stop completion=247 wall=5.6s predicted_per_s=53.53 draft=231/170
[2026-10-01T15:38:32] (839/1334) id=323 zh finish=stop completion=214 wall=5.1s predicted_per_s=51.53 draft=207/145
[2026-10-01T15:38:36] (840/1334) id=324 en finish=stop completion=180 wall=3.9s predicted_per_s=59.57 draft=150/130
[2026-10-01T15:38:55] (841/1334) id=324 es finish=stop completion=940 wall=19.4s predicted_per_s=51.02 draft=921/632
[2026-10-01T15:38:58] (842/1334) id=324 zh finish=stop completion=137 wall=3.3s predicted_per_s=56.75 draft=120/97
[2026-10-01T15:39:05] (843/1334) id=325 en finish=stop completion=308 wall=6.4s predicted_per_s=56.37 draft=273/216
[2026-10-01T15:39:16] (844/1334) id=325 es finish=stop completion=565 wall=10.9s predicted_per_s=56.61 draft=501/398
[2026-10-01T15:39:22] (845/1334) id=325 zh finish=stop completion=287 wall=6.3s predicted_per_s=53.63 draft=267/200
[2026-10-01T15:39:30] (846/1334) id=326 en finish=stop completion=391 wall=7.8s predicted_per_s=56.85 draft=345/278
[2026-10-01T15:39:38] (847/1334) id=326 es finish=stop completion=423 wall=8.5s predicted_per_s=56.10 draft=378/298
[2026-10-01T15:39:48] (848/1334) id=326 zh finish=stop completion=464 wall=9.5s predicted_per_s=53.81 draft=432/320
[2026-10-01T15:39:57] (849/1334) id=327 en finish=stop completion=448 wall=8.8s predicted_per_s=57.02 draft=393/316
[2026-10-01T15:40:06] (850/1334) id=327 es finish=stop completion=456 wall=8.8s predicted_per_s=57.90 draft=393/324
[2026-10-01T15:40:14] (851/1334) id=327 zh finish=stop completion=426 wall=8.5s predicted_per_s=55.68 draft=384/300
[2026-10-01T15:40:25] (852/1334) id=328 en finish=stop completion=588 wall=11.5s predicted_per_s=55.85 draft=528/414
[2026-10-01T15:40:38] (853/1334) id=328 es finish=stop completion=628 wall=12.5s predicted_per_s=54.89 draft=573/439
[2026-10-01T15:40:53] (854/1334) id=328 zh finish=stop completion=759 wall=15.2s predicted_per_s=53.67 draft=708/522
[2026-10-01T15:41:02] (855/1334) id=329 en finish=stop completion=452 wall=8.6s predicted_per_s=59.79 draft=378/326
[2026-10-01T15:41:11] (856/1334) id=329 es finish=stop completion=424 wall=9.1s predicted_per_s=53.07 draft=402/290
[2026-10-01T15:41:21] (857/1334) id=329 zh finish=stop completion=472 wall=9.6s predicted_per_s=54.30 draft=438/328
[2026-10-01T15:41:24] (858/1334) id=330 en finish=stop completion=153 wall=3.4s predicted_per_s=63.45 draft=120/112
[2026-10-01T15:41:29] (859/1334) id=330 es finish=stop completion=220 wall=4.8s predicted_per_s=57.28 draft=192/158
[2026-10-01T15:41:32] (860/1334) id=330 zh finish=stop completion=151 wall=3.6s predicted_per_s=57.11 draft=132/109
[2026-10-01T15:41:36] (861/1334) id=331 en finish=stop completion=154 wall=3.7s predicted_per_s=55.72 draft=138/109
[2026-10-01T15:41:42] (862/1334) id=331 es finish=stop completion=247 wall=5.8s predicted_per_s=50.94 draft=243/166
[2026-10-01T15:41:48] (863/1334) id=331 zh finish=stop completion=288 wall=6.6s predicted_per_s=50.71 draft=285/195
[2026-10-01T15:41:53] (864/1334) id=332 en finish=stop completion=192 wall=4.5s predicted_per_s=53.67 draft=180/132
[2026-10-01T15:41:58] (865/1334) id=332 es finish=stop completion=231 wall=5.2s predicted_per_s=54.39 draft=213/162
[2026-10-01T15:42:03] (866/1334) id=332 zh finish=stop completion=201 wall=4.7s predicted_per_s=52.46 draft=192/139
[2026-10-01T15:42:07] (867/1334) id=333 en finish=stop completion=185 wall=4.1s predicted_per_s=59.31 draft=156/134
[2026-10-01T15:42:13] (868/1334) id=333 es finish=stop completion=296 wall=6.0s predicted_per_s=58.96 draft=252/211
[2026-10-01T15:42:19] (869/1334) id=333 zh finish=stop completion=273 wall=5.8s predicted_per_s=56.97 draft=240/195
[2026-10-01T15:42:22] (870/1334) id=334 en finish=stop completion=134 wall=3.2s predicted_per_s=58.47 draft=114/98
[2026-10-01T15:42:28] (871/1334) id=334 es finish=stop completion=296 wall=6.4s predicted_per_s=54.86 draft=270/208
[2026-10-01T15:42:32] (872/1334) id=334 zh finish=stop completion=177 wall=4.1s predicted_per_s=57.36 draft=153/127
[2026-10-01T15:42:39] (873/1334) id=335 en finish=stop completion=341 wall=6.9s predicted_per_s=58.68 draft=291/244
[2026-10-01T15:42:45] (874/1334) id=335 es finish=stop completion=321 wall=6.3s predicted_per_s=61.51 draft=261/233
[2026-10-01T15:42:57] (875/1334) id=335 zh finish=stop completion=557 wall=11.5s predicted_per_s=53.41 draft=522/384
[2026-10-01T15:43:00] (876/1334) id=336 en finish=stop completion=104 wall=2.7s predicted_per_s=59.40 draft=87/76
[2026-10-01T15:43:04] (877/1334) id=336 es finish=stop completion=225 wall=4.6s predicted_per_s=60.68 draft=186/165
[2026-10-01T15:43:07] (878/1334) id=336 zh finish=stop completion=139 wall=3.1s predicted_per_s=64.29 draft=108/104
[2026-10-01T15:43:16] (879/1334) id=337 en finish=stop completion=424 wall=8.6s predicted_per_s=55.35 draft=384/298
[2026-10-01T15:43:25] (880/1334) id=337 es finish=stop completion=433 wall=8.8s predicted_per_s=56.04 draft=387/306
[2026-10-01T15:43:35] (881/1334) id=337 zh finish=stop completion=492 wall=10.5s predicted_per_s=51.39 draft=480/332
[2026-10-01T15:43:42] (882/1334) id=338 en finish=stop completion=315 wall=6.8s predicted_per_s=54.26 draft=291/218
[2026-10-01T15:44:01] (883/1334) id=338 es finish=stop completion=896 wall=18.5s predicted_per_s=50.96 draft=882/604
[2026-10-01T15:44:06] (884/1334) id=338 zh finish=stop completion=228 wall=5.5s predicted_per_s=50.04 draft=228/154
[2026-10-01T15:44:13] (885/1334) id=339 en finish=stop completion=345 wall=6.8s predicted_per_s=59.17 draft=291/250
[2026-10-01T15:44:19] (886/1334) id=339 es finish=stop completion=320 wall=6.4s predicted_per_s=59.23 draft=270/229
[2026-10-01T15:44:23] (887/1334) id=339 zh finish=stop completion=176 wall=4.3s predicted_per_s=52.54 draft=168/120
[2026-10-01T15:44:32] (888/1334) id=340 en finish=stop completion=419 wall=8.6s predicted_per_s=55.19 draft=381/293
[2026-10-01T15:44:42] (889/1334) id=340 es finish=stop completion=464 wall=9.5s predicted_per_s=54.58 draft=426/322
[2026-10-01T15:44:49] (890/1334) id=340 zh finish=stop completion=355 wall=7.7s predicted_per_s=52.82 draft=336/243
[2026-10-01T15:45:13] (891/1334) id=341 en finish=stop completion=1147 wall=23.7s predicted_per_s=50.26 draft=1143/765
[2026-10-01T15:45:27] (892/1334) id=341 es finish=stop completion=690 wall=13.9s predicted_per_s=53.27 draft=651/472
[2026-10-01T15:45:43] (893/1334) id=341 zh finish=stop completion=808 wall=16.5s predicted_per_s=51.75 draft=783/547
[2026-10-01T15:45:49] (894/1334) id=342 en finish=stop completion=244 wall=5.7s predicted_per_s=52.13 draft=234/168
[2026-10-01T15:45:57] (895/1334) id=342 es finish=stop completion=367 wall=8.2s predicted_per_s=51.73 draft=354/248
[2026-10-01T15:46:04] (896/1334) id=342 zh finish=stop completion=300 wall=7.0s predicted_per_s=50.09 draft=300/202
[2026-10-01T15:46:19] (897/1334) id=343 en finish=stop completion=705 wall=14.6s predicted_per_s=51.64 draft=684/477
[2026-10-01T15:46:31] (898/1334) id=343 es finish=stop completion=608 wall=12.2s predicted_per_s=54.04 draft=564/419
[2026-10-01T15:46:41] (899/1334) id=343 zh finish=stop completion=462 wall=10.1s predicted_per_s=50.55 draft=459/309
[2026-10-01T15:46:45] (900/1334) id=344 en finish=stop completion=148 wall=3.7s predicted_per_s=51.69 draft=144/100
[2026-10-01T15:46:49] (901/1334) id=344 es finish=stop completion=147 wall=3.8s predicted_per_s=52.29 draft=141/102
[2026-10-01T15:46:52] (902/1334) id=344 zh finish=stop completion=125 wall=3.4s predicted_per_s=49.67 draft=126/82
[2026-10-01T15:46:58] (903/1334) id=345 en finish=stop completion=289 wall=6.0s predicted_per_s=56.07 draft=258/204
[2026-10-01T15:47:06] (904/1334) id=345 es finish=stop completion=371 wall=8.2s predicted_per_s=51.21 draft=363/250
[2026-10-01T15:47:11] (905/1334) id=345 zh finish=stop completion=245 wall=5.1s predicted_per_s=57.77 draft=213/176
[2026-10-01T15:47:16] (906/1334) id=346 en finish=stop completion=238 wall=4.9s predicted_per_s=60.10 draft=198/174
[2026-10-01T15:47:25] (907/1334) id=346 es finish=stop completion=452 wall=8.9s predicted_per_s=57.32 draft=396/322
[2026-10-01T15:47:31] (908/1334) id=346 zh finish=stop completion=250 wall=5.8s predicted_per_s=52.15 draft=240/171
[2026-10-01T15:47:40] (909/1334) id=347 en finish=stop completion=446 wall=9.1s predicted_per_s=55.19 draft=405/310
[2026-10-01T15:47:51] (910/1334) id=347 es finish=stop completion=517 wall=10.9s predicted_per_s=52.78 draft=492/354
[2026-10-01T15:47:59] (911/1334) id=347 zh finish=stop completion=380 wall=8.4s predicted_per_s=50.89 draft=375/255
[2026-10-01T15:48:04] (912/1334) id=348 en finish=stop completion=242 wall=5.1s predicted_per_s=58.51 draft=207/174
[2026-10-01T15:48:12] (913/1334) id=348 es finish=stop completion=342 wall=7.9s predicted_per_s=49.31 draft=348/228
[2026-10-01T15:48:19] (914/1334) id=348 zh finish=stop completion=285 wall=6.2s predicted_per_s=54.10 draft=264/196
[2026-10-01T15:48:28] (915/1334) id=349 en finish=stop completion=448 wall=9.2s predicted_per_s=54.42 draft=414/312
[2026-10-01T15:48:39] (916/1334) id=349 es finish=stop completion=494 wall=11.1s predicted_per_s=48.94 draft=510/325
[2026-10-01T15:48:48] (917/1334) id=349 zh finish=stop completion=417 wall=9.2s predicted_per_s=50.31 draft=420/278
[2026-10-01T15:49:16] (918/1334) id=350 en finish=stop completion=1365 wall=27.5s predicted_per_s=51.36 draft=1338/918
[2026-10-01T15:49:52] (919/1334) id=350 es finish=stop completion=1829 wall=36.7s predicted_per_s=51.16 draft=1809/1227
[2026-10-01T15:50:19] (920/1334) id=350 zh finish=stop completion=1309 wall=26.4s predicted_per_s=51.41 draft=1296/879
[2026-10-01T15:50:24] (921/1334) id=351 en finish=stop completion=239 wall=4.9s predicted_per_s=58.70 draft=207/172
[2026-10-01T15:50:40] (922/1334) id=351 es finish=stop completion=843 wall=16.8s predicted_per_s=52.81 draft=813/571
[2026-10-01T15:50:45] (923/1334) id=351 zh finish=stop completion=233 wall=5.1s predicted_per_s=54.84 draft=216/161
[2026-10-01T15:50:48] (924/1334) id=352 en finish=stop completion=116 wall=2.7s predicted_per_s=59.34 draft=99/82
[2026-10-01T15:50:52] (925/1334) id=352 es finish=stop completion=168 wall=3.8s predicted_per_s=56.80 draft=150/120
[2026-10-01T15:50:56] (926/1334) id=352 zh finish=stop completion=169 wall=3.8s predicted_per_s=57.15 draft=150/118
[2026-10-01T15:51:06] (927/1334) id=353 en finish=stop completion=496 wall=10.1s predicted_per_s=53.57 draft=471/338
[2026-10-01T15:51:21] (928/1334) id=353 es finish=stop completion=768 wall=15.0s predicted_per_s=54.71 draft=714/532
[2026-10-01T15:51:29] (929/1334) id=353 zh finish=stop completion=367 wall=7.9s predicted_per_s=52.48 draft=354/250
[2026-10-01T15:51:37] (930/1334) id=354 en finish=stop completion=403 wall=8.3s predicted_per_s=54.59 draft=372/278
[2026-10-01T15:51:47] (931/1334) id=354 es finish=stop completion=447 wall=9.5s predicted_per_s=52.97 draft=426/304
[2026-10-01T15:51:56] (932/1334) id=354 zh finish=stop completion=444 wall=9.1s predicted_per_s=54.28 draft=414/308
[2026-10-01T15:52:00] (933/1334) id=355 en finish=stop completion=191 wall=3.8s predicted_per_s=65.50 draft=147/141
[2026-10-01T15:52:06] (934/1334) id=355 es finish=stop completion=313 wall=6.3s predicted_per_s=58.56 draft=270/225
[2026-10-01T15:52:10] (935/1334) id=355 zh finish=stop completion=191 wall=4.2s predicted_per_s=57.43 draft=168/134
[2026-10-01T15:52:14] (936/1334) id=356 en finish=stop completion=179 wall=4.0s predicted_per_s=57.92 draft=156/126
[2026-10-01T15:52:21] (937/1334) id=356 es finish=stop completion=341 wall=6.9s predicted_per_s=56.89 draft=303/239
[2026-10-01T15:52:26] (938/1334) id=356 zh finish=stop completion=216 wall=4.9s predicted_per_s=53.56 draft=204/147
[2026-10-01T15:52:29] (939/1334) id=357 en finish=stop completion=127 wall=2.9s predicted_per_s=62.61 draft=102/93
[2026-10-01T15:52:33] (940/1334) id=357 es finish=stop completion=195 wall=4.1s predicted_per_s=60.75 draft=162/142
[2026-10-01T15:52:38] (941/1334) id=357 zh finish=stop completion=256 wall=5.4s predicted_per_s=57.52 draft=225/183
[2026-10-01T15:52:41] (942/1334) id=358 en finish=stop completion=123 wall=3.0s predicted_per_s=57.36 draft=108/87
[2026-10-01T15:52:47] (943/1334) id=358 es finish=stop completion=286 wall=5.6s predicted_per_s=60.96 draft=237/207
[2026-10-01T15:52:50] (944/1334) id=358 zh finish=stop completion=112 wall=2.9s predicted_per_s=53.82 draft=105/78
[2026-10-01T15:52:56] (945/1334) id=359 en finish=stop completion=340 wall=6.6s predicted_per_s=59.10 draft=291/242
[2026-10-01T15:53:02] (946/1334) id=359 es finish=stop completion=266 wall=5.8s predicted_per_s=54.01 draft=249/183
[2026-10-01T15:53:07] (947/1334) id=359 zh finish=stop completion=201 wall=4.9s predicted_per_s=49.85 draft=204/133
[2026-10-01T15:53:14] (948/1334) id=360 en finish=stop completion=376 wall=7.3s predicted_per_s=58.65 draft=324/268
[2026-10-01T15:53:26] (949/1334) id=360 es finish=stop completion=540 wall=11.5s predicted_per_s=51.47 draft=531/362
[2026-10-01T15:53:32] (950/1334) id=360 zh finish=stop completion=284 wall=6.2s predicted_per_s=53.22 draft=270/195
[2026-10-01T15:53:41] (951/1334) id=361 en finish=stop completion=451 wall=8.4s predicted_per_s=59.81 draft=381/324
[2026-10-01T15:53:53] (952/1334) id=361 es finish=stop completion=584 wall=12.5s predicted_per_s=50.81 draft=582/389
[2026-10-01T15:54:01] (953/1334) id=361 zh finish=stop completion=348 wall=7.6s predicted_per_s=51.94 draft=339/235
[2026-10-01T15:54:10] (954/1334) id=362 en finish=stop completion=480 wall=9.4s predicted_per_s=56.96 draft=426/339
[2026-10-01T15:54:23] (955/1334) id=362 es finish=stop completion=660 wall=13.1s predicted_per_s=54.55 draft=612/458
[2026-10-01T15:54:31] (956/1334) id=362 zh finish=stop completion=389 wall=8.1s predicted_per_s=54.19 draft=363/268
[2026-10-01T15:54:45] (957/1334) id=363 en finish=stop completion=688 wall=13.3s predicted_per_s=55.26 draft=630/479
[2026-10-01T15:54:52] (958/1334) id=363 es finish=stop completion=362 wall=7.7s predicted_per_s=53.56 draft=342/247
[2026-10-01T15:54:59] (959/1334) id=363 zh finish=stop completion=344 wall=7.2s predicted_per_s=54.23 draft=321/237
[2026-10-01T15:55:08] (960/1334) id=364 en finish=stop completion=417 wall=8.3s predicted_per_s=56.67 draft=372/294
[2026-10-01T15:55:18] (961/1334) id=364 es finish=stop completion=505 wall=10.4s predicted_per_s=53.69 draft=474/346
[2026-10-01T15:55:25] (962/1334) id=364 zh finish=stop completion=342 wall=7.2s predicted_per_s=54.75 draft=315/237
[2026-10-01T15:55:31] (963/1334) id=365 en finish=stop completion=274 wall=5.7s predicted_per_s=58.17 draft=237/197
[2026-10-01T15:55:38] (964/1334) id=365 es finish=stop completion=332 wall=6.8s predicted_per_s=57.48 draft=291/234
[2026-10-01T15:55:44] (965/1334) id=365 zh finish=stop completion=295 wall=6.2s predicted_per_s=56.30 draft=264/206
[2026-10-01T15:55:50] (966/1334) id=366 en finish=stop completion=254 wall=5.4s predicted_per_s=55.98 draft=228/177
[2026-10-01T15:55:56] (967/1334) id=366 es finish=stop completion=289 wall=6.2s predicted_per_s=55.11 draft=264/203
[2026-10-01T15:56:02] (968/1334) id=366 zh finish=stop completion=287 wall=6.4s predicted_per_s=52.47 draft=276/195
[2026-10-01T15:56:07] (969/1334) id=367 en finish=stop completion=227 wall=4.7s predicted_per_s=59.37 draft=192/163
[2026-10-01T15:56:14] (970/1334) id=367 es finish=stop completion=337 wall=7.1s predicted_per_s=54.99 draft=309/234
[2026-10-01T15:56:19] (971/1334) id=367 zh finish=stop completion=257 wall=5.3s predicted_per_s=58.52 draft=222/182
[2026-10-01T15:56:23] (972/1334) id=368 en finish=stop completion=160 wall=3.8s predicted_per_s=56.19 draft=144/113
[2026-10-01T15:56:28] (973/1334) id=368 es finish=stop completion=240 wall=4.9s predicted_per_s=60.49 draft=201/173
[2026-10-01T15:56:33] (974/1334) id=368 zh finish=stop completion=234 wall=5.4s predicted_per_s=51.51 draft=231/159
[2026-10-01T15:56:36] (975/1334) id=369 en finish=stop completion=147 wall=3.2s predicted_per_s=63.61 draft=117/109
[2026-10-01T15:56:41] (976/1334) id=369 es finish=stop completion=214 wall=4.6s predicted_per_s=58.42 draft=186/152
[2026-10-01T15:56:45] (977/1334) id=369 zh finish=stop completion=149 wall=3.6s predicted_per_s=54.82 draft=138/102
[2026-10-01T15:56:49] (978/1334) id=370 en finish=stop completion=202 wall=4.4s predicted_per_s=58.00 draft=177/142
[2026-10-01T15:56:55] (979/1334) id=370 es finish=stop completion=279 wall=5.7s predicted_per_s=58.34 draft=243/198
[2026-10-01T15:57:00] (980/1334) id=370 zh finish=stop completion=206 wall=4.9s predicted_per_s=50.64 draft=207/137
[2026-10-01T15:57:06] (981/1334) id=371 en finish=stop completion=325 wall=6.5s predicted_per_s=58.59 draft=282/231
[2026-10-01T15:57:14] (982/1334) id=371 es finish=stop completion=419 wall=8.2s predicted_per_s=58.71 draft=363/297
[2026-10-01T15:57:23] (983/1334) id=371 zh finish=stop completion=416 wall=8.4s predicted_per_s=55.57 draft=381/289
[2026-10-01T15:57:31] (984/1334) id=372 en finish=stop completion=442 wall=8.7s predicted_per_s=57.21 draft=393/312
[2026-10-01T15:57:40] (985/1334) id=372 es finish=stop completion=432 wall=8.7s predicted_per_s=55.94 draft=393/303
[2026-10-01T15:57:47] (986/1334) id=372 zh finish=stop completion=310 wall=6.4s predicted_per_s=56.52 draft=279/217
[2026-10-01T15:57:51] (987/1334) id=373 en finish=stop completion=192 wall=4.0s predicted_per_s=61.30 draft=159/141
[2026-10-01T15:57:56] (988/1334) id=373 es finish=stop completion=260 wall=5.7s predicted_per_s=55.80 draft=237/181
[2026-10-01T15:58:00] (989/1334) id=373 zh finish=stop completion=193 wall=4.1s predicted_per_s=59.39 draft=165/138
[2026-10-01T15:58:08] (990/1334) id=374 en finish=stop completion=383 wall=7.6s predicted_per_s=56.49 draft=345/269
[2026-10-01T15:58:38] (991/1334) id=374 es finish=stop completion=1562 wall=29.7s predicted_per_s=54.33 draft=1461/1076
[2026-10-01T15:58:47] (992/1334) id=374 zh finish=stop completion=497 wall=9.6s predicted_per_s=56.95 draft=444/349
[2026-10-01T15:58:54] (993/1334) id=375 en finish=stop completion=283 wall=6.3s predicted_per_s=52.77 draft=273/194
[2026-10-01T15:59:02] (994/1334) id=375 es finish=stop completion=412 wall=8.3s predicted_per_s=56.31 draft=372/288
[2026-10-01T15:59:07] (995/1334) id=375 zh finish=stop completion=227 wall=5.1s predicted_per_s=53.39 draft=216/156
[2026-10-01T15:59:16] (996/1334) id=376 en finish=stop completion=458 wall=9.1s predicted_per_s=55.21 draft=420/318
[2026-10-01T15:59:24] (997/1334) id=376 es finish=stop completion=396 wall=8.1s predicted_per_s=54.56 draft=369/272
[2026-10-01T15:59:33] (998/1334) id=376 zh finish=stop completion=416 wall=8.8s predicted_per_s=52.27 draft=405/283
[2026-10-01T15:59:43] (999/1334) id=377 en finish=stop completion=516 wall=10.2s predicted_per_s=55.06 draft=477/357
[2026-10-01T15:59:56] (1000/1334) id=377 es finish=stop completion=646 wall=12.6s predicted_per_s=55.31 draft=594/448
[2026-10-01T16:00:07] (1001/1334) id=377 zh finish=stop completion=566 wall=11.5s predicted_per_s=53.29 draft=540/386
[2026-10-01T16:00:11] (1002/1334) id=378 en finish=stop completion=145 wall=3.3s predicted_per_s=62.33 draft=117/107
[2026-10-01T16:00:17] (1003/1334) id=378 es finish=stop completion=301 wall=6.1s predicted_per_s=60.67 draft=249/218
[2026-10-01T16:00:21] (1004/1334) id=378 zh finish=stop completion=183 wall=4.1s predicted_per_s=59.15 draft=156/130
[2026-10-01T16:00:30] (1005/1334) id=379 en finish=stop completion=434 wall=8.6s predicted_per_s=56.73 draft=387/304
[2026-10-01T16:00:40] (1006/1334) id=379 es finish=stop completion=521 wall=10.1s predicted_per_s=57.43 draft=459/367
[2026-10-01T16:00:48] (1007/1334) id=379 zh finish=stop completion=391 wall=8.1s predicted_per_s=54.53 draft=363/269
[2026-10-01T16:00:53] (1008/1334) id=380 en finish=stop completion=265 wall=5.4s predicted_per_s=58.73 draft=228/191
[2026-10-01T16:00:58] (1009/1334) id=380 es finish=stop completion=213 wall=4.7s predicted_per_s=57.62 draft=186/151
[2026-10-01T16:01:02] (1010/1334) id=380 zh finish=stop completion=163 wall=3.8s predicted_per_s=56.85 draft=144/114
[2026-10-01T16:01:07] (1011/1334) id=381 en finish=stop completion=285 wall=5.9s predicted_per_s=57.38 draft=249/203
[2026-10-01T16:01:15] (1012/1334) id=381 es finish=stop completion=372 wall=7.8s predicted_per_s=54.26 draft=345/258
[2026-10-01T16:01:21] (1013/1334) id=381 zh finish=stop completion=283 wall=5.8s predicted_per_s=57.86 draft=246/201
[2026-10-01T16:01:28] (1014/1334) id=382 en finish=stop completion=345 wall=7.1s predicted_per_s=55.89 draft=309/242
[2026-10-01T16:01:37] (1015/1334) id=382 es finish=stop completion=416 wall=9.1s predicted_per_s=52.18 draft=402/283
[2026-10-01T16:01:45] (1016/1334) id=382 zh finish=stop completion=352 wall=7.4s predicted_per_s=54.65 draft=324/244
[2026-10-01T16:01:53] (1017/1334) id=383 en finish=stop completion=395 wall=7.9s predicted_per_s=56.66 draft=351/280
[2026-10-01T16:02:25] (1018/1334) id=383 es finish=stop completion=1561 wall=32.0s predicted_per_s=50.21 draft=1566/1038
[2026-10-01T16:02:29] (1019/1334) id=383 zh finish=stop completion=229 wall=4.9s predicted_per_s=57.34 draft=201/163
[2026-10-01T16:02:39] (1020/1334) id=384 en finish=stop completion=501 wall=9.7s predicted_per_s=57.98 draft=435/355
[2026-10-01T16:02:56] (1021/1334) id=384 es finish=stop completion=869 wall=17.0s predicted_per_s=54.77 draft=795/605
[2026-10-01T16:03:09] (1022/1334) id=384 zh finish=stop completion=705 wall=13.3s predicted_per_s=57.08 draft=621/498
[2026-10-01T16:03:15] (1023/1334) id=385 en finish=stop completion=273 wall=5.7s predicted_per_s=57.30 draft=240/195
[2026-10-01T16:03:22] (1024/1334) id=385 es finish=stop completion=324 wall=6.5s predicted_per_s=58.53 draft=279/231
[2026-10-01T16:03:28] (1025/1334) id=385 zh finish=stop completion=307 wall=6.7s predicted_per_s=52.69 draft=294/210
[2026-10-01T16:03:47] (1026/1334) id=386 en finish=stop completion=949 wall=19.0s predicted_per_s=52.55 draft=909/647
[2026-10-01T16:04:07] (1027/1334) id=386 es finish=stop completion=970 wall=19.6s predicted_per_s=52.45 draft=930/659
[2026-10-01T16:04:24] (1028/1334) id=386 zh finish=stop completion=847 wall=17.4s predicted_per_s=51.67 draft=825/572
[2026-10-01T16:04:51] (1029/1334) id=387 en finish=stop completion=1375 wall=26.6s predicted_per_s=53.64 draft=1290/945
[2026-10-01T16:05:41] (1030/1334) id=387 es finish=stop completion=2440 wall=50.2s predicted_per_s=49.70 draft=2463/1618
[2026-10-01T16:06:27] (1031/1334) id=387 zh finish=stop completion=2370 wall=46.2s predicted_per_s=52.48 draft=2265/1614
[2026-10-01T16:06:30] (1032/1334) id=388 en finish=stop completion=122 wall=3.0s predicted_per_s=59.82 draft=102/87
[2026-10-01T16:06:43] (1033/1334) id=388 es finish=stop completion=630 wall=12.5s predicted_per_s=54.52 draft=582/436
[2026-10-01T16:06:47] (1034/1334) id=388 zh finish=stop completion=186 wall=4.5s predicted_per_s=51.17 draft=183/125
[2026-10-01T16:07:30] (1035/1334) id=389 en finish=stop completion=2153 wall=42.3s predicted_per_s=52.07 draft=2079/1459
[2026-10-01T16:08:09] (1036/1334) id=389 es finish=stop completion=1920 wall=39.9s predicted_per_s=49.30 draft=1959/1266
[2026-10-01T16:08:31] (1037/1334) id=389 zh finish=stop completion=963 wall=21.3s predicted_per_s=47.35 draft=1026/621
[2026-10-01T16:08:39] (1038/1334) id=390 en finish=stop completion=453 wall=8.6s predicted_per_s=59.37 draft=384/325
[2026-10-01T16:08:49] (1039/1334) id=390 es finish=stop completion=462 wall=10.1s predicted_per_s=50.70 draft=459/310
[2026-10-01T16:08:59] (1040/1334) id=390 zh finish=stop completion=465 wall=9.9s predicted_per_s=51.57 draft=453/314
[2026-10-01T16:09:07] (1041/1334) id=391 en finish=stop completion=334 wall=7.4s predicted_per_s=51.94 draft=324/226
[2026-10-01T16:09:16] (1042/1334) id=391 es finish=stop completion=431 wall=8.9s predicted_per_s=54.48 draft=399/297
[2026-10-01T16:09:23] (1043/1334) id=391 zh finish=stop completion=348 wall=7.2s predicted_per_s=55.70 draft=315/243
[2026-10-01T16:09:29] (1044/1334) id=392 en finish=stop completion=307 wall=6.3s predicted_per_s=57.79 draft=267/218
[2026-10-01T16:09:36] (1045/1334) id=392 es finish=stop completion=328 wall=7.2s predicted_per_s=53.01 draft=312/224
[2026-10-01T16:09:44] (1046/1334) id=392 zh finish=stop completion=409 wall=8.4s predicted_per_s=55.80 draft=369/288
[2026-10-01T16:09:53] (1047/1334) id=393 en finish=stop completion=391 wall=8.2s predicted_per_s=53.92 draft=366/271
[2026-10-01T16:10:13] (1048/1334) id=393 es finish=stop completion=963 wall=19.9s predicted_per_s=50.85 draft=954/644
[2026-10-01T16:10:26] (1049/1334) id=393 zh finish=stop completion=620 wall=13.0s predicted_per_s=50.88 draft=615/415
[2026-10-01T16:10:28] (1050/1334) id=394 en finish=stop completion=119 wall=2.8s predicted_per_s=64.09 draft=93/90
[2026-10-01T16:10:33] (1051/1334) id=394 es finish=stop completion=206 wall=4.4s predicted_per_s=59.51 draft=174/147
[2026-10-01T16:10:36] (1052/1334) id=394 zh finish=stop completion=122 wall=3.2s predicted_per_s=53.70 draft=114/83
[2026-10-01T16:10:42] (1053/1334) id=395 en finish=stop completion=282 wall=6.2s predicted_per_s=53.28 draft=267/192
[2026-10-01T16:10:52] (1054/1334) id=395 es finish=stop completion=472 wall=9.7s predicted_per_s=54.34 draft=438/327
[2026-10-01T16:10:58] (1055/1334) id=395 zh finish=stop completion=265 wall=6.4s predicted_per_s=47.92 draft=279/172
[2026-10-01T16:11:04] (1056/1334) id=396 en finish=stop completion=259 wall=5.3s predicted_per_s=58.05 draft=225/183
[2026-10-01T16:11:14] (1057/1334) id=396 es finish=stop completion=468 wall=10.3s predicted_per_s=50.18 draft=471/311
[2026-10-01T16:11:20] (1058/1334) id=396 zh finish=stop completion=299 wall=6.3s predicted_per_s=54.62 draft=276/206
[2026-10-01T16:11:26] (1059/1334) id=397 en finish=stop completion=302 wall=6.0s predicted_per_s=60.35 draft=252/220
[2026-10-01T16:11:36] (1060/1334) id=397 es finish=stop completion=468 wall=9.8s predicted_per_s=53.40 draft=441/322
[2026-10-01T16:11:42] (1061/1334) id=397 zh finish=stop completion=242 wall=5.6s predicted_per_s=53.14 draft=228/168
[2026-10-01T16:11:47] (1062/1334) id=398 en finish=stop completion=240 wall=5.1s predicted_per_s=57.44 draft=210/169
[2026-10-01T16:11:54] (1063/1334) id=398 es finish=stop completion=319 wall=6.9s predicted_per_s=54.72 draft=294/220
[2026-10-01T16:11:59] (1064/1334) id=398 zh finish=stop completion=227 wall=5.6s predicted_per_s=49.12 draft=231/150
[2026-10-01T16:12:12] (1065/1334) id=399 en finish=stop completion=666 wall=12.5s predicted_per_s=58.39 draft=573/475
[2026-10-01T16:12:22] (1066/1334) id=399 es finish=stop completion=526 wall=10.8s predicted_per_s=54.12 draft=486/365
[2026-10-01T16:12:33] (1067/1334) id=399 zh finish=stop completion=489 wall=10.2s predicted_per_s=52.81 draft=465/335
[2026-10-01T16:12:41] (1068/1334) id=400 en finish=stop completion=423 wall=8.4s predicted_per_s=58.99 draft=360/305
[2026-10-01T16:12:51] (1069/1334) id=400 es finish=stop completion=457 wall=9.8s predicted_per_s=54.31 draft=423/315
[2026-10-01T16:12:59] (1070/1334) id=400 zh finish=stop completion=414 wall=8.4s predicted_per_s=57.63 draft=360/293
[2026-10-01T16:13:04] (1071/1334) id=401 en finish=stop completion=212 wall=4.4s predicted_per_s=61.17 draft=174/154
[2026-10-01T16:13:08] (1072/1334) id=401 es finish=stop completion=181 wall=3.9s predicted_per_s=61.87 draft=147/131
[2026-10-01T16:13:12] (1073/1334) id=401 zh finish=stop completion=221 wall=5.0s predicted_per_s=54.63 draft=204/152
[2026-10-01T16:13:19] (1074/1334) id=402 en finish=stop completion=379 wall=7.0s predicted_per_s=62.29 draft=306/279
[2026-10-01T16:13:28] (1075/1334) id=402 es finish=stop completion=463 wall=8.7s predicted_per_s=60.74 draft=384/334
[2026-10-01T16:13:37] (1076/1334) id=402 zh finish=stop completion=444 wall=8.6s predicted_per_s=57.91 draft=387/315
[2026-10-01T16:13:43] (1077/1334) id=403 en finish=stop completion=300 wall=6.3s predicted_per_s=56.02 draft=270/211
[2026-10-01T16:13:51] (1078/1334) id=403 es finish=stop completion=385 wall=8.1s predicted_per_s=53.95 draft=360/264
[2026-10-01T16:13:58] (1079/1334) id=403 zh finish=stop completion=303 wall=6.6s predicted_per_s=53.12 draft=288/208
[2026-10-01T16:14:02] (1080/1334) id=404 en finish=stop completion=175 wall=3.9s predicted_per_s=57.46 draft=153/124
[2026-10-01T16:14:08] (1081/1334) id=404 es finish=stop completion=254 wall=6.0s predicted_per_s=49.90 draft=255/168
[2026-10-01T16:14:12] (1082/1334) id=404 zh finish=stop completion=149 wall=3.9s predicted_per_s=48.71 draft=153/97
[2026-10-01T16:14:21] (1083/1334) id=405 en finish=stop completion=484 wall=9.5s predicted_per_s=56.89 draft=426/343
[2026-10-01T16:14:48] (1084/1334) id=405 es finish=stop completion=1347 wall=27.3s predicted_per_s=51.18 draft=1317/907
[2026-10-01T16:14:55] (1085/1334) id=405 zh finish=stop completion=295 wall=6.4s predicted_per_s=54.19 draft=273/206
[2026-10-01T16:15:00] (1086/1334) id=406 en finish=stop completion=270 wall=5.5s predicted_per_s=59.92 draft=225/196
[2026-10-01T16:15:06] (1087/1334) id=406 es finish=stop completion=267 wall=5.7s predicted_per_s=58.68 draft=228/191
[2026-10-01T16:15:09] (1088/1334) id=406 zh finish=stop completion=151 wall=3.3s predicted_per_s=62.97 draft=120/110
[2026-10-01T16:15:14] (1089/1334) id=407 en finish=stop completion=224 wall=4.8s predicted_per_s=58.58 draft=192/162
[2026-10-01T16:15:24] (1090/1334) id=407 es finish=stop completion=497 wall=10.2s predicted_per_s=54.10 draft=462/345
[2026-10-01T16:15:30] (1091/1334) id=407 zh finish=stop completion=262 wall=5.6s predicted_per_s=55.80 draft=234/183
[2026-10-01T16:15:37] (1092/1334) id=408 en finish=stop completion=294 wall=6.8s predicted_per_s=50.56 draft=291/199
[2026-10-01T16:15:45] (1093/1334) id=408 es finish=stop completion=380 wall=8.1s predicted_per_s=53.93 draft=354/262
[2026-10-01T16:15:50] (1094/1334) id=408 zh finish=stop completion=246 wall=5.3s predicted_per_s=56.42 draft=219/173
[2026-10-01T16:15:59] (1095/1334) id=409 en finish=stop completion=449 wall=9.1s predicted_per_s=54.89 draft=411/313
[2026-10-01T16:16:08] (1096/1334) id=409 es finish=stop completion=427 wall=8.9s predicted_per_s=53.40 draft=402/295
[2026-10-01T16:16:14] (1097/1334) id=409 zh finish=stop completion=274 wall=6.0s predicted_per_s=52.92 draft=261/189
[2026-10-01T16:16:25] (1098/1334) id=410 en finish=stop completion=563 wall=10.9s predicted_per_s=56.44 draft=501/397
[2026-10-01T16:16:36] (1099/1334) id=410 es finish=stop completion=545 wall=11.0s predicted_per_s=54.25 draft=504/379
[2026-10-01T16:16:45] (1100/1334) id=410 zh finish=stop completion=441 wall=9.0s predicted_per_s=54.61 draft=405/306
[2026-10-01T16:16:48] (1101/1334) id=411 en finish=stop completion=142 wall=3.2s predicted_per_s=62.27 draft=114/103
[2026-10-01T16:16:54] (1102/1334) id=411 es finish=stop completion=258 wall=5.6s predicted_per_s=56.77 draft=228/183
[2026-10-01T16:16:59] (1103/1334) id=411 zh finish=stop completion=240 wall=5.3s predicted_per_s=54.44 draft=222/167
[2026-10-01T16:17:04] (1104/1334) id=412 en finish=stop completion=210 wall=4.5s predicted_per_s=59.62 draft=177/150
[2026-10-01T16:17:11] (1105/1334) id=412 es finish=stop completion=353 wall=7.6s predicted_per_s=52.93 draft=336/240
[2026-10-01T16:17:23] (1106/1334) id=412 zh finish=stop completion=549 wall=11.8s predicted_per_s=50.25 draft=549/366
[2026-10-01T16:17:35] (1107/1334) id=413 en finish=stop completion=531 wall=11.7s predicted_per_s=49.67 draft=537/351
[2026-10-01T16:17:48] (1108/1334) id=413 es finish=stop completion=662 wall=13.6s predicted_per_s=52.56 draft=633/452
[2026-10-01T16:17:59] (1109/1334) id=413 zh finish=stop completion=491 wall=10.5s predicted_per_s=51.52 draft=480/332
[2026-10-01T16:18:05] (1110/1334) id=414 en finish=stop completion=278 wall=5.6s predicted_per_s=59.65 draft=234/200
[2026-10-01T16:18:15] (1111/1334) id=414 es finish=stop completion=469 wall=10.2s predicted_per_s=51.33 draft=459/317
[2026-10-01T16:18:19] (1112/1334) id=414 zh finish=stop completion=181 wall=4.2s predicted_per_s=56.02 draft=162/129
[2026-10-01T16:18:26] (1113/1334) id=415 en finish=stop completion=403 wall=7.5s predicted_per_s=61.30 draft=330/293
[2026-10-01T16:18:38] (1114/1334) id=415 es finish=stop completion=591 wall=11.4s predicted_per_s=56.70 draft=522/416
[2026-10-01T16:18:47] (1115/1334) id=415 zh finish=stop completion=502 wall=9.5s predicted_per_s=58.31 draft=432/359
[2026-10-01T16:18:55] (1116/1334) id=416 en finish=stop completion=328 wall=7.3s predicted_per_s=51.37 draft=321/223
[2026-10-01T16:19:04] (1117/1334) id=416 es finish=stop completion=482 wall=9.7s predicted_per_s=55.66 draft=435/336
[2026-10-01T16:19:09] (1118/1334) id=416 zh finish=stop completion=203 wall=5.0s predicted_per_s=50.80 draft=201/136
[2026-10-01T16:19:12] (1119/1334) id=417 en finish=stop completion=120 wall=2.9s predicted_per_s=60.72 draft=99/88
[2026-10-01T16:19:17] (1120/1334) id=417 es finish=stop completion=225 wall=5.0s predicted_per_s=55.20 draft=204/156
[2026-10-01T16:19:22] (1121/1334) id=417 zh finish=stop completion=191 wall=4.3s predicted_per_s=55.99 draft=171/136
[2026-10-01T16:19:34] (1122/1334) id=418 en finish=stop completion=583 wall=12.2s predicted_per_s=52.22 draft=561/396
[2026-10-01T16:19:46] (1123/1334) id=418 es finish=stop completion=569 wall=12.6s predicted_per_s=49.14 draft=582/375
[2026-10-01T16:19:56] (1124/1334) id=418 zh finish=stop completion=432 wall=9.3s predicted_per_s=51.68 draft=420/292
[2026-10-01T16:20:06] (1125/1334) id=419 en finish=stop completion=487 wall=10.1s predicted_per_s=53.76 draft=456/334
[2026-10-01T16:20:19] (1126/1334) id=419 es finish=stop completion=635 wall=13.6s predicted_per_s=50.67 draft=627/425
[2026-10-01T16:20:31] (1127/1334) id=419 zh finish=stop completion=503 wall=11.2s predicted_per_s=49.00 draft=519/331
[2026-10-01T16:20:36] (1128/1334) id=420 en finish=stop completion=285 wall=5.8s predicted_per_s=58.59 draft=246/202
[2026-10-01T16:20:46] (1129/1334) id=420 es finish=stop completion=435 wall=9.2s predicted_per_s=53.56 draft=411/299
[2026-10-01T16:20:54] (1130/1334) id=420 zh finish=stop completion=405 wall=8.9s predicted_per_s=51.07 draft=402/271
[2026-10-01T16:20:59] (1131/1334) id=421 en finish=stop completion=210 wall=4.4s predicted_per_s=59.92 draft=177/150
[2026-10-01T16:21:03] (1132/1334) id=421 es finish=stop completion=189 wall=4.4s predicted_per_s=54.71 draft=174/132
[2026-10-01T16:21:08] (1133/1334) id=421 zh finish=stop completion=232 wall=4.9s predicted_per_s=57.35 draft=204/166
[2026-10-01T16:21:20] (1134/1334) id=422 en finish=stop completion=616 wall=12.0s predicted_per_s=55.84 draft=558/429
[2026-10-01T16:21:35] (1135/1334) id=422 es finish=stop completion=737 wall=14.8s predicted_per_s=53.48 draft=696/507
[2026-10-01T16:21:49] (1136/1334) id=422 zh finish=stop completion=712 wall=14.3s predicted_per_s=53.06 draft=678/487
[2026-10-01T16:21:56] (1137/1334) id=423 en finish=stop completion=315 wall=6.5s predicted_per_s=56.61 draft=282/223
[2026-10-01T16:22:08] (1138/1334) id=423 es finish=stop completion=643 wall=12.4s predicted_per_s=56.73 draft=573/451
[2026-10-01T16:22:20] (1139/1334) id=423 zh finish=stop completion=546 wall=11.5s predicted_per_s=51.76 draft=534/369
[2026-10-01T16:22:32] (1140/1334) id=424 en finish=stop completion=590 wall=12.1s predicted_per_s=52.61 draft=567/401
[2026-10-01T16:22:50] (1141/1334) id=424 es finish=stop completion=807 wall=18.1s predicted_per_s=46.98 draft=873/515
[2026-10-01T16:23:02] (1142/1334) id=424 zh finish=stop completion=591 wall=12.4s predicted_per_s=51.57 draft=582/397
[2026-10-01T16:23:11] (1143/1334) id=425 en finish=stop completion=435 wall=9.3s predicted_per_s=52.19 draft=423/294
[2026-10-01T16:23:22] (1144/1334) id=425 es finish=stop completion=551 wall=11.1s predicted_per_s=54.44 draft=513/380
[2026-10-01T16:23:29] (1145/1334) id=425 zh finish=stop completion=308 wall=6.4s predicted_per_s=55.40 draft=282/213
[2026-10-01T16:23:33] (1146/1334) id=426 en finish=stop completion=177 wall=4.1s predicted_per_s=55.23 draft=162/122
[2026-10-01T16:23:38] (1147/1334) id=426 es finish=stop completion=257 wall=5.3s predicted_per_s=58.42 draft=222/185
[2026-10-01T16:23:42] (1148/1334) id=426 zh finish=stop completion=170 wall=3.8s predicted_per_s=59.56 draft=144/123
[2026-10-01T16:23:52] (1149/1334) id=427 en finish=stop completion=515 wall=9.6s predicted_per_s=59.07 draft=441/368
[2026-10-01T16:24:04] (1150/1334) id=427 es finish=stop completion=632 wall=12.1s predicted_per_s=57.09 draft=561/446
[2026-10-01T16:24:17] (1151/1334) id=427 zh finish=stop completion=648 wall=13.0s predicted_per_s=53.72 draft=612/444
[2026-10-01T16:24:26] (1152/1334) id=428 en finish=stop completion=437 wall=8.8s predicted_per_s=55.16 draft=402/305
[2026-10-01T16:24:35] (1153/1334) id=428 es finish=stop completion=444 wall=9.2s predicted_per_s=53.63 draft=420/305
[2026-10-01T16:24:44] (1154/1334) id=428 zh finish=stop completion=402 wall=8.6s predicted_per_s=51.94 draft=393/272
[2026-10-01T16:24:47] (1155/1334) id=429 en finish=stop completion=154 wall=3.5s predicted_per_s=60.33 draft=129/113
[2026-10-01T16:24:53] (1156/1334) id=429 es finish=stop completion=274 wall=6.0s predicted_per_s=53.84 draft=258/190
[2026-10-01T16:24:56] (1157/1334) id=429 zh finish=stop completion=119 wall=3.1s predicted_per_s=52.75 draft=114/82
[2026-10-01T16:25:00] (1158/1334) id=430 en finish=stop completion=157 wall=3.8s predicted_per_s=55.18 draft=144/110
[2026-10-01T16:25:10] (1159/1334) id=430 es finish=stop completion=508 wall=10.5s predicted_per_s=53.52 draft=480/350
[2026-10-01T16:25:16] (1160/1334) id=430 zh finish=stop completion=260 wall=5.6s predicted_per_s=55.94 draft=234/184
[2026-10-01T16:25:22] (1161/1334) id=431 en finish=stop completion=254 wall=5.8s predicted_per_s=51.57 draft=249/170
[2026-10-01T16:25:31] (1162/1334) id=431 es finish=stop completion=432 wall=8.8s predicted_per_s=55.15 draft=396/300
[2026-10-01T16:25:38] (1163/1334) id=431 zh finish=stop completion=314 wall=7.0s predicted_per_s=51.84 draft=306/211
[2026-10-01T16:25:41] (1164/1334) id=432 en finish=stop completion=121 wall=3.0s predicted_per_s=59.25 draft=102/88
[2026-10-01T16:25:44] (1165/1334) id=432 es finish=stop completion=130 wall=3.2s predicted_per_s=58.91 draft=111/93
[2026-10-01T16:25:46] (1166/1334) id=432 zh finish=stop completion=65 wall=2.0s predicted_per_s=60.02 draft=54/49
[2026-10-01T16:25:52] (1167/1334) id=433 en finish=stop completion=283 wall=6.0s predicted_per_s=56.23 draft=252/199
[2026-10-01T16:25:59] (1168/1334) id=433 es finish=stop completion=327 wall=7.4s predicted_per_s=52.79 draft=309/223
[2026-10-01T16:26:05] (1169/1334) id=433 zh finish=stop completion=231 wall=5.6s predicted_per_s=51.83 draft=225/157
[2026-10-01T16:26:13] (1170/1334) id=434 en finish=stop completion=420 wall=8.3s predicted_per_s=56.86 draft=375/295
[2026-10-01T16:26:23] (1171/1334) id=434 es finish=stop completion=496 wall=10.0s predicted_per_s=55.04 draft=456/345
[2026-10-01T16:26:31] (1172/1334) id=434 zh finish=stop completion=364 wall=8.0s predicted_per_s=51.13 draft=360/244
[2026-10-01T16:26:39] (1173/1334) id=435 en finish=stop completion=393 wall=7.6s predicted_per_s=58.59 draft=339/279
[2026-10-01T16:26:49] (1174/1334) id=435 es finish=stop completion=536 wall=10.8s predicted_per_s=54.52 draft=498/372
[2026-10-01T16:26:56] (1175/1334) id=435 zh finish=stop completion=309 wall=6.1s predicted_per_s=58.67 draft=267/220
[2026-10-01T16:27:01] (1176/1334) id=436 en finish=stop completion=260 wall=5.7s predicted_per_s=53.63 draft=246/179
[2026-10-01T16:27:06] (1177/1334) id=436 es finish=stop completion=225 wall=5.0s predicted_per_s=55.58 draft=204/159
[2026-10-01T16:27:10] (1178/1334) id=436 zh finish=stop completion=188 wall=4.1s predicted_per_s=58.40 draft=162/134
[2026-10-01T16:27:15] (1179/1334) id=437 en finish=stop completion=203 wall=4.6s predicted_per_s=55.01 draft=186/143
[2026-10-01T16:27:21] (1180/1334) id=437 es finish=stop completion=262 wall=6.0s predicted_per_s=51.95 draft=255/178
[2026-10-01T16:27:25] (1181/1334) id=437 zh finish=stop completion=180 wall=4.0s predicted_per_s=57.29 draft=159/126
[2026-10-01T16:27:31] (1182/1334) id=438 en finish=stop completion=277 wall=5.7s predicted_per_s=57.11 draft=246/196
[2026-10-01T16:27:37] (1183/1334) id=438 es finish=stop completion=275 wall=6.3s predicted_per_s=51.04 draft=273/185
[2026-10-01T16:27:42] (1184/1334) id=438 zh finish=stop completion=219 wall=5.1s predicted_per_s=52.60 draft=210/149
[2026-10-01T16:27:45] (1185/1334) id=439 en finish=stop completion=113 wall=2.7s predicted_per_s=61.05 draft=93/81
[2026-10-01T16:27:56] (1186/1334) id=439 es finish=stop completion=582 wall=11.3s predicted_per_s=56.12 draft=525/406
[2026-10-01T16:28:03] (1187/1334) id=439 zh finish=stop completion=295 wall=6.5s predicted_per_s=51.90 draft=288/199
[2026-10-01T16:28:06] (1188/1334) id=440 en finish=stop completion=143 wall=3.2s predicted_per_s=61.52 draft=117/104
[2026-10-01T16:28:11] (1189/1334) id=440 es finish=stop completion=259 wall=5.6s predicted_per_s=55.72 draft=234/183
[2026-10-01T16:28:15] (1190/1334) id=440 zh finish=stop completion=163 wall=3.9s predicted_per_s=54.74 draft=150/115
[2026-10-01T16:28:21] (1191/1334) id=441 en finish=stop completion=274 wall=5.5s predicted_per_s=60.02 draft=231/197
[2026-10-01T16:28:28] (1192/1334) id=441 es finish=stop completion=366 wall=7.1s predicted_per_s=59.31 draft=312/261
[2026-10-01T16:28:34] (1193/1334) id=441 zh finish=stop completion=278 wall=6.3s predicted_per_s=51.61 draft=273/189
[2026-10-01T16:28:37] (1194/1334) id=442 en finish=stop completion=113 wall=2.6s predicted_per_s=65.11 draft=87/84
[2026-10-01T16:28:41] (1195/1334) id=442 es finish=stop completion=191 wall=4.2s predicted_per_s=58.27 draft=165/137
[2026-10-01T16:28:44] (1196/1334) id=442 zh finish=stop completion=104 wall=2.7s predicted_per_s=58.04 draft=90/75
[2026-10-01T16:28:48] (1197/1334) id=443 en finish=stop completion=173 wall=3.9s predicted_per_s=59.25 draft=147/124
[2026-10-01T16:28:54] (1198/1334) id=443 es finish=stop completion=334 wall=6.9s predicted_per_s=57.44 draft=294/238
[2026-10-01T16:28:58] (1199/1334) id=443 zh finish=stop completion=160 wall=3.7s predicted_per_s=58.47 draft=138/113
[2026-10-01T16:29:05] (1200/1334) id=444 en finish=stop completion=344 wall=7.1s predicted_per_s=55.71 draft=312/240
[2026-10-01T16:29:19] (1201/1334) id=444 es finish=stop completion=658 wall=13.4s predicted_per_s=52.76 draft=630/450
[2026-10-01T16:29:27] (1202/1334) id=444 zh finish=stop completion=404 wall=8.0s predicted_per_s=56.91 draft=360/286
[2026-10-01T16:29:33] (1203/1334) id=445 en finish=stop completion=308 wall=6.2s predicted_per_s=59.05 draft=264/221
[2026-10-01T16:29:40] (1204/1334) id=445 es finish=stop completion=367 wall=7.4s predicted_per_s=57.83 draft=321/259
[2026-10-01T16:29:45] (1205/1334) id=445 zh finish=stop completion=220 wall=4.9s predicted_per_s=54.68 draft=204/152
[2026-10-01T16:29:59] (1206/1334) id=446 en finish=stop completion=652 wall=13.6s predicted_per_s=51.49 draft=639/440
[2026-10-01T16:30:13] (1207/1334) id=446 es finish=stop completion=619 wall=14.0s predicted_per_s=47.74 draft=657/401
[2026-10-01T16:30:31] (1208/1334) id=446 zh finish=stop completion=859 wall=18.4s predicted_per_s=49.20 draft=885/564
[2026-10-01T16:30:39] (1209/1334) id=447 en finish=stop completion=449 wall=8.3s predicted_per_s=61.08 draft=372/324
[2026-10-01T16:30:47] (1210/1334) id=447 es finish=stop completion=372 wall=7.5s predicted_per_s=57.65 draft=327/262
[2026-10-01T16:30:53] (1211/1334) id=447 zh finish=stop completion=274 wall=5.8s predicted_per_s=56.41 draft=246/192
[2026-10-01T16:30:59] (1212/1334) id=448 en finish=stop completion=291 wall=6.6s predicted_per_s=51.25 draft=288/197
[2026-10-01T16:31:07] (1213/1334) id=448 es finish=stop completion=408 wall=8.2s predicted_per_s=56.08 draft=369/287
[2026-10-01T16:31:15] (1214/1334) id=448 zh finish=stop completion=396 wall=8.1s predicted_per_s=54.93 draft=366/274
[2026-10-01T16:31:20] (1215/1334) id=449 en finish=stop completion=186 wall=4.2s predicted_per_s=56.98 draft=165/133
[2026-10-01T16:31:26] (1216/1334) id=449 es finish=stop completion=334 wall=6.9s predicted_per_s=55.91 draft=303/232
[2026-10-01T16:31:32] (1217/1334) id=449 zh finish=stop completion=242 wall=5.2s predicted_per_s=55.97 draft=219/168
[2026-10-01T16:31:36] (1218/1334) id=450 en finish=stop completion=203 wall=4.4s predicted_per_s=58.15 draft=177/145
[2026-10-01T16:31:41] (1219/1334) id=450 es finish=stop completion=265 wall=5.4s predicted_per_s=59.62 draft=225/189
[2026-10-01T16:31:46] (1220/1334) id=450 zh finish=stop completion=210 wall=4.9s predicted_per_s=52.24 draft=204/141
[2026-10-01T16:31:56] (1221/1334) id=451 en finish=stop completion=504 wall=9.9s predicted_per_s=56.07 draft=456/354
[2026-10-01T16:32:10] (1222/1334) id=451 es finish=stop completion=708 wall=13.6s predicted_per_s=56.53 draft=633/496
[2026-10-01T16:32:19] (1223/1334) id=451 zh finish=stop completion=511 wall=9.5s predicted_per_s=59.74 draft=432/367
[2026-10-01T16:32:24] (1224/1334) id=452 en finish=stop completion=247 wall=5.1s predicted_per_s=60.24 draft=207/179
[2026-10-01T16:32:34] (1225/1334) id=452 es finish=stop completion=460 wall=9.5s predicted_per_s=54.86 draft=423/320
[2026-10-01T16:32:40] (1226/1334) id=452 zh finish=stop completion=281 wall=6.2s predicted_per_s=53.74 draft=264/192
[2026-10-01T16:32:46] (1227/1334) id=453 en finish=stop completion=286 wall=5.7s predicted_per_s=59.36 draft=243/206
[2026-10-01T16:32:58] (1228/1334) id=453 es finish=stop completion=588 wall=11.7s predicted_per_s=54.54 draft=546/407
[2026-10-01T16:33:06] (1229/1334) id=453 zh finish=stop completion=403 wall=8.4s predicted_per_s=54.09 draft=378/279
[2026-10-01T16:33:08] (1230/1334) id=454 en finish=stop completion=98 wall=2.5s predicted_per_s=58.81 draft=84/71
[2026-10-01T16:33:14] (1231/1334) id=454 es finish=stop completion=253 wall=5.4s predicted_per_s=55.47 draft=231/178
[2026-10-01T16:33:18] (1232/1334) id=454 zh finish=stop completion=154 wall=3.7s predicted_per_s=55.30 draft=141/107
[2026-10-01T16:33:21] (1233/1334) id=455 en finish=stop completion=172 wall=3.9s predicted_per_s=57.92 draft=150/122
[2026-10-01T16:33:27] (1234/1334) id=455 es finish=stop completion=239 wall=5.4s predicted_per_s=55.31 draft=219/168
[2026-10-01T16:33:31] (1235/1334) id=455 zh finish=stop completion=145 wall=3.7s predicted_per_s=52.07 draft=141/97
[2026-10-01T16:33:36] (1236/1334) id=456 en finish=stop completion=241 wall=5.1s predicted_per_s=56.62 draft=216/168
[2026-10-01T16:33:49] (1237/1334) id=456 es finish=stop completion=666 wall=13.7s predicted_per_s=51.95 draft=651/451
[2026-10-01T16:33:57] (1238/1334) id=456 zh finish=stop completion=356 wall=8.2s predicted_per_s=48.52 draft=372/234
[2026-10-01T16:34:04] (1239/1334) id=457 en finish=stop completion=337 wall=6.6s predicted_per_s=61.61 draft=276/246
[2026-10-01T16:34:19] (1240/1334) id=457 es finish=stop completion=810 wall=15.1s predicted_per_s=57.99 draft=705/577
[2026-10-01T16:34:32] (1241/1334) id=457 zh finish=stop completion=670 wall=13.1s predicted_per_s=55.88 draft=606/469
[2026-10-01T16:34:36] (1242/1334) id=458 en finish=stop completion=149 wall=3.4s predicted_per_s=61.09 draft=123/109
[2026-10-01T16:34:45] (1243/1334) id=458 es finish=stop completion=430 wall=9.0s predicted_per_s=54.13 draft=402/298
[2026-10-01T16:34:51] (1244/1334) id=458 zh finish=stop completion=300 wall=6.5s predicted_per_s=53.82 draft=282/206
[2026-10-01T16:35:13] (1245/1334) id=459 en finish=stop completion=1098 wall=21.8s predicted_per_s=52.79 draft=1050/750
[2026-10-01T16:35:30] (1246/1334) id=459 es finish=stop completion=795 wall=16.9s predicted_per_s=50.22 draft=798/529
[2026-10-01T16:35:46] (1247/1334) id=459 zh finish=stop completion=779 wall=16.3s predicted_per_s=50.77 draft=777/519
[2026-10-01T16:35:55] (1248/1334) id=460 en finish=stop completion=438 wall=8.5s predicted_per_s=57.71 draft=384/311
[2026-10-01T16:36:05] (1249/1334) id=460 es finish=stop completion=549 wall=10.7s predicted_per_s=56.61 draft=492/387
[2026-10-01T16:36:14] (1250/1334) id=460 zh finish=stop completion=415 wall=8.5s predicted_per_s=54.54 draft=387/288
[2026-10-01T16:36:19] (1251/1334) id=461 en finish=stop completion=259 wall=5.1s predicted_per_s=61.75 draft=213/189
[2026-10-01T16:36:27] (1252/1334) id=461 es finish=stop completion=437 wall=8.1s predicted_per_s=62.18 draft=357/319
[2026-10-01T16:36:31] (1253/1334) id=461 zh finish=stop completion=154 wall=3.6s predicted_per_s=57.88 draft=135/111
[2026-10-01T16:36:35] (1254/1334) id=462 en finish=stop completion=213 wall=4.4s predicted_per_s=60.08 draft=180/153
[2026-10-01T16:36:44] (1255/1334) id=462 es finish=stop completion=409 wall=8.6s predicted_per_s=53.39 draft=390/280
[2026-10-01T16:36:49] (1256/1334) id=462 zh finish=stop completion=251 wall=5.2s predicted_per_s=57.61 draft=222/178
[2026-10-01T16:37:02] (1257/1334) id=463 en finish=stop completion=647 wall=13.1s predicted_per_s=53.08 draft=621/439
[2026-10-01T16:37:41] (1258/1334) id=463 es finish=stop completion=2007 wall=39.3s predicted_per_s=52.36 draft=1947/1357
[2026-10-01T16:37:51] (1259/1334) id=463 zh finish=stop completion=456 wall=9.2s predicted_per_s=54.94 draft=423/315
[2026-10-01T16:38:03] (1260/1334) id=464 en finish=stop completion=624 wall=12.3s predicted_per_s=54.90 draft=579/430
[2026-10-01T16:38:16] (1261/1334) id=464 es finish=stop completion=642 wall=13.2s predicted_per_s=52.69 draft=621/436
[2026-10-01T16:38:29] (1262/1334) id=464 zh finish=stop completion=643 wall=13.1s predicted_per_s=52.76 draft=621/437
[2026-10-01T16:38:43] (1263/1334) id=465 en finish=stop completion=678 wall=13.6s predicted_per_s=53.55 draft=645/462
[2026-10-01T16:38:59] (1264/1334) id=465 es finish=stop completion=804 wall=16.7s predicted_per_s=51.00 draft=804/535
[2026-10-01T16:39:11] (1265/1334) id=465 zh finish=stop completion=497 wall=11.2s predicted_per_s=48.28 draft=525/322
[2026-10-01T16:39:20] (1266/1334) id=466 en finish=stop completion=534 wall=9.9s predicted_per_s=59.57 draft=456/381
[2026-10-01T16:39:34] (1267/1334) id=466 es finish=stop completion=682 wall=13.7s predicted_per_s=53.87 draft=645/469
[2026-10-01T16:39:44] (1268/1334) id=466 zh finish=stop completion=487 wall=9.4s predicted_per_s=57.80 draft=429/344
[2026-10-01T16:39:52] (1269/1334) id=467 en finish=stop completion=423 wall=8.5s predicted_per_s=55.58 draft=387/293
[2026-10-01T16:39:59] (1270/1334) id=467 es finish=stop completion=301 wall=6.4s predicted_per_s=55.45 draft=276/208
[2026-10-01T16:40:08] (1271/1334) id=467 zh finish=stop completion=465 wall=9.7s predicted_per_s=52.97 draft=447/316
[2026-10-01T16:40:15] (1272/1334) id=468 en finish=stop completion=372 wall=6.9s predicted_per_s=61.17 draft=309/270
[2026-10-01T16:40:26] (1273/1334) id=468 es finish=stop completion=564 wall=10.4s predicted_per_s=60.09 draft=477/405
[2026-10-01T16:40:32] (1274/1334) id=468 zh finish=stop completion=299 wall=6.4s predicted_per_s=55.03 draft=276/207
[2026-10-01T16:40:38] (1275/1334) id=469 en finish=stop completion=319 wall=6.3s predicted_per_s=58.86 draft=276/228
[2026-10-01T16:40:46] (1276/1334) id=469 es finish=stop completion=383 wall=7.7s predicted_per_s=56.05 draft=348/266
[2026-10-01T16:40:50] (1277/1334) id=469 zh finish=stop completion=173 wall=3.8s predicted_per_s=57.52 draft=153/121
[2026-10-01T16:40:53] (1278/1334) id=470 en finish=stop completion=133 wall=3.1s predicted_per_s=59.14 draft=114/97
[2026-10-01T16:40:58] (1279/1334) id=470 es finish=stop completion=202 wall=4.7s predicted_per_s=53.46 draft=192/137
[2026-10-01T16:41:00] (1280/1334) id=470 zh finish=stop completion=87 wall=2.5s predicted_per_s=52.36 draft=84/59
[2026-10-01T16:41:18] (1281/1334) id=471 en finish=stop completion=875 wall=17.5s predicted_per_s=52.71 draft=846/595
[2026-10-01T16:41:54] (1282/1334) id=471 es finish=stop completion=1821 wall=36.2s predicted_per_s=51.69 draft=1791/1223
[2026-10-01T16:42:20] (1283/1334) id=471 zh finish=stop completion=1195 wall=25.9s predicted_per_s=47.74 draft=1275/771
[2026-10-01T16:42:25] (1284/1334) id=472 en finish=stop completion=267 wall=5.6s predicted_per_s=56.65 draft=240/186
[2026-10-01T16:42:35] (1285/1334) id=472 es finish=stop completion=471 wall=9.6s predicted_per_s=55.03 draft=435/326
[2026-10-01T16:42:42] (1286/1334) id=472 zh finish=stop completion=301 wall=6.8s predicted_per_s=51.11 draft=300/203
[2026-10-01T16:42:48] (1287/1334) id=473 en finish=stop completion=315 wall=6.3s predicted_per_s=58.74 draft=273/223
[2026-10-01T16:42:53] (1288/1334) id=473 es finish=stop completion=239 wall=5.2s predicted_per_s=56.20 draft=216/166
[2026-10-01T16:42:59] (1289/1334) id=473 zh finish=stop completion=285 wall=6.2s predicted_per_s=53.74 draft=270/195
[2026-10-01T16:43:05] (1290/1334) id=474 en finish=stop completion=305 wall=6.0s predicted_per_s=60.13 draft=258/218
[2026-10-01T16:43:13] (1291/1334) id=474 es finish=stop completion=334 wall=7.2s predicted_per_s=53.44 draft=318/227
[2026-10-01T16:43:19] (1292/1334) id=474 zh finish=stop completion=298 wall=6.5s predicted_per_s=53.25 draft=285/205
[2026-10-01T16:43:25] (1293/1334) id=475 en finish=stop completion=310 wall=6.2s predicted_per_s=58.40 draft=270/222
[2026-10-01T16:43:35] (1294/1334) id=475 es finish=stop completion=485 wall=9.2s predicted_per_s=58.72 draft=420/345
[2026-10-01T16:43:42] (1295/1334) id=475 zh finish=stop completion=350 wall=7.1s predicted_per_s=55.98 draft=318/245
[2026-10-01T16:43:51] (1296/1334) id=476 en finish=stop completion=450 wall=8.9s predicted_per_s=56.09 draft=408/316
[2026-10-01T16:44:02] (1297/1334) id=476 es finish=stop completion=634 wall=11.8s predicted_per_s=58.78 draft=546/451
[2026-10-01T16:44:11] (1298/1334) id=476 zh finish=stop completion=419 wall=8.1s predicted_per_s=58.02 draft=366/298
[2026-10-01T16:44:21] (1299/1334) id=477 en finish=stop completion=526 wall=10.4s predicted_per_s=55.68 draft=480/367
[2026-10-01T16:44:31] (1300/1334) id=477 es finish=stop completion=470 wall=9.8s predicted_per_s=53.37 draft=447/320
[2026-10-01T16:44:37] (1301/1334) id=477 zh finish=stop completion=303 wall=6.3s predicted_per_s=55.65 draft=276/213
[2026-10-01T16:44:45] (1302/1334) id=478 en finish=stop completion=403 wall=7.7s predicted_per_s=59.17 draft=345/289
[2026-10-01T16:44:54] (1303/1334) id=478 es finish=stop completion=466 wall=9.5s predicted_per_s=55.15 draft=429/322
[2026-10-01T16:45:09] (1304/1334) id=478 zh finish=stop completion=707 wall=14.8s predicted_per_s=50.83 draft=705/473
[2026-10-01T16:45:52] (1305/1334) id=479 en finish=stop completion=2145 wall=42.8s predicted_per_s=51.23 draft=2112/1442
[2026-10-01T16:46:27] (1306/1334) id=479 es finish=stop completion=1664 wall=34.7s predicted_per_s=49.60 draft=1692/1099
[2026-10-01T16:47:09] (1307/1334) id=479 zh finish=stop completion=2011 wall=42.8s predicted_per_s=48.17 draft=2103/1310
[2026-10-01T16:47:17] (1308/1334) id=480 en finish=stop completion=365 wall=7.5s predicted_per_s=55.87 draft=330/256
[2026-10-01T16:47:26] (1309/1334) id=480 es finish=stop completion=403 wall=8.9s predicted_per_s=50.75 draft=402/268
[2026-10-01T16:47:32] (1310/1334) id=480 zh finish=stop completion=287 wall=6.2s predicted_per_s=54.36 draft=267/198
[2026-10-01T16:47:36] (1311/1334) id=481 en finish=stop completion=192 wall=4.1s predicted_per_s=60.67 draft=159/139
[2026-10-01T16:47:40] (1312/1334) id=481 es finish=stop completion=176 wall=4.2s predicted_per_s=55.87 draft=159/125
[2026-10-01T16:47:45] (1313/1334) id=481 zh finish=stop completion=198 wall=4.4s predicted_per_s=56.55 draft=177/138
[2026-10-01T16:47:51] (1314/1334) id=482 en finish=stop completion=316 wall=6.3s predicted_per_s=58.58 draft=273/224
[2026-10-01T16:47:59] (1315/1334) id=482 es finish=stop completion=393 wall=7.8s predicted_per_s=57.05 draft=348/278
[2026-10-01T16:48:04] (1316/1334) id=482 zh finish=stop completion=220 wall=5.0s predicted_per_s=53.75 draft=207/151
[2026-10-01T16:48:16] (1317/1334) id=483 en finish=stop completion=634 wall=12.2s predicted_per_s=56.55 draft=567/445
[2026-10-01T16:48:29] (1318/1334) id=483 es finish=stop completion=653 wall=13.5s predicted_per_s=52.64 draft=627/446
[2026-10-01T16:48:56] (1319/1334) id=483 zh finish=stop completion=1356 wall=27.2s predicted_per_s=51.56 draft=1329/914
[2026-10-01T16:49:03] (1320/1334) id=484 en finish=stop completion=328 wall=6.7s predicted_per_s=58.00 draft=285/233
[2026-10-01T16:49:10] (1321/1334) id=484 es finish=stop completion=345 wall=7.2s predicted_per_s=56.01 draft=312/240
[2026-10-01T16:49:16] (1322/1334) id=484 zh finish=stop completion=261 wall=5.7s predicted_per_s=55.12 draft=240/181
[2026-10-01T16:49:32] (1323/1334) id=485 en finish=stop completion=747 wall=15.6s predicted_per_s=50.95 draft=744/500
[2026-10-01T16:49:51] (1324/1334) id=485 es finish=stop completion=993 wall=19.8s predicted_per_s=52.65 draft=957/673
[2026-10-01T16:50:00] (1325/1334) id=485 zh finish=stop completion=445 wall=9.0s predicted_per_s=54.99 draft=411/308
[2026-10-01T16:50:07] (1326/1334) id=486 en finish=stop completion=325 wall=6.7s predicted_per_s=56.03 draft=294/227
[2026-10-01T16:50:15] (1327/1334) id=486 es finish=stop completion=374 wall=7.9s predicted_per_s=53.89 draft=351/256
[2026-10-01T16:50:23] (1328/1334) id=486 zh finish=stop completion=364 wall=7.9s predicted_per_s=51.76 draft=357/247
[2026-10-01T16:50:36] (1329/1334) id=487 en finish=stop completion=690 wall=13.4s predicted_per_s=55.31 draft=633/481
[2026-10-01T16:50:56] (1330/1334) id=487 es finish=stop completion=947 wall=19.9s predicted_per_s=50.04 draft=960/626
[2026-10-01T16:51:07] (1331/1334) id=487 zh finish=stop completion=517 wall=10.4s predicted_per_s=54.71 draft=480/358
[2026-10-01T16:51:18] (1332/1334) id=488 en finish=stop completion=573 wall=11.7s predicted_per_s=52.97 draft=549/389
[2026-10-01T16:51:31] (1333/1334) id=488 es finish=stop completion=673 wall=13.1s predicted_per_s=56.00 draft=609/470
[2026-10-01T16:51:40] (1334/1334) id=488 zh finish=stop completion=398 wall=8.2s predicted_per_s=54.70 draft=369/275
[2026-10-01T16:51:40] run finished: 1334/1334 succeeded; total in file=1464/1464
