source,field,id,lang,tokens,chars,words
belebele,passage,1,en,85,399,75
belebele,passage,2,en,111,497,93
belebele,passage,3,en,126,596,96
belebele,passage,4,en,158,687,125
belebele,passage,5,en,150,670,117
belebele,passage,6,en,120,596,103
belebele,passage,7,en,75,364,62
belebele,passage,8,en,81,466,67
belebele,passage,9,en,56,313,49
belebele,passage,10,en,69,384,51
belebele,passage,11,en,85,467,76
belebele,passage,12,en,92,452,75
belebele,passage,13,en,64,275,52
belebele,passage,14,en,171,917,139
belebele,passage,15,en,107,571,89
belebele,passage,16,en,101,469,80
belebele,passage,17,en,80,368,63
belebele,passage,18,en,91,454,78
belebele,passage,19,en,55,369,47
belebele,passage,20,en,62,342,54
belebele,passage,21,en,153,692,110
belebele,passage,22,en,116,576,102
belebele,passage,23,en,126,722,108
belebele,passage,24,en,112,605,93
belebele,passage,25,en,101,573,87
belebele,passage,26,en,76,425,70
belebele,passage,27,en,99,508,69
belebele,passage,28,en,111,480,86
belebele,passage,29,en,109,582,94
belebele,passage,30,en,113,609,103
belebele,passage,31,en,124,669,110
belebele,passage,32,en,133,606,109
belebele,passage,33,en,91,566,80
belebele,passage,34,en,84,396,68
belebele,passage,35,en,74,460,65
belebele,passage,36,en,40,209,34
belebele,passage,37,en,58,352,53
belebele,passage,38,en,53,246,47
belebele,passage,39,en,107,576,95
belebele,passage,40,en,66,415,58
belebele,passage,41,en,122,693,97
belebele,passage,42,en,68,330,56
belebele,passage,43,en,58,317,50
belebele,passage,44,en,96,447,74
belebele,passage,45,en,87,401,74
belebele,passage,46,en,65,352,56
belebele,passage,47,en,83,330,57
belebele,passage,48,en,56,282,46
belebele,passage,49,en,152,682,123
belebele,passage,50,en,138,638,108
belebele,passage,51,en,72,347,54
belebele,passage,52,en,175,1006,155
belebele,passage,53,en,118,515,98
belebele,passage,54,en,93,454,73
belebele,passage,55,en,54,312,46
belebele,passage,56,en,157,781,123
belebele,passage,57,en,108,555,79
belebele,passage,58,en,57,320,52
belebele,passage,59,en,181,924,149
belebele,passage,60,en,83,456,68
belebele,passage,61,en,116,593,103
belebele,passage,62,en,178,1056,158
belebele,passage,63,en,128,672,108
belebele,passage,64,en,121,573,100
belebele,passage,65,en,109,560,96
belebele,passage,66,en,131,638,105
belebele,passage,67,en,94,493,82
belebele,passage,68,en,59,303,49
belebele,passage,69,en,134,596,101
belebele,passage,70,en,107,593,99
belebele,passage,71,en,111,596,88
belebele,passage,72,en,147,747,122
belebele,passage,73,en,63,301,51
belebele,passage,74,en,126,590,91
belebele,passage,75,en,56,285,51
belebele,passage,76,en,92,489,79
belebele,passage,77,en,99,401,69
belebele,passage,78,en,120,615,100
belebele,passage,79,en,76,437,65
belebele,passage,80,en,139,622,103
belebele,passage,81,en,186,978,157
belebele,passage,82,en,124,636,106
belebele,passage,83,en,127,638,112
belebele,passage,84,en,89,386,64
belebele,passage,85,en,102,454,87
belebele,passage,86,en,52,265,45
belebele,passage,87,en,134,602,103
belebele,passage,88,en,131,552,96
belebele,passage,89,en,91,412,60
belebele,passage,90,en,143,721,127
belebele,passage,91,en,93,420,68
belebele,passage,92,en,98,494,87
belebele,passage,93,en,124,570,95
belebele,passage,94,en,97,496,76
belebele,passage,95,en,73,346,64
belebele,passage,96,en,88,428,67
belebele,passage,97,en,133,639,111
belebele,passage,98,en,118,644,96
belebele,passage,99,en,130,509,84
belebele,passage,100,en,64,284,45
belebele,passage,101,en,184,732,114
belebele,passage,102,en,86,402,70
belebele,passage,103,en,94,437,78
belebele,passage,104,en,80,383,67
belebele,passage,105,en,110,476,84
belebele,passage,106,en,95,384,71
belebele,passage,107,en,85,408,73
belebele,passage,108,en,69,299,55
belebele,passage,109,en,70,335,55
belebele,passage,110,en,201,1054,177
belebele,passage,111,en,47,228,40
belebele,passage,112,en,79,397,71
belebele,passage,113,en,81,378,69
belebele,passage,114,en,136,621,109
belebele,passage,115,en,84,426,63
belebele,passage,116,en,91,420,72
belebele,passage,117,en,209,711,119
belebele,passage,118,en,74,392,64
belebele,passage,119,en,49,286,42
belebele,passage,120,en,89,419,70
belebele,passage,121,en,107,450,89
belebele,passage,122,en,114,561,98
belebele,passage,123,en,105,538,99
belebele,passage,124,en,69,330,60
belebele,passage,125,en,86,404,73
belebele,passage,126,en,102,521,88
belebele,passage,127,en,71,355,56
belebele,passage,128,en,100,451,76
belebele,passage,129,en,81,388,62
belebele,passage,130,en,105,540,87
belebele,passage,131,en,92,374,63
belebele,passage,132,en,117,582,99
belebele,passage,133,en,71,247,50
belebele,passage,134,en,88,365,76
belebele,passage,135,en,97,488,84
belebele,passage,136,en,70,296,58
belebele,passage,137,en,106,439,76
belebele,passage,138,en,100,422,79
belebele,passage,139,en,77,381,66
belebele,passage,140,en,66,330,59
belebele,passage,141,en,93,457,81
belebele,passage,142,en,110,616,94
belebele,passage,143,en,152,690,123
belebele,passage,144,en,50,223,34
belebele,passage,145,en,55,306,47
belebele,passage,146,en,95,443,71
belebele,passage,147,en,117,577,97
belebele,passage,148,en,133,641,110
belebele,passage,149,en,109,493,82
belebele,passage,150,en,126,628,108
belebele,passage,151,en,112,509,75
belebele,passage,152,en,115,459,77
belebele,passage,153,en,129,629,96
belebele,passage,154,en,181,640,100
belebele,passage,155,en,101,442,69
belebele,passage,156,en,78,323,60
belebele,passage,157,en,86,473,73
belebele,passage,158,en,120,504,90
belebele,passage,159,en,82,333,53
belebele,passage,160,en,32,154,26
belebele,passage,161,en,64,285,48
belebele,passage,162,en,73,355,52
belebele,passage,163,en,101,445,71
belebele,passage,164,en,146,743,125
belebele,passage,165,en,59,298,56
belebele,passage,166,en,93,470,72
belebele,passage,167,en,115,586,97
belebele,passage,168,en,146,641,101
belebele,passage,169,en,107,494,75
belebele,passage,170,en,52,239,44
belebele,passage,171,en,79,400,63
belebele,passage,172,en,64,354,57
belebele,passage,173,en,83,435,66
belebele,passage,174,en,172,793,118
belebele,passage,175,en,82,400,72
belebele,passage,176,en,71,370,57
belebele,passage,177,en,79,342,57
belebele,passage,178,en,126,645,99
belebele,passage,179,en,55,279,47
belebele,passage,180,en,58,242,41
belebele,passage,181,en,78,337,63
belebele,passage,182,en,106,489,82
belebele,passage,183,en,64,241,42
belebele,passage,184,en,69,316,56
belebele,passage,185,en,60,268,47
belebele,passage,186,en,175,864,140
belebele,passage,187,en,89,476,75
belebele,passage,188,en,103,468,72
belebele,passage,189,en,82,421,67
belebele,passage,190,en,116,552,94
belebele,passage,191,en,89,461,75
belebele,passage,192,en,104,478,81
belebele,passage,193,en,66,310,48
belebele,passage,194,en,88,382,65
belebele,passage,195,en,57,263,46
belebele,passage,196,en,121,476,76
belebele,passage,197,en,100,482,84
belebele,passage,198,en,133,642,116
belebele,passage,199,en,53,335,46
belebele,passage,200,en,177,801,143
belebele,passage,201,en,151,664,109
belebele,passage,202,en,41,207,34
belebele,passage,203,en,116,488,83
belebele,passage,204,en,138,649,108
belebele,passage,205,en,144,780,122
belebele,passage,206,en,66,319,54
belebele,passage,207,en,79,426,66
belebele,passage,208,en,154,634,104
belebele,passage,209,en,61,355,54
belebele,passage,210,en,63,319,50
belebele,passage,211,en,66,274,44
belebele,passage,212,en,147,551,84
belebele,passage,213,en,97,358,64
belebele,passage,214,en,78,330,53
belebele,passage,215,en,94,435,78
belebele,passage,216,en,80,337,59
belebele,passage,217,en,83,358,59
belebele,passage,218,en,92,463,83
belebele,passage,219,en,95,462,81
belebele,passage,220,en,106,460,73
belebele,passage,221,en,109,542,93
belebele,passage,222,en,70,235,40
belebele,passage,223,en,83,370,62
belebele,passage,224,en,150,711,111
belebele,passage,225,en,84,517,74
belebele,passage,226,en,64,338,51
belebele,passage,227,en,125,632,104
belebele,passage,228,en,94,479,78
belebele,passage,229,en,113,583,94
belebele,passage,230,en,103,444,80
belebele,passage,231,en,105,436,75
belebele,passage,232,en,107,330,51
belebele,passage,233,en,67,276,53
belebele,passage,234,en,104,566,90
belebele,passage,235,en,81,379,59
belebele,passage,236,en,121,668,104
belebele,passage,237,en,109,507,86
belebele,passage,238,en,105,557,84
belebele,passage,239,en,99,512,84
belebele,passage,240,en,140,733,124
belebele,passage,241,en,134,617,102
belebele,passage,242,en,78,330,59
belebele,passage,243,en,39,173,31
belebele,passage,244,en,78,378,65
belebele,passage,245,en,123,608,103
belebele,passage,246,en,65,363,56
belebele,passage,247,en,59,319,43
belebele,passage,248,en,109,555,78
belebele,passage,249,en,115,517,82
belebele,passage,250,en,86,438,74
belebele,passage,251,en,81,406,67
belebele,passage,252,en,126,640,110
belebele,passage,253,en,115,433,67
belebele,passage,254,en,126,511,91
belebele,passage,255,en,71,291,52
belebele,passage,256,en,61,295,53
belebele,passage,257,en,60,317,48
belebele,passage,258,en,76,386,60
belebele,passage,259,en,134,665,107
belebele,passage,260,en,86,392,64
belebele,passage,261,en,97,455,68
belebele,passage,262,en,85,346,65
belebele,passage,263,en,55,321,44
belebele,passage,264,en,173,656,115
belebele,passage,265,en,47,239,33
belebele,passage,266,en,120,447,79
belebele,passage,267,en,125,589,93
belebele,passage,268,en,70,371,59
belebele,passage,269,en,98,542,77
belebele,passage,270,en,57,268,45
belebele,passage,271,en,80,436,64
belebele,passage,272,en,62,305,50
belebele,passage,273,en,100,495,79
belebele,passage,274,en,45,221,31
belebele,passage,275,en,172,713,120
belebele,passage,276,en,143,672,111
belebele,passage,277,en,74,317,54
belebele,passage,278,en,51,315,46
belebele,passage,279,en,50,264,44
belebele,passage,280,en,70,351,58
belebele,passage,281,en,137,740,116
belebele,passage,282,en,83,372,67
belebele,passage,283,en,66,252,47
belebele,passage,284,en,94,491,78
belebele,passage,285,en,91,423,64
belebele,passage,286,en,74,294,55
belebele,passage,287,en,96,462,71
belebele,passage,288,en,64,311,54
belebele,passage,289,en,88,396,65
belebele,passage,290,en,100,440,75
belebele,passage,291,en,55,321,51
belebele,passage,292,en,80,331,62
belebele,passage,293,en,197,1013,161
belebele,passage,294,en,86,451,71
belebele,passage,295,en,90,494,79
belebele,passage,296,en,77,406,61
belebele,passage,297,en,120,679,106
belebele,passage,298,en,61,295,48
belebele,passage,299,en,93,481,78
belebele,passage,300,en,67,299,52
belebele,passage,301,en,140,643,107
belebele,passage,302,en,59,287,48
belebele,passage,303,en,121,516,91
belebele,passage,304,en,61,319,50
belebele,passage,305,en,65,317,52
belebele,passage,306,en,33,144,23
belebele,passage,307,en,54,263,46
belebele,passage,308,en,57,292,47
belebele,passage,309,en,82,398,68
belebele,passage,310,en,145,631,108
belebele,passage,311,en,110,627,95
belebele,passage,312,en,89,410,64
belebele,passage,313,en,67,311,51
belebele,passage,314,en,84,422,65
belebele,passage,315,en,66,290,56
belebele,passage,316,en,100,495,83
belebele,passage,317,en,173,777,130
belebele,passage,318,en,149,644,99
belebele,passage,319,en,100,485,79
belebele,passage,320,en,96,447,80
belebele,passage,321,en,72,302,53
belebele,passage,322,en,99,467,73
belebele,passage,323,en,78,406,67
belebele,passage,324,en,43,184,34
belebele,passage,325,en,80,380,64
belebele,passage,326,en,47,208,32
belebele,passage,327,en,39,191,32
belebele,passage,328,en,96,477,72
belebele,passage,329,en,161,840,134
belebele,passage,330,en,84,373,64
belebele,passage,331,en,70,391,59
belebele,passage,332,en,63,314,56
belebele,passage,333,en,97,476,77
belebele,passage,334,en,68,360,56
belebele,passage,335,en,168,792,122
belebele,passage,336,en,83,312,53
belebele,passage,337,en,93,449,73
belebele,passage,338,en,67,292,48
belebele,passage,339,en,83,372,64
belebele,passage,340,en,94,480,85
belebele,passage,341,en,53,305,49
belebele,passage,342,en,114,581,100
belebele,passage,343,en,56,303,51
belebele,passage,344,en,71,441,62
belebele,passage,345,en,60,292,44
belebele,passage,346,en,108,449,86
belebele,passage,347,en,117,528,91
belebele,passage,348,en,73,386,61
belebele,passage,349,en,127,586,99
belebele,passage,350,en,114,555,97
belebele,passage,351,en,56,368,51
belebele,passage,352,en,48,262,40
belebele,passage,353,en,102,565,87
belebele,passage,354,en,103,525,85
belebele,passage,355,en,88,363,66
belebele,passage,356,en,58,269,47
belebele,passage,357,en,102,442,77
belebele,passage,358,en,71,371,63
belebele,passage,359,en,67,305,55
belebele,passage,360,en,114,536,85
belebele,passage,361,en,107,536,90
belebele,passage,362,en,133,639,96
belebele,passage,363,en,71,317,49
belebele,passage,364,en,110,521,97
belebele,passage,365,en,166,716,122
belebele,passage,366,en,83,383,66
belebele,passage,367,en,66,324,47
belebele,passage,368,en,122,608,99
belebele,passage,369,en,110,546,81
belebele,passage,370,en,108,522,83
belebele,passage,371,en,142,647,109
belebele,passage,372,en,128,579,98
belebele,passage,373,en,142,627,109
belebele,passage,374,en,104,516,89
belebele,passage,375,en,119,633,102
belebele,passage,376,en,45,221,35
belebele,passage,377,en,66,324,54
belebele,passage,378,en,171,734,116
belebele,passage,379,en,128,579,93
belebele,passage,380,en,110,522,93
belebele,passage,381,en,79,446,69
belebele,passage,382,en,112,635,97
belebele,passage,383,en,79,405,65
belebele,passage,384,en,137,726,120
belebele,passage,385,en,80,446,69
belebele,passage,386,en,135,645,120
belebele,passage,387,en,115,571,90
belebele,passage,388,en,78,421,67
belebele,passage,389,en,103,592,90
belebele,passage,390,en,67,313,50
belebele,passage,391,en,78,378,71
belebele,passage,392,en,120,530,96
belebele,passage,393,en,85,426,70
belebele,passage,394,en,70,348,61
belebele,passage,395,en,102,485,84
belebele,passage,396,en,66,310,56
belebele,passage,397,en,149,643,110
belebele,passage,398,en,119,583,100
belebele,passage,399,en,128,622,107
belebele,passage,400,en,277,1352,217
belebele,passage,401,en,134,569,103
belebele,passage,402,en,87,464,78
belebele,passage,403,en,78,326,54
belebele,passage,404,en,47,268,42
belebele,passage,405,en,97,477,83
belebele,passage,406,en,136,675,122
belebele,passage,407,en,141,651,119
belebele,passage,408,en,119,658,103
belebele,passage,409,en,45,221,40
belebele,passage,410,en,69,320,55
belebele,passage,411,en,110,538,81
belebele,passage,412,en,101,548,87
belebele,passage,413,en,69,363,54
belebele,passage,414,en,104,516,93
belebele,passage,415,en,61,311,52
belebele,passage,416,en,117,560,89
belebele,passage,417,en,67,325,55
belebele,passage,418,en,132,682,109
belebele,passage,419,en,150,690,120
belebele,passage,420,en,139,629,116
belebele,passage,421,en,70,318,51
belebele,passage,422,en,78,367,65
belebele,passage,423,en,119,574,101
belebele,passage,424,en,83,394,72
belebele,passage,425,en,94,495,84
belebele,passage,426,en,107,543,84
belebele,passage,427,en,110,498,81
belebele,passage,428,en,71,378,54
belebele,passage,429,en,104,519,94
belebele,passage,430,en,113,597,94
belebele,passage,431,en,132,598,105
belebele,passage,432,en,143,695,107
belebele,passage,433,en,83,392,63
belebele,passage,434,en,78,397,64
belebele,passage,435,en,68,342,54
belebele,passage,436,en,71,387,63
belebele,passage,437,en,113,522,87
belebele,passage,438,en,74,371,63
belebele,passage,439,en,43,219,39
belebele,passage,440,en,60,306,47
belebele,passage,441,en,111,552,93
belebele,passage,442,en,68,377,53
belebele,passage,443,en,127,583,93
belebele,passage,444,en,82,378,70
belebele,passage,445,en,109,605,88
belebele,passage,446,en,128,716,114
belebele,passage,447,en,120,684,108
belebele,passage,448,en,88,418,72
belebele,passage,449,en,73,350,60
belebele,passage,450,en,92,384,68
belebele,passage,451,en,118,582,106
belebele,passage,452,en,115,591,98
belebele,passage,453,en,112,530,95
belebele,passage,454,en,56,253,41
belebele,passage,455,en,140,765,130
belebele,passage,456,en,61,296,51
belebele,passage,457,en,179,719,120
belebele,passage,458,en,135,655,102
belebele,passage,459,en,128,498,82
belebele,passage,460,en,130,566,101
belebele,passage,461,en,157,638,102
belebele,passage,462,en,78,343,55
belebele,passage,463,en,106,600,94
belebele,passage,464,en,107,543,91
belebele,passage,465,en,86,414,71
belebele,passage,466,en,135,624,111
belebele,passage,467,en,104,534,84
belebele,passage,468,en,115,441,81
belebele,passage,469,en,46,242,42
belebele,passage,470,en,124,604,100
belebele,passage,471,en,109,603,93
belebele,passage,472,en,152,689,121
belebele,passage,473,en,122,592,95
belebele,passage,474,en,139,688,120
belebele,passage,475,en,92,443,81
belebele,passage,476,en,100,531,87
belebele,passage,477,en,92,443,83
belebele,passage,478,en,117,625,93
belebele,passage,479,en,107,568,93
belebele,passage,480,en,62,330,54
belebele,passage,481,en,118,585,106
belebele,passage,482,en,59,279,49
belebele,passage,483,en,121,572,103
belebele,passage,484,en,115,621,98
belebele,passage,485,en,112,552,95
belebele,passage,486,en,90,457,81
belebele,passage,487,en,120,659,98
belebele,passage,488,en,149,678,115
belebele,question,qhttps://en.wikibooks.org/wiki/Accordion/Right_hand:1,en,19,110,17
belebele,question,qhttps://en.wikibooks.org/wiki/All_About_Converting_From_Several_Video_Formats_To_DVD:1,en,11,55,10
belebele,question,qhttps://en.wikibooks.org/wiki/American_Revolution/The_Battles_of_Trenton_and_Princeton:2,en,9,43,7
belebele,question,qhttps://en.wikibooks.org/wiki/American_Revolution/The_Declaration_of_Independence:1,en,9,50,7
belebele,question,qhttps://en.wikibooks.org/wiki/American_Revolution/Ticonderoga_and_Bunker_Hill:1,en,8,43,6
belebele,question,qhttps://en.wikibooks.org/wiki/Ancient_China/Government:1,en,19,86,15
belebele,question,"qhttps://en.wikibooks.org/wiki/Animal_Behavior/Army_Ants_-_Social_Hierarchy,_Life_Cycles,_and_Migration:1",en,19,86,16
belebele,question,qhttps://en.wikibooks.org/wiki/Animal_Behavior/Biological_Rhythms:1,en,13,75,12
belebele,question,qhttps://en.wikibooks.org/wiki/Animal_Behavior/Population_Genetics:1,en,16,86,12
belebele,question,qhttps://en.wikibooks.org/wiki/Applied_Ecology/Nature_Tourism:1,en,16,82,14
belebele,question,qhttps://en.wikibooks.org/wiki/Applied_Ecology/New_Societies_and_Cultures:1,en,17,86,15
belebele,question,qhttps://en.wikibooks.org/wiki/Basic_Physics_of_Digital_Radiography/The_Basics:1,en,12,63,11
belebele,question,qhttps://en.wikibooks.org/wiki/Basic_Physics_of_Digital_Radiography/The_Computer:1,en,19,91,17
belebele,question,qhttps://en.wikibooks.org/wiki/Blended_Learning_in_K-12/Blended_Learning_in_Grades_9-12:1,en,18,96,17
belebele,question,qhttps://en.wikibooks.org/wiki/Blended_Learning_in_K-12/Synchronous_and_asynchronous_communication_methods:1,en,15,84,13
belebele,question,qhttps://en.wikibooks.org/wiki/Castles_of_England/The_Development_of_the_Castle:1,en,17,92,15
belebele,question,qhttps://en.wikibooks.org/wiki/Castles_of_England/Tudor_Castles:1,en,15,73,12
belebele,question,qhttps://en.wikibooks.org/wiki/Coaching_Youth_Middle_Distance_Runners/Introduction:1,en,23,125,21
belebele,question,qhttps://en.wikibooks.org/wiki/Coaching_Youth_Middle_Distance_Runners/Nutrition:1,en,17,96,15
belebele,question,qhttps://en.wikibooks.org/wiki/Coaching_Youth_Middle_Distance_Runners/Training:1,en,19,106,17
belebele,question,qhttps://en.wikibooks.org/wiki/Cognitive_Psychology_and_Cognitive_Neuroscience/Behavioural_and_Neuroscience_Methods:1,en,7,43,5
belebele,question,qhttps://en.wikibooks.org/wiki/Cognitive_Psychology_and_Cognitive_Neuroscience/Evolutionary_Perspective_on_Social_Cognitions:1,en,23,129,21
belebele,question,qhttps://en.wikibooks.org/wiki/Cognitive_Psychology_and_Cognitive_Neuroscience/Knowledge_Representation_and_Hemispheric_Specialisation:1,en,19,93,16
belebele,question,qhttps://en.wikibooks.org/wiki/Cognitive_Psychology_and_Cognitive_Neuroscience/Problem_Solving_from_an_Evolutionary_Perspective:1,en,20,108,17
belebele,question,qhttps://en.wikibooks.org/wiki/Communication_Theory/Nonverbal_Communication:1,en,17,92,14
belebele,question,qhttps://en.wikibooks.org/wiki/Communication_Theory/Orality_and_Literacy:1,en,15,77,13
belebele,question,qhttps://en.wikibooks.org/wiki/Communication_Theory/Uses_and_Gratifications:1,en,17,102,16
belebele,question,qhttps://en.wikibooks.org/wiki/Costume_History/Gothic:1,en,16,94,15
belebele,question,qhttps://en.wikibooks.org/wiki/Environmental_theory_and_collection_of_ideas/Environmentalism_and_survival:1,en,20,114,17
belebele,question,qhttps://en.wikibooks.org/wiki/European_History/Absolutism_in_Europe:1,en,28,147,27
belebele,question,qhttps://en.wikibooks.org/wiki/European_History/Challenges_to_Spiritual_Authority:1,en,15,80,13
belebele,question,qhttps://en.wikibooks.org/wiki/European_History/Revolution_in_France:1,en,11,57,9
belebele,question,qhttps://en.wikibooks.org/wiki/European_History/World_War_I:1,en,15,82,13
belebele,question,qhttps://en.wikibooks.org/wiki/Exercise_as_it_relates_to_Disease/Can_Exercise_Really_Help_Multiple_Sclerosis%3F:1,en,18,86,15
belebele,question,qhttps://en.wikibooks.org/wiki/Exercise_as_it_relates_to_Disease/Physical_activity_effect_on_mental_health_in_people_with_chronic_lower_back_pain:1,en,15,90,13
belebele,question,qhttps://en.wikibooks.org/wiki/Fencing:1,en,11,56,9
belebele,question,qhttps://en.wikibooks.org/wiki/First_Aid/Poisoning:1,en,18,104,16
belebele,question,qhttps://en.wikibooks.org/wiki/First_Aid/Primary_Assessment_%26_Basic_Life_Support:1,en,16,85,14
belebele,question,qhttps://en.wikibooks.org/wiki/French_Revolution/Effects:1,en,18,106,17
belebele,question,qhttps://en.wikibooks.org/wiki/Fundamentals_of_Transportation/Introduction:1,en,14,81,13
belebele,question,qhttps://en.wikibooks.org/wiki/Fundamentals_of_Transportation/Traffic_Flow:1,en,22,114,19
belebele,question,"qhttps://en.wikibooks.org/wiki/General_Biology/Genetics/DNA,_The_Genetic_Material:1",en,13,53,10
belebele,question,qhttps://en.wikibooks.org/wiki/General_Biology/Genetics/Mutation:1,en,16,79,15
belebele,question,qhttps://en.wikibooks.org/wiki/Goats/Introduction:1,en,14,73,13
belebele,question,qhttps://en.wikibooks.org/wiki/Golf:1,en,13,53,12
belebele,question,qhttps://en.wikibooks.org/wiki/High_School_Biology/Nature_of_Science:1,en,9,46,8
belebele,question,qhttps://en.wikibooks.org/wiki/High_School_Earth_Science/Storms:1,en,14,70,11
belebele,question,qhttps://en.wikibooks.org/wiki/High_School_Earth_Science/Telescopes:1,en,16,66,12
belebele,question,qhttps://en.wikibooks.org/wiki/History_of_Islam/Early_Islam:1,en,18,92,15
belebele,question,qhttps://en.wikibooks.org/wiki/History_of_Rail_Transport/Early_Rail_Transportation:1,en,12,55,10
belebele,question,qhttps://en.wikibooks.org/wiki/History_of_Technology/Cultural_Determinism:1,en,15,83,12
belebele,question,qhttps://en.wikibooks.org/wiki/History_of_Technology/Technological_Determinism:1,en,17,96,14
belebele,question,qhttps://en.wikibooks.org/wiki/How_to_Play_Violin/Bowing:1,en,17,88,15
belebele,question,qhttps://en.wikibooks.org/wiki/Introduction_to_Paleoanthropology/Bones:1,en,16,84,13
belebele,question,qhttps://en.wikibooks.org/wiki/Introduction_to_Paleoanthropology/Genetics/Introduction:1,en,9,56,8
belebele,question,qhttps://en.wikibooks.org/wiki/Introduction_to_Paleoanthropology/Oldowan:1,en,23,106,19
belebele,question,qhttps://en.wikibooks.org/wiki/Introduction_to_Sociology/Culture:1,en,16,89,14
belebele,question,qhttps://en.wikibooks.org/wiki/Introduction_to_Sociology/Race_and_Ethnicity:1,en,32,171,28
belebele,question,qhttps://en.wikibooks.org/wiki/Introduction_to_Sociology/Socialization:1,en,23,113,20
belebele,question,qhttps://en.wikibooks.org/wiki/Introduction_to_Sociology/Society:1,en,19,111,15
belebele,question,qhttps://en.wikibooks.org/wiki/Introductory_Tourism:1,en,12,61,10
belebele,question,qhttps://en.wikibooks.org/wiki/Learning_Theories/Organizational_Learning:_Influencing_Factors:1,en,20,108,19
belebele,question,qhttps://en.wikibooks.org/wiki/Learning_Theories/Post-Modern_Theories:1,en,14,91,12
belebele,question,qhttps://en.wikibooks.org/wiki/Lucid_Dreaming/Induction_Techniques:1,en,21,128,18
belebele,question,qhttps://en.wikibooks.org/wiki/Lucid_Dreaming/Introduction:1,en,15,72,12
belebele,question,qhttps://en.wikibooks.org/wiki/Managing_Groups_and_Teams/How_Do_You_Build_High-performing_Virtual_Teams%3F:1,en,14,77,12
belebele,question,qhttps://en.wikibooks.org/wiki/Managing_Groups_and_Teams/Motivation:1,en,14,78,13
belebele,question,qhttps://en.wikibooks.org/wiki/Modern_Photography/Composition:1,en,14,62,13
belebele,question,qhttps://en.wikibooks.org/wiki/Modern_Photography/Format:1,en,15,69,11
belebele,question,qhttps://en.wikibooks.org/wiki/Modern_Photography/Lenses:1,en,21,119,18
belebele,question,qhttps://en.wikibooks.org/wiki/Mysticism/What_is_mysticism%3F:1,en,15,84,13
belebele,question,qhttps://en.wikibooks.org/wiki/New_Zealand_History/Polynesian_Settlement:1,en,13,70,11
belebele,question,qhttps://en.wikibooks.org/wiki/Origami/Types/Pureland_Origami:1,en,16,84,13
belebele,question,qhttps://en.wikibooks.org/wiki/Pakistani_History/Prehistory/Bronze_Age/Indus_Valley_Civilization:1,en,17,94,14
belebele,question,qhttps://en.wikibooks.org/wiki/Peak_Oil:_High_Tide_for_an_Oil_Addicted_World/Personal_Action:1,en,15,76,13
belebele,question,qhttps://en.wikibooks.org/wiki/Philippine_History/The_Philippine-American_War:1,en,15,80,13
belebele,question,qhttps://en.wikibooks.org/wiki/Remembering_the_Templars:1,en,12,54,10
belebele,question,qhttps://en.wikibooks.org/wiki/Roman_Culture/Medicine:1,en,20,116,19
belebele,question,qhttps://en.wikibooks.org/wiki/Sensory_Systems/Visual_System:1,en,9,42,8
belebele,question,qhttps://en.wikibooks.org/wiki/Sikhism:1,en,17,97,14
belebele,question,qhttps://en.wikibooks.org/wiki/Social_and_Cultural_Foundations_of_American_Education/Special_Needs/ADD:1,en,20,107,17
belebele,question,qhttps://en.wikibooks.org/wiki/Social_and_Cultural_Foundations_of_American_Education/Technology/Role:1,en,19,89,16
belebele,question,qhttps://en.wikibooks.org/wiki/Social_and_Cultural_Foundations_of_American_Education/Technology/Social_Media:2,en,18,101,15
belebele,question,qhttps://en.wikibooks.org/wiki/The_Cold_War/Hungarian_Revolution:1,en,26,110,19
belebele,question,qhttps://en.wikibooks.org/wiki/The_Cold_War/Introduction:1,en,20,103,18
belebele,question,qhttps://en.wikibooks.org/wiki/The_Organ_Systems/nervous:1,en,18,110,17
belebele,question,qhttps://en.wikibooks.org/wiki/The_Seven_Wonders_of_the_World/The_Great_Pyramid:1,en,11,38,8
belebele,question,qhttps://en.wikibooks.org/wiki/The_Seven_Wonders_of_the_World/The_Temple_of_Artemis:1,en,15,79,13
belebele,question,qhttps://en.wikibooks.org/wiki/Transport/History:1,en,19,91,17
belebele,question,qhttps://en.wikibooks.org/wiki/Warfare:1,en,11,58,10
belebele,question,qhttps://en.wikibooks.org/wiki/Wikijunior:Ancient_Civilizations/Assyrians:1,en,14,68,11
belebele,question,qhttps://en.wikibooks.org/wiki/Wikijunior:Ancient_Civilizations/Babylonians:1,en,16,81,13
belebele,question,qhttps://en.wikibooks.org/wiki/Wikijunior:Ancient_Civilizations/Egyptians:1,en,12,41,6
belebele,question,qhttps://en.wikibooks.org/wiki/Wikijunior:Ancient_Civilizations/Greeks:1,en,10,43,9
belebele,question,qhttps://en.wikibooks.org/wiki/Wikijunior:Ancient_Civilizations/Hebrews:1,en,11,53,10
belebele,question,qhttps://en.wikibooks.org/wiki/Wikijunior:Ancient_Civilizations/Norse:1,en,15,91,14
belebele,question,qhttps://en.wikibooks.org/wiki/Wikijunior:Ancient_Civilizations/Romans:1,en,9,48,8
belebele,question,qhttps://en.wikibooks.org/wiki/Wikijunior:Ancient_Civilizations/What_is_a_Civilization%3F:1,en,17,82,15
belebele,question,qhttps://en.wikibooks.org/wiki/Wikijunior:Asia/Bhutan:1,en,14,53,9
belebele,question,qhttps://en.wikibooks.org/wiki/Wikijunior:Asia/Cambodia:1,en,10,57,9
belebele,question,qhttps://en.wikibooks.org/wiki/Wikijunior:Asia/Taiwan:1,en,18,91,17
belebele,question,qhttps://en.wikibooks.org/wiki/Wikijunior:Big_Book_of_Fun_Science_Experiments/Red_cabbage_indicator:1,en,10,43,9
belebele,question,qhttps://en.wikibooks.org/wiki/Wikijunior:Big_Cats/Lion:1,en,14,80,13
belebele,question,qhttps://en.wikibooks.org/wiki/Wikijunior:Big_Cats/Meet_The_Cats:1,en,13,52,10
belebele,question,qhttps://en.wikibooks.org/wiki/Wikijunior:Big_Cats/Ocelot:1,en,17,67,13
belebele,question,qhttps://en.wikibooks.org/wiki/Wikijunior:Big_Cats/Tiger:1,en,14,75,12
belebele,question,qhttps://en.wikibooks.org/wiki/Wikijunior:Biology/Cells:1,en,16,75,12
belebele,question,qhttps://en.wikibooks.org/wiki/Wikijunior:Biology/Kingdoms/Animals:1,en,14,67,12
belebele,question,qhttps://en.wikibooks.org/wiki/Wikijunior:Biology/Kingdoms/Plants:1,en,10,51,8
belebele,question,qhttps://en.wikibooks.org/wiki/Wikijunior:Biology/Origin_of_Life:1,en,17,96,15
belebele,question,qhttps://en.wikibooks.org/wiki/Wikijunior:Biology/Systems/Circulatory_System:1,en,13,67,11
belebele,question,qhttps://en.wikibooks.org/wiki/Wikijunior:Bugs/Insects_Intro:1,en,15,78,13
belebele,question,qhttps://en.wikibooks.org/wiki/Wikijunior:Dinosaurs/Extinction:1,en,12,81,11
belebele,question,qhttps://en.wikibooks.org/wiki/Wikijunior:Dinosaurs/Triceratops:1,en,23,91,17
belebele,question,qhttps://en.wikibooks.org/wiki/Wikijunior:Europe/Italy:1,en,24,124,21
belebele,question,qhttps://en.wikibooks.org/wiki/Wikijunior:Europe/Luxembourg:1,en,11,64,10
belebele,question,qhttps://en.wikibooks.org/wiki/Wikijunior:Europe/Turkey:1,en,13,64,11
belebele,question,qhttps://en.wikibooks.org/wiki/Wikijunior:Europe/Vatican_City:1,en,11,52,10
belebele,question,qhttps://en.wikibooks.org/wiki/Wikijunior:How_Things_Work/Computer:1,en,17,103,15
belebele,question,qhttps://en.wikibooks.org/wiki/Wikijunior:How_Things_Work/Flush_Toilet:1,en,17,94,15
belebele,question,qhttps://en.wikibooks.org/wiki/Wikijunior:How_Things_Work/Ice_Skates:1,en,11,47,9
belebele,question,qhttps://en.wikibooks.org/wiki/Wikijunior:How_Things_Work/Laser:1,en,20,106,18
belebele,question,qhttps://en.wikibooks.org/wiki/Wikijunior:How_Things_Work/Light_Bulb:1,en,16,82,14
belebele,question,qhttps://en.wikibooks.org/wiki/Wikijunior:How_Things_Work/Nuclear_Bomb:1,en,13,63,11
belebele,question,qhttps://en.wikibooks.org/wiki/Wikijunior:How_Things_Work/Rocket:1,en,12,70,12
belebele,question,qhttps://en.wikibooks.org/wiki/Wikijunior:How_Things_Work/Time:1,en,18,83,16
belebele,question,qhttps://en.wikibooks.org/wiki/Wikijunior:Kings_and_Queens_of_England/Future_monarchs:1,en,19,97,17
belebele,question,qhttps://en.wikibooks.org/wiki/Wikijunior:Kings_and_Queens_of_England/The_Anglo-Saxons:1,en,11,42,6
belebele,question,qhttps://en.wikibooks.org/wiki/Wikijunior:Languages/Estonian:1,en,15,81,14
belebele,question,qhttps://en.wikibooks.org/wiki/Wikijunior:Languages/Hindi:1,en,18,95,15
belebele,question,qhttps://en.wikibooks.org/wiki/Wikijunior:Languages/Korean:1,en,16,74,13
belebele,question,qhttps://en.wikibooks.org/wiki/Wikijunior:Languages/Sanskrit:1,en,14,75,11
belebele,question,qhttps://en.wikibooks.org/wiki/Wikijunior:Solar_System/Jupiter/Io:1,en,19,102,17
belebele,question,qhttps://en.wikibooks.org/wiki/Wikijunior:Solar_System/Moon:1,en,18,104,15
belebele,question,qhttps://en.wikibooks.org/wiki/Wikijunior:Solar_System/Space_exploration:1,en,15,75,13
belebele,question,qhttps://en.wikibooks.org/wiki/Wikijunior:Solar_System/The_Sun:1,en,13,64,11
belebele,question,qhttps://en.wikibooks.org/wiki/Wikijunior:Solar_System/Venus:1,en,14,75,11
belebele,question,qhttps://en.wikibooks.org/wiki/Wikijunior:South_America/The_Amazon:1,en,14,73,12
belebele,question,qhttps://en.wikibooks.org/wiki/Wikijunior:South_America/Venezuela:1,en,16,84,14
belebele,question,qhttps://en.wikibooks.org/wiki/Wikijunior:The_Elements/Hydrogen:1,en,13,61,11
belebele,question,qhttps://en.wikibooks.org/wiki/Wikijunior:The_Elements/Matter_Is_The_Stuff_Around_You:1,en,8,37,7
belebele,question,qhttps://en.wikibooks.org/wiki/Wikijunior:United_States_Charters_of_Freedom/Constitution:1,en,24,125,22
belebele,question,qhttps://en.wikibooks.org/wiki/Wikijunior:United_States_Charters_of_Freedom/Declaration_of_Independence:1,en,14,73,13
belebele,question,qhttps://en.wikibooks.org/wiki/Wikijunior:World_Heritage_Sites/Botanic_Gardens:1,en,9,49,8
belebele,question,qhttps://en.wikibooks.org/wiki/Wikijunior:World_Heritage_Sites/Pyramids_of_Giza:1,en,27,121,21
belebele,question,qhttps://en.wikibooks.org/wiki/Wikijunior:World_Heritage_Sites/Serengeti:1,en,18,82,14
belebele,question,qhttps://en.wikibooks.org/wiki/Wikijunior:World_War_II/Battle_of_Britain:1,en,10,51,8
belebele,question,qhttps://en.wikibooks.org/wiki/Wikijunior:World_War_II/Battleships:1,en,17,87,15
belebele,question,qhttps://en.wikibooks.org/wiki/Wikijunior:World_War_II/Liberation_of_Western_Europe:1,en,7,49,6
belebele,question,qhttps://en.wikibooks.org/wiki/Wikijunior:World_War_II/Submarines:1,en,13,84,12
belebele,question,qhttps://en.wikibooks.org/wiki/World_War_II/Battle_of_Poland:1,en,11,53,8
belebele,question,qhttps://en.wikibooks.org/wiki/World_War_II/Fall_of_East_Africa_and_War_in_North_Africa:1,en,15,65,10
belebele,question,qhttps://en.wikibooks.org/wiki/Yoga/Yoga_Tales:1,en,18,103,16
belebele,question,qhttps://en.wikinews.org/wiki/2009_Shri_Shyam_Bhajan_Hindu_religious_festival_held_in_Hyderabad:1,en,11,60,9
belebele,question,qhttps://en.wikinews.org/wiki/2010_FIBA_World_Championship_starts:1,en,10,52,8
belebele,question,qhttps://en.wikinews.org/wiki/24_people_rescued_from_roller_coaster_at_California%27s_Great_America_theme_park:1,en,14,68,12
belebele,question,qhttps://en.wikinews.org/wiki/8.0_magnitude_earthquake_occurs_near_Tonga:1,en,12,59,11
belebele,question,qhttps://en.wikinews.org/wiki/A1GP_New_Zealand_speeds_its_way_into_record_books:1,en,19,86,16
belebele,question,qhttps://en.wikinews.org/wiki/A_5.6_Richter_quake_hits_Western_Montana:1,en,11,55,9
belebele,question,qhttps://en.wikinews.org/wiki/Abu_Ghraib_prison_burns_after_riot:1,en,11,44,8
belebele,question,"qhttps://en.wikinews.org/wiki/Aerosmith_sued_over_late_cancellation_of_gig_in_Maui,_Hawaii:1",en,15,65,13
belebele,question,qhttps://en.wikinews.org/wiki/Akayev_flees_Kyrgyzstan_as_protesters_seize_control_of_Bishkek:1,en,17,78,12
belebele,question,qhttps://en.wikinews.org/wiki/Amazon_to_buy_smart_doorbell_startup_Ring:1,en,7,41,6
belebele,question,qhttps://en.wikinews.org/wiki/American_children%27s_show_Reading_Rainbow_ends_26_year_run:1,en,10,67,9
belebele,question,qhttps://en.wikinews.org/wiki/Anne_Frank_tree_saved_from_being_chopped_down:1,en,20,109,19
belebele,question,qhttps://en.wikinews.org/wiki/Anonymous_people_reveal_animal_cruelty_at_Australian_Inghams_poultry_producer_factory_using_CCTV_footage:1,en,21,104,17
belebele,question,qhttps://en.wikinews.org/wiki/Another_arrest_in_Minnesota_school_shooting:1,en,16,80,14
belebele,question,qhttps://en.wikinews.org/wiki/Anti-ACTA_activists_protest_across_Europe:1,en,19,97,16
belebele,question,qhttps://en.wikinews.org/wiki/Apple_Japan_to_replace_overheating_iPod_Nanos:1,en,14,71,12
belebele,question,qhttps://en.wikinews.org/wiki/Apple_introduces_iPhone_and_Apple_TV:1,en,16,71,13
belebele,question,qhttps://en.wikinews.org/wiki/Argentina%27s_first_lady_launches_presidential_bid:1,en,13,74,11
belebele,question,qhttps://en.wikinews.org/wiki/Australian_Big_Brother_cleared_of_breaching_content_laws:1,en,12,52,9
belebele,question,qhttps://en.wikinews.org/wiki/Australian_treasurer_enters_nuclear_debate:1,en,10,47,8
belebele,question,qhttps://en.wikinews.org/wiki/Austria_leads_medal_count_after_second_day_of_2013_IPC_Alpine_World_Championships:1,en,10,46,9
belebele,question,qhttps://en.wikinews.org/wiki/BBC_newsreader_sacked_after_conviction_for_wounding_teenager:1,en,13,70,11
belebele,question,qhttps://en.wikinews.org/wiki/Bali_climate_change_conference_begins:1,en,15,57,11
belebele,question,"qhttps://en.wikinews.org/wiki/Benin,_Nigeria_join_African_Union_continental_free_trade_bloc:1",en,21,105,19
belebele,question,"qhttps://en.wikinews.org/wiki/Beverly_Hall,_indicted_public_school_superintendent,_dies_aged_68:1",en,17,98,13
belebele,question,qhttps://en.wikinews.org/wiki/Bomb_blasts_kill_several_in_Iran:1,en,13,74,11
belebele,question,qhttps://en.wikinews.org/wiki/Brazilian_footballer_Gabriel_Jesus_signs_contract_extension_with_Manchester_City:1,en,19,76,13
belebele,question,qhttps://en.wikinews.org/wiki/Building_collapses_in_Mecca_at_eve_of_Hajj_pillgrimage:1,en,10,52,9
belebele,question,qhttps://en.wikinews.org/wiki/Burning_debris_from_satellites_spotted_over_several_US_cities:1,en,14,76,12
belebele,question,qhttps://en.wikinews.org/wiki/Businessman_and_founder_of_The_Weather_Channel_Frank_Batten_dies_at_82:1,en,19,89,15
belebele,question,qhttps://en.wikinews.org/wiki/California_bans_sale_of_violent_video_games_to_minors:1,en,16,71,12
belebele,question,qhttps://en.wikinews.org/wiki/California_lawmaker_denies_affairs_after_sexual_discussion_becomes_public:1,en,13,65,11
belebele,question,qhttps://en.wikinews.org/wiki/Canadian_Prime_Minister_Harper_agrees_to_send_%27Clean_Air_Act%27_to_committee:1,en,14,60,11
belebele,question,qhttps://en.wikinews.org/wiki/Canadian_inspectors_to_test_food_ingredients_from_China:1,en,22,103,18
belebele,question,qhttps://en.wikinews.org/wiki/Canadian_professional_wrestler_Luna_Vachon_dies_aged_48:1,en,11,47,9
belebele,question,"qhttps://en.wikinews.org/wiki/Car_crashes_into_house_in_Suffolk,_UK,_seriously_injuring_man:1",en,12,56,11
belebele,question,qhttps://en.wikinews.org/wiki/Car_women%27s_rugby_7%27s_tournament:1,en,17,95,14
belebele,question,qhttps://en.wikinews.org/wiki/China%27s_economy_surpasses_Japan%27s_in_second_quarter:1,en,18,104,15
belebele,question,qhttps://en.wikinews.org/wiki/China_promises_cut_in_carbon_dioxide_emissions:1,en,9,49,8
belebele,question,qhttps://en.wikinews.org/wiki/Cholera_outbreak_hits_Angola:1,en,15,70,13
belebele,question,qhttps://en.wikinews.org/wiki/Chris_Huhne_resigns_from_UK_Cabinet_to_face_charges:1,en,15,63,10
belebele,question,qhttps://en.wikinews.org/wiki/Controversial_Berlin_opera_features_interactive_drug_usage:1,en,18,82,12
belebele,question,qhttps://en.wikinews.org/wiki/Cosmonaut_Alexei_Leonov_dies_at_age_85:1,en,15,63,10
belebele,question,"qhttps://en.wikinews.org/wiki/Crossing_guard_killed_by_truck_in_Glasgow,_Scotland:1",en,7,29,6
belebele,question,qhttps://en.wikinews.org/wiki/Dark_matter_lacks_extra_gravitational_force:1,en,17,98,16
belebele,question,qhttps://en.wikinews.org/wiki/DeLay_declares_%27victory%27_in_war_on_U.S._budget_fat:1,en,13,65,11
belebele,question,qhttps://en.wikinews.org/wiki/Distributed_computing_to_get_%22interstellar_project%22:1,en,18,94,15
belebele,question,qhttps://en.wikinews.org/wiki/Doctor_to_be_charged_after_mother%27s_death_in_Ohio:1,en,21,68,9
belebele,question,qhttps://en.wikinews.org/wiki/EBay_to_acquire_Skype:1,en,6,26,5
belebele,question,qhttps://en.wikinews.org/wiki/Edmonton_prison_conflict_wounds_eight:1,en,21,100,17
belebele,question,qhttps://en.wikinews.org/wiki/Effect_of_sanctions_%27like_war%27_says_Iran%27s_Ahmadinejad:1,en,22,86,14
belebele,question,qhttps://en.wikinews.org/wiki/Electronic_voting_disputed_in_France:1,en,14,64,12
belebele,question,qhttps://en.wikinews.org/wiki/Explorers_find_shipwreck_thought_to_be_massive_WWII_battleship_Musashi:1,en,14,61,11
belebele,question,qhttps://en.wikinews.org/wiki/Explosion_at_earthquake-damaged_Fukushima_nuclear_power_plant:1,en,20,108,18
belebele,question,qhttps://en.wikinews.org/wiki/Extremely_drug-resistant_tuberculosis_strain_emerges_in_South_Africa:1,en,17,60,10
belebele,question,qhttps://en.wikinews.org/wiki/FAA:_Metroplex_NextGen_project_in_place_in_north_Texas:1,en,11,52,9
belebele,question,qhttps://en.wikinews.org/wiki/FBI_recruits_for_%22War_on_Porn%22:1,en,17,91,15
belebele,question,qhttps://en.wikinews.org/wiki/Fighter_jet_crashes_during_Children%27s_Day_airshow_in_Thailand:1,en,23,85,16
belebele,question,qhttps://en.wikinews.org/wiki/Former_U.S._National_Security_Advisor_Zbigniew_Brzezinski_dies_aged_89:1,en,13,67,10
belebele,question,qhttps://en.wikinews.org/wiki/Former_Yugoslavian_footballer_Stjepan_Bobek_dies_aged_86:1,en,18,89,13
belebele,question,qhttps://en.wikinews.org/wiki/Fossilized_remains_of_small_dinosaur_rediscovered_in_Canada:1,en,21,102,12
belebele,question,"qhttps://en.wikinews.org/wiki/Four_killed,_four_others_injured_in_Buffalo,_New_York_shooting:1",en,11,65,10
belebele,question,qhttps://en.wikinews.org/wiki/France_issues_pollution_alert_as_ship_splits_off_Basque_coast:1,en,17,92,14
belebele,question,qhttps://en.wikinews.org/wiki/French_campaigning_film_director_Ren%C3%A9_Vautier_dies:2,en,8,45,7
belebele,question,qhttps://en.wikinews.org/wiki/Funeral_of_Pope_John_Paul_II_takes_place:1,en,13,67,11
belebele,question,"qhttps://en.wikinews.org/wiki/Gas_explosion_reported_in_Hammersmith,_London:1",en,11,62,9
belebele,question,qhttps://en.wikinews.org/wiki/German_judge_orders_life_sentence_for_nation%27s_%27first_Islamic-motivated_terror_attack%27:1,en,13,61,11
belebele,question,qhttps://en.wikinews.org/wiki/Golf_and_rugby_set_to_return_to_the_Olympic_Games:1,en,13,67,12
belebele,question,qhttps://en.wikinews.org/wiki/Guinness_turns_250:1,en,14,76,12
belebele,question,qhttps://en.wikinews.org/wiki/H5N1_confirmed_in_France:1,en,18,79,14
belebele,question,qhttps://en.wikinews.org/wiki/Haitian_cholera_victims_threaten_United_Nations_with_lawsuit:1,en,18,94,15
belebele,question,qhttps://en.wikinews.org/wiki/Hard_drugs_temporarily_legal_in_Ireland_due_to_constitutional_loophole:1,en,9,44,8
belebele,question,qhttps://en.wikinews.org/wiki/Hollywood_sign_modified_to_read_%27Hollyweed%27:1,en,9,54,8
belebele,question,qhttps://en.wikinews.org/wiki/Hong_Kong_%27tutor_king%27_applies_for_bankruptcy:1,en,19,92,16
belebele,question,"qhttps://en.wikinews.org/wiki/Hong_Kong_tourists_held_hostage_in_the_Philippines,_nine_killed:1",en,15,71,12
belebele,question,qhttps://en.wikinews.org/wiki/Huge_Gay_Pride_parade_held_in_Brazil:1,en,20,107,16
belebele,question,qhttps://en.wikinews.org/wiki/Hungary%27s_St_Stephen%27s_Day_hit_by_storm:_3_left_dead:1,en,22,109,17
belebele,question,qhttps://en.wikinews.org/wiki/Hurricane_Fred_churns_the_Atlantic:1,en,19,68,13
belebele,question,qhttps://en.wikinews.org/wiki/IEEE_approves_802.11n_standard_after_six_years:1,en,11,63,10
belebele,question,qhttps://en.wikinews.org/wiki/Ian_Thorpe_starts_to_recover_from_chest_pains:1,en,18,87,16
belebele,question,qhttps://en.wikinews.org/wiki/Icelandic_Hekla_volcano_shows_signs_of_activity:1,en,15,85,13
belebele,question,qhttps://en.wikinews.org/wiki/India%27s_flag_lands_on_Moon:1,en,19,84,13
belebele,question,qhttps://en.wikinews.org/wiki/India_struggles_with_encephalitis_outbreak:1,en,17,95,15
belebele,question,qhttps://en.wikinews.org/wiki/Indiana_legislators_vote_for_state_constitutional_ban_on_same-sex_marriage:1,en,11,57,9
belebele,question,qhttps://en.wikinews.org/wiki/Investigation_of_Deutsche_Bank_headquarters_spills_into_second_day:1,en,11,40,7
belebele,question,qhttps://en.wikinews.org/wiki/Iranian_passenger_jet%27s_wheel_catches_fire:1,en,11,66,10
belebele,question,qhttps://en.wikinews.org/wiki/Iraq_Study_Group_Report:_Iraq_could_be_on_a_slide_towards_chaos:1,en,16,80,15
belebele,question,qhttps://en.wikinews.org/wiki/Italy_arrests_reputed_Mafia_boss_Lo_Piccolo:1,en,17,75,12
belebele,question,qhttps://en.wikinews.org/wiki/Japanese_Olympic_judoka_Hitoshi_Saito_dies_aged_54:1,en,17,63,11
belebele,question,qhttps://en.wikinews.org/wiki/Japanese_tourist_travels_through_37_countries_on_just_$2:1,en,11,46,8
belebele,question,qhttps://en.wikinews.org/wiki/Jenson_Button_wins_2006_Hungarian_Grand_Prix:1,en,7,29,6
belebele,question,qhttps://en.wikinews.org/wiki/Judge_orders_Baltimore_City_prison_to_produce_plan_for_improvement:1,en,16,68,13
belebele,question,"qhttps://en.wikinews.org/wiki/Karzai_declared_winner_of_Afghan_elections,_runoff_polls_cancelled:1",en,16,83,14
belebele,question,qhttps://en.wikinews.org/wiki/Khyber_Pakhtunkhwa_Provincial_Assembly_votes_to_merge_with_Pakistani_Federally_Administered_Tribal_Areas:1,en,8,40,6
belebele,question,qhttps://en.wikinews.org/wiki/La_La_Land_receives_record-equalling_fourteen_Oscar_nominations;_Hacksaw_Ridge_gets_six:1,en,8,41,7
belebele,question,"qhttps://en.wikinews.org/wiki/Large_earthquake_off_Japan,_tsunami_warning_issued:1",en,11,66,10
belebele,question,qhttps://en.wikinews.org/wiki/Leak_suggests_John_Kerry_will_recognise_Israel_as_Jewish_state:1,en,17,88,15
belebele,question,qhttps://en.wikinews.org/wiki/Ma_Ying-jeou_wins_2008_Taiwan_presidential_election:1,en,8,33,7
belebele,question,qhttps://en.wikinews.org/wiki/Mass_evictions_from_Oakland%27s_public_housing:1,en,16,78,14
belebele,question,qhttps://en.wikinews.org/wiki/Matt_Kenseth_wins_third_NASCAR_Sprint_Cup_race_of_2012:1,en,19,93,16
belebele,question,qhttps://en.wikinews.org/wiki/Meteorites_in_Morocco_found_to_be_from_Mars:1,en,24,123,20
belebele,question,qhttps://en.wikinews.org/wiki/Michael_Schumacher_calls_off_Formula_1_comeback_due_to_injury:1,en,7,27,4
belebele,question,qhttps://en.wikinews.org/wiki/Microsoft_and_Yahoo_team_up_to_make_IM_clients_compatible:1,en,12,62,10
belebele,question,"qhttps://en.wikinews.org/wiki/Militants_bomb_Gaziantep,_Turkey_police_headquarters:1",en,12,62,11
belebele,question,qhttps://en.wikinews.org/wiki/Mitt_Romney_wins_2012_Florida_primary:1,en,20,85,14
belebele,question,qhttps://en.wikinews.org/wiki/Mitt_Romney_wins_Iowa_Caucus_by_eight_votes_over_surging_Rick_Santorum:1,en,17,87,15
belebele,question,"qhttps://en.wikinews.org/wiki/Modern_radio_drama_Paranoria,_TX_releases_100th_episode:1",en,17,61,12
belebele,question,qhttps://en.wikinews.org/wiki/Mumbai_2008_attack_plotter_sentenced_to_35_years:1,en,15,80,12
belebele,question,qhttps://en.wikinews.org/wiki/Nadal_beats_Raonic_to_reach_Australian_Open_semis:1,en,20,115,17
belebele,question,qhttps://en.wikinews.org/wiki/Naked_News_to_create_international_language_editions:1,en,14,78,13
belebele,question,qhttps://en.wikinews.org/wiki/Nathalie_Carpanedo_finishes_wild_card_run_at_2013_IPC_Alpine_World_Championships:1,en,11,53,9
belebele,question,qhttps://en.wikinews.org/wiki/National_Basketball_Association_suspends_season_due_to_COVID-19_concerns:1,en,11,53,10
belebele,question,"qhttps://en.wikinews.org/wiki/National_Hockey_League_news:_March_22,_2008:1",en,20,103,16
belebele,question,qhttps://en.wikinews.org/wiki/Nationalised_bank_Northern_Rock_sold_to_Virgin_Money:1,en,11,61,10
belebele,question,qhttps://en.wikinews.org/wiki/New_Australian_Prime_Minister_signs_Kyoto:1,en,19,94,17
belebele,question,qhttps://en.wikinews.org/wiki/New_South_Wales_government_starts_trial_of_hunting_in_national_parks:1,en,11,59,10
belebele,question,qhttps://en.wikinews.org/wiki/New_fossils_from_10_million_year_old_ape_found_in_Ethiopia:1,en,11,52,9
belebele,question,qhttps://en.wikinews.org/wiki/Nintendo_unveils_controller_for_Revolution_console:1,en,17,83,16
belebele,question,"qhttps://en.wikinews.org/wiki/No_bomb_threat,_hijacking_of_plane_in_China%27s_Xinjiang_region_according_to_Afghan_officials:1",en,15,65,12
belebele,question,qhttps://en.wikinews.org/wiki/Nobel_Prize_in_Literature_Committee_abandons_efforts_to_contact_Bob_Dylan:1,en,12,59,10
belebele,question,qhttps://en.wikinews.org/wiki/North_Korea_agrees_to_disable_its_main_nuclear_reactor:1,en,12,53,10
belebele,question,qhttps://en.wikinews.org/wiki/Noted_stamp_engraver_Czeslaw_Slania_dies_at_83:1,en,12,57,9
belebele,question,qhttps://en.wikinews.org/wiki/Oil_spill_in_Alaska_closes_800_miles_of_pipeline:1,en,18,92,16
belebele,question,qhttps://en.wikinews.org/wiki/Parts_of_New_Orleans_flood_again:1,en,12,51,10
belebele,question,qhttps://en.wikinews.org/wiki/Patient_under_evaluation_with_Ebola-like_symptoms_in_Washington_D.C.:1,en,10,53,9
belebele,question,qhttps://en.wikinews.org/wiki/Philae_space_probe_lands_on_comet:1,en,10,53,9
belebele,question,"qhttps://en.wikinews.org/wiki/Phone_threat_closes_tunnels,_snarls_traffic_in_Baltimore,_Maryland:1",en,15,73,13
belebele,question,qhttps://en.wikinews.org/wiki/Photojournalist_photographing_Justin_Bieber%27s_car_run_over_by_another_vehicle:1,en,18,93,16
belebele,question,qhttps://en.wikinews.org/wiki/President_of_Costa_Rica_contracts_H1N1_swine_flu:1,en,17,108,15
belebele,question,qhttps://en.wikinews.org/wiki/Rare_Middle_East_cyclone_batters_Oman:1,en,17,88,13
belebele,question,"qhttps://en.wikinews.org/wiki/Red_tide_affects_South_Padre_Island,_Mexico:1",en,15,67,12
belebele,question,qhttps://en.wikinews.org/wiki/Remnants_of_Hurricane_Felicia_affect_Hawaii:1,en,20,96,17
belebele,question,qhttps://en.wikinews.org/wiki/Renault_F1_launch_criminal_complaint_against_former_driver_over_race-fixing_allegation:1,en,17,81,12
belebele,question,qhttps://en.wikinews.org/wiki/Researchers_report_rapid_formation_of_new_bird_species_in_Gal%C3%A1pagos_islands:1,en,18,105,16
belebele,question,qhttps://en.wikinews.org/wiki/Romanian_artists_auction_off_their_works_for_tsunami_victims:1,en,8,32,5
belebele,question,qhttps://en.wikinews.org/wiki/Russian_military_cargo_jet_crash_kills_eleven_in_Siberia:1,en,14,48,9
belebele,question,"qhttps://en.wikinews.org/wiki/Sam_Simon,_%27The_Simpsons%27_co-creator,_dies_aged_59:2",en,9,44,8
belebele,question,qhttps://en.wikinews.org/wiki/Sandra_Fluke_insists_she_will_not_be_silenced:1,en,14,76,11
belebele,question,qhttps://en.wikinews.org/wiki/Saturn%27s_moon_Titan_hosts_liquid_lakes_and_rivers:1,en,13,67,11
belebele,question,qhttps://en.wikinews.org/wiki/Scientists_find_dinosaur_feathers_preserved_in_amber:1,en,13,64,12
belebele,question,qhttps://en.wikinews.org/wiki/Scientists_report_two_life-saving_treatments_for_Ebola:1,en,13,58,10
belebele,question,qhttps://en.wikinews.org/wiki/Scientists_say_new_medical_diagnostic_chip_can_sort_cells_anywhere_with_an_inkjet:1,en,13,69,12
belebele,question,qhttps://en.wikinews.org/wiki/Scientists_say_the_moon_is_slowly_shrinking:1,en,16,74,12
belebele,question,qhttps://en.wikinews.org/wiki/Scottish_Justice_Secretary_%27acutely_aware_of_unusual_publicity%27_in_Kular_case:1,en,16,78,14
belebele,question,qhttps://en.wikinews.org/wiki/Sealing_ships_trapped_in_ice_off_coast_of_Newfoundland:1,en,15,68,12
belebele,question,qhttps://en.wikinews.org/wiki/Senate_questions_Roberts_in_confirmation_hearings:1,en,8,49,7
belebele,question,qhttps://en.wikinews.org/wiki/September_11_attacks_remembered_in_US:1,en,9,41,8
belebele,question,qhttps://en.wikinews.org/wiki/Seven_caves_found_on_Mars:_NASA:1,en,10,59,9
belebele,question,qhttps://en.wikinews.org/wiki/Seven_killed_in_Chinese_bombing:1,en,14,72,12
belebele,question,qhttps://en.wikinews.org/wiki/South_Africa_end_All_Blacks%27_15-game_winning_streak:1,en,11,49,10
belebele,question,qhttps://en.wikinews.org/wiki/Space_station_crew_perform_successful_spacewalk:1,en,15,82,14
belebele,question,qhttps://en.wikinews.org/wiki/Spam_mailer_gets_9_year_jail_sentence:1,en,12,61,11
belebele,question,qhttps://en.wikinews.org/wiki/Spanish_football:_Sevilla_signs_Aleix_Vidal_from_FC_Barcelona:1,en,16,83,14
belebele,question,qhttps://en.wikinews.org/wiki/Spanish_football_captain_dies_at_26:1,en,9,39,8
belebele,question,"qhttps://en.wikinews.org/wiki/Strong_6.3_earthquake_reported_in_Sumatra,_Indonesia:1",en,13,59,9
belebele,question,"qhttps://en.wikinews.org/wiki/Sun%27s_mood_swings_not_so_strange_after_all,_say_scientists:1",en,15,72,14
belebele,question,qhttps://en.wikinews.org/wiki/Support_for_an_Australian_republic_slips:1,en,12,85,11
belebele,question,qhttps://en.wikinews.org/wiki/Susan_G._Komen_Foundation_stops_funding_to_Planned_Parenthood:1,en,7,48,6
belebele,question,"qhttps://en.wikinews.org/wiki/Swiss_woman_gang-raped_in_Madhya_Pradesh,_India:1",en,14,65,12
belebele,question,qhttps://en.wikinews.org/wiki/Taiwanese_consumer_laptop_market_faces_change_following_ASUStek_winning_sustainability_award:1,en,15,63,10
belebele,question,qhttps://en.wikinews.org/wiki/Teen_post_officer_hides_400_New_Year_cards_in_Japanese_snow:1,en,9,53,8
belebele,question,qhttps://en.wikinews.org/wiki/Tennis:_Andy_Murray_wins_Montreal_Masters_2009:1,en,12,54,10
belebele,question,qhttps://en.wikinews.org/wiki/Texas_governor_and_health_officials_address_public_regarding_Ebola_case:1,en,16,70,12
belebele,question,qhttps://en.wikinews.org/wiki/The_Onion:_An_interview_with_%27America%27s_Finest_News_Source%27:1,en,12,63,11
belebele,question,qhttps://en.wikinews.org/wiki/Thousands_march_in_London_calling_for_David_Cameron%27s_resignation_over_tax_affairs:1,en,12,59,10
belebele,question,qhttps://en.wikinews.org/wiki/Toronto_team-led_research_on_Type_1_Diabetes_%27groundbreaking%27:1,en,15,56,12
belebele,question,qhttps://en.wikinews.org/wiki/Tourist_plane_crash_in_Papua_New_Guinea_leaves_thirteen_dead:1,en,19,90,14
belebele,question,qhttps://en.wikinews.org/wiki/Trade_hall_roof_collapses_in_Poland:1,en,21,100,15
belebele,question,qhttps://en.wikinews.org/wiki/Tropical_Storm_Danielle_forms_in_Atlantic_Ocean:1,en,14,78,13
belebele,question,qhttps://en.wikinews.org/wiki/Two-day_bird_flu_conference_draws_$1.9_billion_in_pledges:1,en,19,106,17
belebele,question,qhttps://en.wikinews.org/wiki/Typhoon_prompts_massive_evacuations_in_China:1,en,16,67,12
belebele,question,qhttps://en.wikinews.org/wiki/U.S._President_arrives_in_Singapore:1,en,12,52,10
belebele,question,qhttps://en.wikinews.org/wiki/UK_government_outlines_plans_for_rail_transport:1,en,16,82,13
belebele,question,qhttps://en.wikinews.org/wiki/UK_threat_level_reduced_to_%27severe%27:1,en,10,52,8
belebele,question,qhttps://en.wikinews.org/wiki/UN_Security_Council_heads_to_Haiti_amid_political_instability:1,en,9,51,8
belebele,question,qhttps://en.wikinews.org/wiki/USA_Gymnastics_board_resigning_after_sex_abuse:1,en,22,105,16
belebele,question,qhttps://en.wikinews.org/wiki/US_Navy_ship_damages_Tubbataha_Reef_National_Park:1,en,11,55,9
belebele,question,qhttps://en.wikinews.org/wiki/US_President_Trump_announces_troop_withdrawal_from_Syria:1,en,9,52,8
belebele,question,qhttps://en.wikinews.org/wiki/US_helicopter_with_17_on_board_believed_to_have_been_shot_down_in_Afghanistan:1,en,11,46,10
belebele,question,qhttps://en.wikinews.org/wiki/US_officials_flood_Grand_Canyon_to_restore_ecosystem:1,en,12,55,11
belebele,question,qhttps://en.wikinews.org/wiki/United_States_warns_of_suicide_attacks_in_Kenya_and_Ethiopia:1,en,15,82,13
belebele,question,qhttps://en.wikinews.org/wiki/War_between_top_lawyers_in_Greece:1,en,10,46,9
belebele,question,qhttps://en.wikinews.org/wiki/West_Indies_wins_the_third_match_of_the_cricket_series_against_India:1,en,9,36,7
belebele,question,qhttps://en.wikinews.org/wiki/Wikimedia_Foundation_addresses_controversial_content_conflict:1,en,15,68,12
belebele,question,qhttps://en.wikinews.org/wiki/Women%E2%80%99s_boxing_to_be_included_in_the_2012_Olympics_for_the_first_time:1,en,15,76,13
belebele,question,qhttps://en.wikinews.org/wiki/Young_motorcycle_racer_Peter_Lenz_dies_in_race_crash_aged_13:1,en,7,24,5
belebele,question,qhttps://en.wikivoyage.org/wiki/Advice_for_nervous_flyers:1,en,20,116,19
belebele,question,qhttps://en.wikivoyage.org/wiki/Aggregators:1,en,17,87,14
belebele,question,qhttps://en.wikivoyage.org/wiki/Air_courier:1,en,10,53,9
belebele,question,qhttps://en.wikivoyage.org/wiki/Airline_alliances:1,en,25,122,20
belebele,question,qhttps://en.wikivoyage.org/wiki/Alcoholic_beverages:1,en,18,105,16
belebele,question,qhttps://en.wikivoyage.org/wiki/Amsterdam/Canal_District:1,en,9,52,7
belebele,question,qhttps://en.wikivoyage.org/wiki/Angkor_Archaeological_Park:1,en,19,88,15
belebele,question,qhttps://en.wikivoyage.org/wiki/Antarctica:1,en,17,98,15
belebele,question,qhttps://en.wikivoyage.org/wiki/Astronomy:1,en,14,61,10
belebele,question,qhttps://en.wikivoyage.org/wiki/Auckland:1,en,16,73,14
belebele,question,qhttps://en.wikivoyage.org/wiki/Auschwitz-Birkenau:1,en,19,110,17
belebele,question,qhttps://en.wikivoyage.org/wiki/Auxiliary_languages:1,en,9,50,7
belebele,question,qhttps://en.wikivoyage.org/wiki/Baltic_Sea_ferries:1,en,18,89,16
belebele,question,qhttps://en.wikivoyage.org/wiki/Barcelona:1,en,12,72,11
belebele,question,qhttps://en.wikivoyage.org/wiki/Bed_and_breakfasts:1,en,25,119,22
belebele,question,qhttps://en.wikivoyage.org/wiki/Beijing_2022:1,en,23,86,16
belebele,question,qhttps://en.wikivoyage.org/wiki/Birdwatching:1,en,11,56,9
belebele,question,qhttps://en.wikivoyage.org/wiki/Boating_on_the_Baltic_Sea:2,en,12,45,7
belebele,question,qhttps://en.wikivoyage.org/wiki/Border_crossing:1,en,22,116,20
belebele,question,qhttps://en.wikivoyage.org/wiki/Botanical_tourism_in_Singapore:1,en,22,111,20
belebele,question,qhttps://en.wikivoyage.org/wiki/Bread_and_confectionery:1,en,10,47,8
belebele,question,qhttps://en.wikivoyage.org/wiki/Budget_travel:1,en,20,98,18
belebele,question,qhttps://en.wikivoyage.org/wiki/Buffalo-Pittsburgh_Highway:1,en,18,107,16
belebele,question,qhttps://en.wikivoyage.org/wiki/Canyoning:1,en,14,61,10
belebele,question,qhttps://en.wikivoyage.org/wiki/Car_camping:1,en,18,90,16
belebele,question,qhttps://en.wikivoyage.org/wiki/Casablanca:1,en,13,65,10
belebele,question,qhttps://en.wikivoyage.org/wiki/Cascais:1,en,14,77,11
belebele,question,qhttps://en.wikivoyage.org/wiki/Caucasus:1,en,7,34,6
belebele,question,qhttps://en.wikivoyage.org/wiki/Charlotte_with_children:1,en,15,74,13
belebele,question,qhttps://en.wikivoyage.org/wiki/Chile:1,en,17,80,14
belebele,question,qhttps://en.wikivoyage.org/wiki/Cinque_Terre:1,en,13,66,12
belebele,question,qhttps://en.wikivoyage.org/wiki/Cold_weather:1,en,17,100,15
belebele,question,qhttps://en.wikivoyage.org/wiki/Cook_Islands:1,en,15,85,14
belebele,question,qhttps://en.wikivoyage.org/wiki/Corcovado_National_Park:1,en,13,75,12
belebele,question,qhttps://en.wikivoyage.org/wiki/Cross_country_skiing:1,en,16,73,13
belebele,question,qhttps://en.wikivoyage.org/wiki/Culture_shock:1,en,13,66,10
belebele,question,qhttps://en.wikivoyage.org/wiki/Dangerous_animals:1,en,12,60,10
belebele,question,qhttps://en.wikivoyage.org/wiki/Deserts:1,en,19,100,17
belebele,question,qhttps://en.wikivoyage.org/wiki/Dominican_Republic:1,en,19,103,15
belebele,question,qhttps://en.wikivoyage.org/wiki/Downhill_snowsports:1,en,13,74,11
belebele,question,qhttps://en.wikivoyage.org/wiki/East_African_Islands:1,en,18,104,17
belebele,question,qhttps://en.wikivoyage.org/wiki/Easter_travel:1,en,15,91,13
belebele,question,qhttps://en.wikivoyage.org/wiki/Ecuador:1,en,18,99,16
belebele,question,qhttps://en.wikivoyage.org/wiki/Eye_care:1,en,15,73,14
belebele,question,qhttps://en.wikivoyage.org/wiki/Falkland_Islands:1,en,18,90,15
belebele,question,qhttps://en.wikivoyage.org/wiki/Festivals_of_Kerala:1,en,13,75,12
belebele,question,qhttps://en.wikivoyage.org/wiki/First_and_business_class_flights:1,en,25,123,22
belebele,question,qhttps://en.wikivoyage.org/wiki/Flying_to_Africa:1,en,23,107,20
belebele,question,qhttps://en.wikivoyage.org/wiki/Food_and_drink:1,en,17,94,15
belebele,question,qhttps://en.wikivoyage.org/wiki/French_phrasebook:1,en,16,85,13
belebele,question,qhttps://en.wikivoyage.org/wiki/Funeral_travel:1,en,15,67,12
belebele,question,qhttps://en.wikivoyage.org/wiki/GPS_navigation:1,en,16,86,15
belebele,question,qhttps://en.wikivoyage.org/wiki/Galapagos_Islands:1,en,17,85,15
belebele,question,qhttps://en.wikivoyage.org/wiki/Gambling:1,en,20,97,18
belebele,question,qhttps://en.wikivoyage.org/wiki/German_phrasebook:1,en,18,90,16
belebele,question,qhttps://en.wikivoyage.org/wiki/Gestures:1,en,13,60,10
belebele,question,qhttps://en.wikivoyage.org/wiki/Glaciers:1,en,11,48,7
belebele,question,qhttps://en.wikivoyage.org/wiki/Goma:1,en,15,98,13
belebele,question,qhttps://en.wikivoyage.org/wiki/Grand_Canyon:1,en,15,75,13
belebele,question,qhttps://en.wikivoyage.org/wiki/Grand_old_hotels:1,en,20,98,19
belebele,question,qhttps://en.wikivoyage.org/wiki/Greenland:1,en,14,81,12
belebele,question,qhttps://en.wikivoyage.org/wiki/Guanajuato:1,en,12,54,11
belebele,question,qhttps://en.wikivoyage.org/wiki/Hiking:1,en,18,104,16
belebele,question,qhttps://en.wikivoyage.org/wiki/Hiking_destinations_in_Norway:1,en,19,85,15
belebele,question,qhttps://en.wikivoyage.org/wiki/Hill_stations_in_India:1,en,11,66,10
belebele,question,qhttps://en.wikivoyage.org/wiki/Hitchhiking_boats:1,en,17,77,15
belebele,question,qhttps://en.wikivoyage.org/wiki/Hong_Kong:1,en,15,85,13
belebele,question,qhttps://en.wikivoyage.org/wiki/Horse_riding:1,en,23,100,19
belebele,question,qhttps://en.wikivoyage.org/wiki/Hospitality_exchange:1,en,10,67,9
belebele,question,qhttps://en.wikivoyage.org/wiki/Hostels:1,en,21,98,19
belebele,question,qhttps://en.wikivoyage.org/wiki/Indigenous_Australian_culture:1,en,17,100,13
belebele,question,qhttps://en.wikivoyage.org/wiki/Indonesian_cuisine:1,en,13,65,10
belebele,question,qhttps://en.wikivoyage.org/wiki/Infectious_diseases:1,en,12,61,10
belebele,question,qhttps://en.wikivoyage.org/wiki/Internet_access:1,en,19,101,18
belebele,question,qhttps://en.wikivoyage.org/wiki/Internet_telephony:1,en,14,75,13
belebele,question,qhttps://en.wikivoyage.org/wiki/Italian_phrasebook:1,en,14,87,13
belebele,question,qhttps://en.wikivoyage.org/wiki/Izmir:1,en,15,83,13
belebele,question,qhttps://en.wikivoyage.org/wiki/Japan%27s_Top_100_Cherry_Blossom_Spots:1,en,11,46,9
belebele,question,qhttps://en.wikivoyage.org/wiki/Jerusalem:1,en,20,109,18
belebele,question,qhttps://en.wikivoyage.org/wiki/Kruger_National_Park:1,en,18,95,16
belebele,question,qhttps://en.wikivoyage.org/wiki/Machu_Picchu:1,en,21,115,19
belebele,question,qhttps://en.wikivoyage.org/wiki/Mallorca:1,en,18,82,15
belebele,question,qhttps://en.wikivoyage.org/wiki/Maori_culture:1,en,17,87,15
belebele,question,qhttps://en.wikivoyage.org/wiki/Meteora:1,en,12,60,11
belebele,question,qhttps://en.wikivoyage.org/wiki/Midnight_sun:1,en,16,94,15
belebele,question,qhttps://en.wikivoyage.org/wiki/Mobile_phones:1,en,15,74,14
belebele,question,qhttps://en.wikivoyage.org/wiki/Moldova:1,en,17,86,14
belebele,question,qhttps://en.wikivoyage.org/wiki/Montevideo:1,en,22,111,18
belebele,question,qhttps://en.wikivoyage.org/wiki/Murals_and_graffiti:2,en,23,130,20
belebele,question,qhttps://en.wikivoyage.org/wiki/Music_festival_circuit:1,en,19,98,17
belebele,question,qhttps://en.wikivoyage.org/wiki/New_Mexico_Pueblos:1,en,17,100,15
belebele,question,qhttps://en.wikivoyage.org/wiki/Noum%C3%A9a:1,en,12,68,11
belebele,question,qhttps://en.wikivoyage.org/wiki/Paraguay:1,en,16,83,13
belebele,question,qhttps://en.wikivoyage.org/wiki/Paris:1,en,21,83,18
belebele,question,qhttps://en.wikivoyage.org/wiki/Past_events/Wikimania_2018_Cape_Town_Guidebook:1,en,14,58,11
belebele,question,qhttps://en.wikivoyage.org/wiki/Pests:1,en,13,58,12
belebele,question,qhttps://en.wikivoyage.org/wiki/Phone_service:1,en,8,43,7
belebele,question,qhttps://en.wikivoyage.org/wiki/Plitvice_Lakes_National_Park:1,en,22,106,18
belebele,question,qhttps://en.wikivoyage.org/wiki/Regional_coding:1,en,13,66,11
belebele,question,qhttps://en.wikivoyage.org/wiki/Returning_home:1,en,12,68,10
belebele,question,qhttps://en.wikivoyage.org/wiki/Rock_climbing:1,en,22,121,18
belebele,question,qhttps://en.wikivoyage.org/wiki/Round_the_world_flights:1,en,19,104,17
belebele,question,qhttps://en.wikivoyage.org/wiki/Running:1,en,8,55,7
belebele,question,qhttps://en.wikivoyage.org/wiki/Safaris:1,en,21,92,17
belebele,question,qhttps://en.wikivoyage.org/wiki/Salar_de_Uyuni:1,en,14,62,12
belebele,question,qhttps://en.wikivoyage.org/wiki/San_Francisco:1,en,14,84,11
belebele,question,qhttps://en.wikivoyage.org/wiki/Sleep:1,en,22,111,19
belebele,question,qhttps://en.wikivoyage.org/wiki/Smartphone_apps_for_travellers:1,en,16,89,13
belebele,question,qhttps://en.wikivoyage.org/wiki/Snow_safety:1,en,12,55,10
belebele,question,qhttps://en.wikivoyage.org/wiki/South_Asian_cuisine:1,en,13,68,11
belebele,question,qhttps://en.wikivoyage.org/wiki/South_Pole:1,en,18,85,14
belebele,question,qhttps://en.wikivoyage.org/wiki/Southern_Africa:1,en,19,109,18
belebele,question,qhttps://en.wikivoyage.org/wiki/Stay_safe:1,en,21,109,19
belebele,question,qhttps://en.wikivoyage.org/wiki/Staycation:1,en,19,95,17
belebele,question,qhttps://en.wikivoyage.org/wiki/Streymoy:1,en,7,38,6
belebele,question,qhttps://en.wikivoyage.org/wiki/Studying_abroad:1,en,15,89,14
belebele,question,qhttps://en.wikivoyage.org/wiki/Subtropical_rainforests:1,en,9,52,8
belebele,question,qhttps://en.wikivoyage.org/wiki/Sundarbans_National_Park:1,en,19,93,15
belebele,question,qhttps://en.wikivoyage.org/wiki/Talk:1,en,21,110,19
belebele,question,qhttps://en.wikivoyage.org/wiki/Thimphu:1,en,25,126,21
belebele,question,qhttps://en.wikivoyage.org/wiki/Timbuktu:1,en,14,66,11
belebele,question,qhttps://en.wikivoyage.org/wiki/Tokyo_2020:1,en,9,52,7
belebele,question,qhttps://en.wikivoyage.org/wiki/Tornado_safety:1,en,15,71,13
belebele,question,qhttps://en.wikivoyage.org/wiki/Travel_advisories:1,en,21,129,19
belebele,question,qhttps://en.wikivoyage.org/wiki/Travel_agencies:1,en,22,115,20
belebele,question,qhttps://en.wikivoyage.org/wiki/Travel_basics:1,en,17,100,15
belebele,question,qhttps://en.wikivoyage.org/wiki/Travel_in_developing_countries:1,en,19,112,18
belebele,question,qhttps://en.wikivoyage.org/wiki/Travel_insurance:1,en,30,148,28
belebele,question,qhttps://en.wikivoyage.org/wiki/Travel_photography/Film:1,en,16,90,14
belebele,question,qhttps://en.wikivoyage.org/wiki/Travel_writing:1,en,20,102,18
belebele,question,qhttps://en.wikivoyage.org/wiki/Travellers%27_diarrhea:1,en,11,63,10
belebele,question,qhttps://en.wikivoyage.org/wiki/Travelling_around_the_Schengen_Area:1,en,15,77,13
belebele,question,qhttps://en.wikivoyage.org/wiki/Valley_of_the_Kings:1,en,15,55,11
belebele,question,qhttps://en.wikivoyage.org/wiki/Vancouver:1,en,19,113,15
belebele,question,qhttps://en.wikivoyage.org/wiki/Victoria_Falls:1,en,21,103,16
belebele,question,qhttps://en.wikivoyage.org/wiki/Video_recording:1,en,19,95,17
belebele,question,qhttps://en.wikivoyage.org/wiki/Visa:1,en,19,110,17
belebele,question,qhttps://en.wikivoyage.org/wiki/Volunteer_travel:1,en,9,56,8
belebele,question,qhttps://en.wikivoyage.org/wiki/Walt_Disney_World:1,en,20,101,17
belebele,question,qhttps://en.wikivoyage.org/wiki/War_zone_safety:1,en,26,141,24
belebele,question,qhttps://en.wikivoyage.org/wiki/Water:1,en,16,94,14
belebele,question,qhttps://en.wikivoyage.org/wiki/Water_safety:1,en,16,82,13
belebele,question,qhttps://en.wikivoyage.org/wiki/Waterways:1,en,18,102,16
belebele,question,qhttps://en.wikivoyage.org/wiki/West_Africa:1,en,22,112,20
belebele,question,qhttps://en.wikivoyage.org/wiki/Wildlife_photography:1,en,19,100,16
belebele,question,qhttps://en.wikivoyage.org/wiki/Winter_driving:1,en,18,108,17
belebele,question,qhttps://en.wikivoyage.org/wiki/Working_abroad:1,en,13,78,12
belebele,question,qhttps://en.wikivoyage.org/wiki/World%27s_Fair:1,en,14,78,12
belebele,question,qhttps://en.wikivoyage.org/wiki/Yellowstone_National_Park:1,en,14,79,13
belebele,passage,1,es,98,451,74
belebele,passage,2,es,135,616,103
belebele,passage,3,es,170,704,123
belebele,passage,4,es,207,804,150
belebele,passage,5,es,200,832,142
belebele,passage,6,es,158,655,114
belebele,passage,7,es,99,404,65
belebele,passage,8,es,113,513,78
belebele,passage,9,es,71,331,48
belebele,passage,10,es,88,422,66
belebele,passage,11,es,118,578,96
belebele,passage,12,es,118,530,89
belebele,passage,13,es,71,301,51
belebele,passage,14,es,230,1071,176
belebele,passage,15,es,134,635,97
belebele,passage,16,es,147,593,94
belebele,passage,17,es,96,417,69
belebele,passage,18,es,113,561,95
belebele,passage,19,es,82,437,65
belebele,passage,20,es,87,474,70
belebele,passage,21,es,216,890,143
belebele,passage,22,es,148,691,109
belebele,passage,23,es,186,952,146
belebele,passage,24,es,149,773,117
belebele,passage,25,es,137,674,103
belebele,passage,26,es,88,454,71
belebele,passage,27,es,134,584,88
belebele,passage,28,es,127,558,97
belebele,passage,29,es,134,639,97
belebele,passage,30,es,158,753,125
belebele,passage,31,es,160,722,121
belebele,passage,32,es,163,649,115
belebele,passage,33,es,141,689,96
belebele,passage,34,es,105,426,72
belebele,passage,35,es,118,562,87
belebele,passage,36,es,57,268,40
belebele,passage,37,es,93,448,65
belebele,passage,38,es,71,336,57
belebele,passage,39,es,150,700,113
belebele,passage,40,es,107,478,81
belebele,passage,41,es,164,830,125
belebele,passage,42,es,83,348,60
belebele,passage,43,es,74,341,54
belebele,passage,44,es,133,541,90
belebele,passage,45,es,113,466,82
belebele,passage,46,es,84,405,67
belebele,passage,47,es,101,372,60
belebele,passage,48,es,69,321,49
belebele,passage,49,es,181,741,129
belebele,passage,50,es,197,850,139
belebele,passage,51,es,95,431,66
belebele,passage,52,es,247,1248,197
belebele,passage,53,es,152,637,120
belebele,passage,54,es,139,584,109
belebele,passage,55,es,80,366,59
belebele,passage,56,es,201,913,137
belebele,passage,57,es,147,666,103
belebele,passage,58,es,86,403,64
belebele,passage,59,es,211,1018,165
belebele,passage,60,es,111,610,87
belebele,passage,61,es,136,644,112
belebele,passage,62,es,244,1236,191
belebele,passage,63,es,171,867,131
belebele,passage,64,es,143,676,111
belebele,passage,65,es,146,700,117
belebele,passage,66,es,171,788,126
belebele,passage,67,es,118,529,93
belebele,passage,68,es,83,381,65
belebele,passage,69,es,179,746,137
belebele,passage,70,es,153,733,129
belebele,passage,71,es,136,630,95
belebele,passage,72,es,206,806,130
belebele,passage,73,es,79,324,56
belebele,passage,74,es,157,648,109
belebele,passage,75,es,76,345,63
belebele,passage,76,es,113,499,79
belebele,passage,77,es,115,444,79
belebele,passage,78,es,173,782,125
belebele,passage,79,es,96,477,69
belebele,passage,80,es,181,669,112
belebele,passage,81,es,235,1056,172
belebele,passage,82,es,157,757,120
belebele,passage,83,es,153,752,122
belebele,passage,84,es,122,514,80
belebele,passage,85,es,121,538,91
belebele,passage,86,es,67,307,47
belebele,passage,87,es,180,654,116
belebele,passage,88,es,169,634,108
belebele,passage,89,es,125,494,82
belebele,passage,90,es,181,837,138
belebele,passage,91,es,130,520,86
belebele,passage,92,es,122,572,85
belebele,passage,93,es,168,649,109
belebele,passage,94,es,133,575,91
belebele,passage,95,es,90,381,67
belebele,passage,96,es,131,509,82
belebele,passage,97,es,162,682,112
belebele,passage,98,es,168,824,125
belebele,passage,99,es,158,606,96
belebele,passage,100,es,81,314,46
belebele,passage,101,es,259,909,156
belebele,passage,102,es,130,499,91
belebele,passage,103,es,143,619,105
belebele,passage,104,es,108,471,74
belebele,passage,105,es,128,516,81
belebele,passage,106,es,118,450,78
belebele,passage,107,es,118,509,80
belebele,passage,108,es,83,355,59
belebele,passage,109,es,96,428,69
belebele,passage,110,es,244,1150,188
belebele,passage,111,es,62,274,46
belebele,passage,112,es,113,497,81
belebele,passage,113,es,103,429,71
belebele,passage,114,es,179,748,119
belebele,passage,115,es,129,532,90
belebele,passage,116,es,115,458,73
belebele,passage,117,es,206,712,130
belebele,passage,118,es,108,537,87
belebele,passage,119,es,71,337,54
belebele,passage,120,es,110,461,72
belebele,passage,121,es,128,543,95
belebele,passage,122,es,145,590,107
belebele,passage,123,es,117,532,93
belebele,passage,124,es,98,400,72
belebele,passage,125,es,124,541,98
belebele,passage,126,es,132,614,105
belebele,passage,127,es,86,418,63
belebele,passage,128,es,126,490,76
belebele,passage,129,es,92,404,69
belebele,passage,130,es,152,663,113
belebele,passage,131,es,111,398,69
belebele,passage,132,es,152,626,104
belebele,passage,133,es,85,302,57
belebele,passage,134,es,105,395,80
belebele,passage,135,es,124,520,84
belebele,passage,136,es,76,316,59
belebele,passage,137,es,124,463,80
belebele,passage,138,es,124,479,91
belebele,passage,139,es,103,464,81
belebele,passage,140,es,93,422,74
belebele,passage,141,es,114,480,80
belebele,passage,142,es,153,725,115
belebele,passage,143,es,183,739,128
belebele,passage,144,es,65,260,44
belebele,passage,145,es,82,343,59
belebele,passage,146,es,138,542,90
belebele,passage,147,es,163,706,120
belebele,passage,148,es,168,707,111
belebele,passage,149,es,168,656,114
belebele,passage,150,es,168,759,122
belebele,passage,151,es,153,583,97
belebele,passage,152,es,146,534,91
belebele,passage,153,es,159,655,105
belebele,passage,154,es,209,723,116
belebele,passage,155,es,124,491,79
belebele,passage,156,es,94,385,65
belebele,passage,157,es,129,575,99
belebele,passage,158,es,147,594,105
belebele,passage,159,es,107,365,70
belebele,passage,160,es,53,210,37
belebele,passage,161,es,92,377,64
belebele,passage,162,es,97,403,67
belebele,passage,163,es,159,660,118
belebele,passage,164,es,181,857,143
belebele,passage,165,es,65,290,52
belebele,passage,166,es,130,588,92
belebele,passage,167,es,157,691,122
belebele,passage,168,es,191,777,117
belebele,passage,169,es,134,597,89
belebele,passage,170,es,59,241,40
belebele,passage,171,es,113,491,84
belebele,passage,172,es,96,462,75
belebele,passage,173,es,107,498,77
belebele,passage,174,es,241,979,157
belebele,passage,175,es,96,411,73
belebele,passage,176,es,102,512,86
belebele,passage,177,es,104,460,77
belebele,passage,178,es,179,851,125
belebele,passage,179,es,79,386,62
belebele,passage,180,es,85,320,54
belebele,passage,181,es,116,418,72
belebele,passage,182,es,134,526,93
belebele,passage,183,es,86,306,51
belebele,passage,184,es,96,396,66
belebele,passage,185,es,67,278,48
belebele,passage,186,es,216,1020,164
belebele,passage,187,es,142,634,97
belebele,passage,188,es,115,488,80
belebele,passage,189,es,101,497,81
belebele,passage,190,es,150,606,106
belebele,passage,191,es,117,530,90
belebele,passage,192,es,134,585,98
belebele,passage,193,es,76,338,54
belebele,passage,194,es,111,437,78
belebele,passage,195,es,68,294,50
belebele,passage,196,es,139,528,85
belebele,passage,197,es,106,435,71
belebele,passage,198,es,183,782,141
belebele,passage,199,es,97,479,76
belebele,passage,200,es,226,945,168
belebele,passage,201,es,206,800,136
belebele,passage,202,es,51,254,43
belebele,passage,203,es,167,606,97
belebele,passage,204,es,172,754,122
belebele,passage,205,es,192,921,145
belebele,passage,206,es,105,437,78
belebele,passage,207,es,118,516,83
belebele,passage,208,es,180,751,123
belebele,passage,209,es,99,460,71
belebele,passage,210,es,90,395,67
belebele,passage,211,es,90,339,56
belebele,passage,212,es,191,692,116
belebele,passage,213,es,112,381,68
belebele,passage,214,es,96,353,55
belebele,passage,215,es,120,505,89
belebele,passage,216,es,113,449,75
belebele,passage,217,es,117,478,78
belebele,passage,218,es,102,484,80
belebele,passage,219,es,126,548,100
belebele,passage,220,es,150,617,105
belebele,passage,221,es,157,670,116
belebele,passage,222,es,92,331,57
belebele,passage,223,es,112,429,74
belebele,passage,224,es,225,954,165
belebele,passage,225,es,112,553,88
belebele,passage,226,es,87,388,66
belebele,passage,227,es,174,800,135
belebele,passage,228,es,136,555,91
belebele,passage,229,es,142,655,106
belebele,passage,230,es,127,512,89
belebele,passage,231,es,147,559,98
belebele,passage,232,es,120,378,61
belebele,passage,233,es,82,323,61
belebele,passage,234,es,153,636,103
belebele,passage,235,es,101,420,67
belebele,passage,236,es,182,849,136
belebele,passage,237,es,131,557,88
belebele,passage,238,es,175,776,122
belebele,passage,239,es,162,708,117
belebele,passage,240,es,168,789,135
belebele,passage,241,es,168,725,122
belebele,passage,242,es,109,392,66
belebele,passage,243,es,50,195,33
belebele,passage,244,es,106,495,80
belebele,passage,245,es,172,750,133
belebele,passage,246,es,92,448,68
belebele,passage,247,es,87,393,57
belebele,passage,248,es,141,656,97
belebele,passage,249,es,142,561,92
belebele,passage,250,es,113,525,85
belebele,passage,251,es,111,511,85
belebele,passage,252,es,178,805,134
belebele,passage,253,es,138,545,89
belebele,passage,254,es,148,571,104
belebele,passage,255,es,93,343,62
belebele,passage,256,es,72,335,54
belebele,passage,257,es,74,307,53
belebele,passage,258,es,116,503,82
belebele,passage,259,es,166,776,124
belebele,passage,260,es,115,467,79
belebele,passage,261,es,130,512,82
belebele,passage,262,es,100,381,70
belebele,passage,263,es,79,392,57
belebele,passage,264,es,190,721,117
belebele,passage,265,es,60,268,44
belebele,passage,266,es,135,522,92
belebele,passage,267,es,166,726,123
belebele,passage,268,es,100,468,77
belebele,passage,269,es,145,627,97
belebele,passage,270,es,65,297,47
belebele,passage,271,es,122,582,91
belebele,passage,272,es,96,413,63
belebele,passage,273,es,123,544,83
belebele,passage,274,es,58,265,40
belebele,passage,275,es,218,865,144
belebele,passage,276,es,225,883,154
belebele,passage,277,es,104,440,75
belebele,passage,278,es,67,349,54
belebele,passage,279,es,76,367,59
belebele,passage,280,es,99,428,69
belebele,passage,281,es,184,836,135
belebele,passage,282,es,92,419,69
belebele,passage,283,es,78,299,53
belebele,passage,284,es,144,627,105
belebele,passage,285,es,127,511,77
belebele,passage,286,es,106,420,72
belebele,passage,287,es,129,511,85
belebele,passage,288,es,80,350,58
belebele,passage,289,es,113,448,79
belebele,passage,290,es,125,543,87
belebele,passage,291,es,65,325,51
belebele,passage,292,es,80,331,59
belebele,passage,293,es,284,1299,217
belebele,passage,294,es,133,614,101
belebele,passage,295,es,139,678,111
belebele,passage,296,es,104,506,73
belebele,passage,297,es,185,893,143
belebele,passage,298,es,81,351,60
belebele,passage,299,es,123,586,99
belebele,passage,300,es,82,337,59
belebele,passage,301,es,187,761,127
belebele,passage,302,es,71,294,51
belebele,passage,303,es,158,631,104
belebele,passage,304,es,87,384,65
belebele,passage,305,es,91,428,72
belebele,passage,306,es,46,167,31
belebele,passage,307,es,65,299,48
belebele,passage,308,es,74,297,55
belebele,passage,309,es,90,427,73
belebele,passage,310,es,177,707,124
belebele,passage,311,es,150,728,115
belebele,passage,312,es,119,505,76
belebele,passage,313,es,101,437,73
belebele,passage,314,es,108,466,78
belebele,passage,315,es,82,349,59
belebele,passage,316,es,125,627,99
belebele,passage,317,es,210,887,155
belebele,passage,318,es,202,821,131
belebele,passage,319,es,129,574,95
belebele,passage,320,es,126,529,86
belebele,passage,321,es,85,363,59
belebele,passage,322,es,144,596,101
belebele,passage,323,es,109,453,78
belebele,passage,324,es,53,177,38
belebele,passage,325,es,105,454,80
belebele,passage,326,es,71,296,49
belebele,passage,327,es,50,217,38
belebele,passage,328,es,138,629,103
belebele,passage,329,es,196,935,150
belebele,passage,330,es,108,477,79
belebele,passage,331,es,107,515,79
belebele,passage,332,es,88,383,70
belebele,passage,333,es,136,570,96
belebele,passage,334,es,102,425,64
belebele,passage,335,es,208,917,135
belebele,passage,336,es,108,411,69
belebele,passage,337,es,116,530,84
belebele,passage,338,es,84,326,58
belebele,passage,339,es,96,399,67
belebele,passage,340,es,109,517,91
belebele,passage,341,es,74,371,62
belebele,passage,342,es,144,665,107
belebele,passage,343,es,74,331,56
belebele,passage,344,es,109,516,80
belebele,passage,345,es,72,326,53
belebele,passage,346,es,128,496,93
belebele,passage,347,es,174,766,129
belebele,passage,348,es,116,542,82
belebele,passage,349,es,171,746,126
belebele,passage,350,es,137,611,105
belebele,passage,351,es,81,381,56
belebele,passage,352,es,78,336,56
belebele,passage,353,es,156,717,118
belebele,passage,354,es,153,686,115
belebele,passage,355,es,126,452,82
belebele,passage,356,es,75,354,58
belebele,passage,357,es,137,560,100
belebele,passage,358,es,97,424,65
belebele,passage,359,es,86,375,65
belebele,passage,360,es,158,643,104
belebele,passage,361,es,136,645,105
belebele,passage,362,es,168,716,114
belebele,passage,363,es,93,374,69
belebele,passage,364,es,160,697,119
belebele,passage,365,es,211,866,140
belebele,passage,366,es,118,463,83
belebele,passage,367,es,107,421,68
belebele,passage,368,es,146,714,120
belebele,passage,369,es,140,627,101
belebele,passage,370,es,138,576,91
belebele,passage,371,es,212,867,143
belebele,passage,372,es,170,677,113
belebele,passage,373,es,185,766,129
belebele,passage,374,es,143,574,95
belebele,passage,375,es,159,763,134
belebele,passage,376,es,67,269,41
belebele,passage,377,es,99,416,68
belebele,passage,378,es,188,763,130
belebele,passage,379,es,161,662,109
belebele,passage,380,es,162,699,127
belebele,passage,381,es,110,513,83
belebele,passage,382,es,186,869,148
belebele,passage,383,es,114,557,93
belebele,passage,384,es,177,788,128
belebele,passage,385,es,109,526,87
belebele,passage,386,es,139,666,118
belebele,passage,387,es,135,630,101
belebele,passage,388,es,101,504,81
belebele,passage,389,es,128,605,93
belebele,passage,390,es,89,378,65
belebele,passage,391,es,85,460,74
belebele,passage,392,es,166,665,116
belebele,passage,393,es,103,521,79
belebele,passage,394,es,95,400,66
belebele,passage,395,es,130,586,101
belebele,passage,396,es,100,354,62
belebele,passage,397,es,192,758,129
belebele,passage,398,es,170,763,133
belebele,passage,399,es,164,710,121
belebele,passage,400,es,372,1641,266
belebele,passage,401,es,137,575,100
belebele,passage,402,es,135,615,102
belebele,passage,403,es,98,379,64
belebele,passage,404,es,78,361,63
belebele,passage,405,es,122,520,85
belebele,passage,406,es,161,758,131
belebele,passage,407,es,177,755,132
belebele,passage,408,es,155,752,117
belebele,passage,409,es,60,276,43
belebele,passage,410,es,90,373,64
belebele,passage,411,es,153,650,99
belebele,passage,412,es,131,629,95
belebele,passage,413,es,91,410,66
belebele,passage,414,es,125,593,103
belebele,passage,415,es,98,432,76
belebele,passage,416,es,170,710,112
belebele,passage,417,es,80,337,57
belebele,passage,418,es,157,736,118
belebele,passage,419,es,184,766,132
belebele,passage,420,es,178,812,136
belebele,passage,421,es,87,379,68
belebele,passage,422,es,113,471,79
belebele,passage,423,es,159,675,115
belebele,passage,424,es,106,475,80
belebele,passage,425,es,123,593,94
belebele,passage,426,es,152,624,100
belebele,passage,427,es,136,578,95
belebele,passage,428,es,117,526,83
belebele,passage,429,es,116,618,100
belebele,passage,430,es,138,652,108
belebele,passage,431,es,162,713,119
belebele,passage,432,es,180,794,120
belebele,passage,433,es,100,410,64
belebele,passage,434,es,115,501,79
belebele,passage,435,es,114,484,78
belebele,passage,436,es,90,470,75
belebele,passage,437,es,146,585,96
belebele,passage,438,es,94,448,72
belebele,passage,439,es,62,270,44
belebele,passage,440,es,78,352,56
belebele,passage,441,es,141,586,97
belebele,passage,442,es,94,436,71
belebele,passage,443,es,166,747,120
belebele,passage,444,es,97,445,80
belebele,passage,445,es,166,820,129
belebele,passage,446,es,158,815,133
belebele,passage,447,es,159,791,121
belebele,passage,448,es,114,482,85
belebele,passage,449,es,92,371,70
belebele,passage,450,es,115,459,77
belebele,passage,451,es,180,814,141
belebele,passage,452,es,166,729,116
belebele,passage,453,es,135,609,111
belebele,passage,454,es,75,298,50
belebele,passage,455,es,183,955,151
belebele,passage,456,es,65,285,48
belebele,passage,457,es,219,827,145
belebele,passage,458,es,196,847,145
belebele,passage,459,es,162,631,105
belebele,passage,460,es,144,597,101
belebele,passage,461,es,214,808,141
belebele,passage,462,es,101,408,67
belebele,passage,463,es,130,660,105
belebele,passage,464,es,138,688,116
belebele,passage,465,es,95,434,71
belebele,passage,466,es,162,747,131
belebele,passage,467,es,161,711,124
belebele,passage,468,es,133,470,89
belebele,passage,469,es,61,279,50
belebele,passage,470,es,176,799,129
belebele,passage,471,es,132,652,103
belebele,passage,472,es,189,768,128
belebele,passage,473,es,174,791,130
belebele,passage,474,es,162,719,119
belebele,passage,475,es,104,480,83
belebele,passage,476,es,134,631,105
belebele,passage,477,es,114,581,92
belebele,passage,478,es,154,717,120
belebele,passage,479,es,146,684,112
belebele,passage,480,es,76,369,56
belebele,passage,481,es,162,734,131
belebele,passage,482,es,69,328,52
belebele,passage,483,es,136,602,104
belebele,passage,484,es,176,802,129
belebele,passage,485,es,145,670,117
belebele,passage,486,es,99,505,83
belebele,passage,487,es,155,730,118
belebele,passage,488,es,221,911,152
belebele,question,qhttps://en.wikibooks.org/wiki/Accordion/Right_hand:1,es,22,105,17
belebele,question,qhttps://en.wikibooks.org/wiki/All_About_Converting_From_Several_Video_Formats_To_DVD:1,es,16,72,12
belebele,question,qhttps://en.wikibooks.org/wiki/American_Revolution/The_Battles_of_Trenton_and_Princeton:2,es,11,42,6
belebele,question,qhttps://en.wikibooks.org/wiki/American_Revolution/The_Declaration_of_Independence:1,es,14,53,11
belebele,question,qhttps://en.wikibooks.org/wiki/American_Revolution/Ticonderoga_and_Bunker_Hill:1,es,13,53,8
belebele,question,qhttps://en.wikibooks.org/wiki/Ancient_China/Government:1,es,23,96,18
belebele,question,"qhttps://en.wikibooks.org/wiki/Animal_Behavior/Army_Ants_-_Social_Hierarchy,_Life_Cycles,_and_Migration:1",es,25,104,18
belebele,question,qhttps://en.wikibooks.org/wiki/Animal_Behavior/Biological_Rhythms:1,es,19,81,13
belebele,question,qhttps://en.wikibooks.org/wiki/Animal_Behavior/Population_Genetics:1,es,21,96,14
belebele,question,qhttps://en.wikibooks.org/wiki/Applied_Ecology/Nature_Tourism:1,es,18,95,16
belebele,question,qhttps://en.wikibooks.org/wiki/Applied_Ecology/New_Societies_and_Cultures:1,es,21,95,17
belebele,question,qhttps://en.wikibooks.org/wiki/Basic_Physics_of_Digital_Radiography/The_Basics:1,es,15,74,12
belebele,question,qhttps://en.wikibooks.org/wiki/Basic_Physics_of_Digital_Radiography/The_Computer:1,es,24,98,19
belebele,question,qhttps://en.wikibooks.org/wiki/Blended_Learning_in_K-12/Blended_Learning_in_Grades_9-12:1,es,24,110,19
belebele,question,qhttps://en.wikibooks.org/wiki/Blended_Learning_in_K-12/Synchronous_and_asynchronous_communication_methods:1,es,20,92,15
belebele,question,qhttps://en.wikibooks.org/wiki/Castles_of_England/The_Development_of_the_Castle:1,es,23,92,16
belebele,question,qhttps://en.wikibooks.org/wiki/Castles_of_England/Tudor_Castles:1,es,18,80,13
belebele,question,qhttps://en.wikibooks.org/wiki/Coaching_Youth_Middle_Distance_Runners/Introduction:1,es,29,138,23
belebele,question,qhttps://en.wikibooks.org/wiki/Coaching_Youth_Middle_Distance_Runners/Nutrition:1,es,24,119,19
belebele,question,qhttps://en.wikibooks.org/wiki/Coaching_Youth_Middle_Distance_Runners/Training:1,es,24,107,18
belebele,question,qhttps://en.wikibooks.org/wiki/Cognitive_Psychology_and_Cognitive_Neuroscience/Behavioural_and_Neuroscience_Methods:1,es,12,50,6
belebele,question,qhttps://en.wikibooks.org/wiki/Cognitive_Psychology_and_Cognitive_Neuroscience/Evolutionary_Perspective_on_Social_Cognitions:1,es,22,116,19
belebele,question,qhttps://en.wikibooks.org/wiki/Cognitive_Psychology_and_Cognitive_Neuroscience/Knowledge_Representation_and_Hemispheric_Specialisation:1,es,25,134,21
belebele,question,qhttps://en.wikibooks.org/wiki/Cognitive_Psychology_and_Cognitive_Neuroscience/Problem_Solving_from_an_Evolutionary_Perspective:1,es,28,132,22
belebele,question,qhttps://en.wikibooks.org/wiki/Communication_Theory/Nonverbal_Communication:1,es,23,96,15
belebele,question,qhttps://en.wikibooks.org/wiki/Communication_Theory/Orality_and_Literacy:1,es,17,91,13
belebele,question,qhttps://en.wikibooks.org/wiki/Communication_Theory/Uses_and_Gratifications:1,es,20,108,16
belebele,question,qhttps://en.wikibooks.org/wiki/Costume_History/Gothic:1,es,22,113,17
belebele,question,qhttps://en.wikibooks.org/wiki/Environmental_theory_and_collection_of_ideas/Environmentalism_and_survival:1,es,26,133,22
belebele,question,qhttps://en.wikibooks.org/wiki/European_History/Absolutism_in_Europe:1,es,32,172,30
belebele,question,qhttps://en.wikibooks.org/wiki/European_History/Challenges_to_Spiritual_Authority:1,es,16,75,12
belebele,question,qhttps://en.wikibooks.org/wiki/European_History/Revolution_in_France:1,es,16,59,10
belebele,question,qhttps://en.wikibooks.org/wiki/European_History/World_War_I:1,es,20,101,17
belebele,question,qhttps://en.wikibooks.org/wiki/Exercise_as_it_relates_to_Disease/Can_Exercise_Really_Help_Multiple_Sclerosis%3F:1,es,19,85,13
belebele,question,qhttps://en.wikibooks.org/wiki/Exercise_as_it_relates_to_Disease/Physical_activity_effect_on_mental_health_in_people_with_chronic_lower_back_pain:1,es,20,98,16
belebele,question,qhttps://en.wikibooks.org/wiki/Fencing:1,es,16,60,10
belebele,question,qhttps://en.wikibooks.org/wiki/First_Aid/Poisoning:1,es,25,113,18
belebele,question,qhttps://en.wikibooks.org/wiki/First_Aid/Primary_Assessment_%26_Basic_Life_Support:1,es,22,85,16
belebele,question,qhttps://en.wikibooks.org/wiki/French_Revolution/Effects:1,es,25,137,21
belebele,question,qhttps://en.wikibooks.org/wiki/Fundamentals_of_Transportation/Introduction:1,es,21,95,16
belebele,question,qhttps://en.wikibooks.org/wiki/Fundamentals_of_Transportation/Traffic_Flow:1,es,29,135,22
belebele,question,"qhttps://en.wikibooks.org/wiki/General_Biology/Genetics/DNA,_The_Genetic_Material:1",es,15,54,9
belebele,question,qhttps://en.wikibooks.org/wiki/General_Biology/Genetics/Mutation:1,es,18,81,13
belebele,question,qhttps://en.wikibooks.org/wiki/Goats/Introduction:1,es,23,107,19
belebele,question,qhttps://en.wikibooks.org/wiki/Golf:1,es,13,56,11
belebele,question,qhttps://en.wikibooks.org/wiki/High_School_Biology/Nature_of_Science:1,es,12,47,8
belebele,question,qhttps://en.wikibooks.org/wiki/High_School_Earth_Science/Storms:1,es,19,77,14
belebele,question,qhttps://en.wikibooks.org/wiki/High_School_Earth_Science/Telescopes:1,es,16,81,14
belebele,question,qhttps://en.wikibooks.org/wiki/History_of_Islam/Early_Islam:1,es,22,88,15
belebele,question,qhttps://en.wikibooks.org/wiki/History_of_Rail_Transport/Early_Rail_Transportation:1,es,16,64,12
belebele,question,qhttps://en.wikibooks.org/wiki/History_of_Technology/Cultural_Determinism:1,es,20,88,15
belebele,question,qhttps://en.wikibooks.org/wiki/History_of_Technology/Technological_Determinism:1,es,18,95,13
belebele,question,qhttps://en.wikibooks.org/wiki/How_to_Play_Violin/Bowing:1,es,23,89,17
belebele,question,qhttps://en.wikibooks.org/wiki/Introduction_to_Paleoanthropology/Bones:1,es,20,101,14
belebele,question,qhttps://en.wikibooks.org/wiki/Introduction_to_Paleoanthropology/Genetics/Introduction:1,es,16,63,10
belebele,question,qhttps://en.wikibooks.org/wiki/Introduction_to_Paleoanthropology/Oldowan:1,es,30,123,18
belebele,question,qhttps://en.wikibooks.org/wiki/Introduction_to_Sociology/Culture:1,es,19,91,14
belebele,question,qhttps://en.wikibooks.org/wiki/Introduction_to_Sociology/Race_and_Ethnicity:1,es,41,180,31
belebele,question,qhttps://en.wikibooks.org/wiki/Introduction_to_Sociology/Socialization:1,es,26,113,20
belebele,question,qhttps://en.wikibooks.org/wiki/Introduction_to_Sociology/Society:1,es,25,115,18
belebele,question,qhttps://en.wikibooks.org/wiki/Introductory_Tourism:1,es,13,59,11
belebele,question,qhttps://en.wikibooks.org/wiki/Learning_Theories/Organizational_Learning:_Influencing_Factors:1,es,27,105,21
belebele,question,qhttps://en.wikibooks.org/wiki/Learning_Theories/Post-Modern_Theories:1,es,18,101,13
belebele,question,qhttps://en.wikibooks.org/wiki/Lucid_Dreaming/Induction_Techniques:1,es,33,153,22
belebele,question,qhttps://en.wikibooks.org/wiki/Lucid_Dreaming/Introduction:1,es,21,96,17
belebele,question,qhttps://en.wikibooks.org/wiki/Managing_Groups_and_Teams/How_Do_You_Build_High-performing_Virtual_Teams%3F:1,es,20,87,15
belebele,question,qhttps://en.wikibooks.org/wiki/Managing_Groups_and_Teams/Motivation:1,es,17,75,13
belebele,question,qhttps://en.wikibooks.org/wiki/Modern_Photography/Composition:1,es,17,67,14
belebele,question,qhttps://en.wikibooks.org/wiki/Modern_Photography/Format:1,es,17,70,13
belebele,question,qhttps://en.wikibooks.org/wiki/Modern_Photography/Lenses:1,es,31,146,25
belebele,question,qhttps://en.wikibooks.org/wiki/Mysticism/What_is_mysticism%3F:1,es,18,91,13
belebele,question,qhttps://en.wikibooks.org/wiki/New_Zealand_History/Polynesian_Settlement:1,es,16,75,12
belebele,question,qhttps://en.wikibooks.org/wiki/Origami/Types/Pureland_Origami:1,es,20,87,13
belebele,question,qhttps://en.wikibooks.org/wiki/Pakistani_History/Prehistory/Bronze_Age/Indus_Valley_Civilization:1,es,22,96,17
belebele,question,qhttps://en.wikibooks.org/wiki/Peak_Oil:_High_Tide_for_an_Oil_Addicted_World/Personal_Action:1,es,20,93,16
belebele,question,qhttps://en.wikibooks.org/wiki/Philippine_History/The_Philippine-American_War:1,es,20,84,15
belebele,question,qhttps://en.wikibooks.org/wiki/Remembering_the_Templars:1,es,12,46,9
belebele,question,qhttps://en.wikibooks.org/wiki/Roman_Culture/Medicine:1,es,25,124,19
belebele,question,qhttps://en.wikibooks.org/wiki/Sensory_Systems/Visual_System:1,es,9,36,7
belebele,question,qhttps://en.wikibooks.org/wiki/Sikhism:1,es,21,96,15
belebele,question,qhttps://en.wikibooks.org/wiki/Social_and_Cultural_Foundations_of_American_Education/Special_Needs/ADD:1,es,25,125,20
belebele,question,qhttps://en.wikibooks.org/wiki/Social_and_Cultural_Foundations_of_American_Education/Technology/Role:1,es,21,77,14
belebele,question,qhttps://en.wikibooks.org/wiki/Social_and_Cultural_Foundations_of_American_Education/Technology/Social_Media:2,es,24,116,19
belebele,question,qhttps://en.wikibooks.org/wiki/The_Cold_War/Hungarian_Revolution:1,es,33,139,24
belebele,question,qhttps://en.wikibooks.org/wiki/The_Cold_War/Introduction:1,es,27,121,21
belebele,question,qhttps://en.wikibooks.org/wiki/The_Organ_Systems/nervous:1,es,25,128,19
belebele,question,qhttps://en.wikibooks.org/wiki/The_Seven_Wonders_of_the_World/The_Great_Pyramid:1,es,13,46,9
belebele,question,qhttps://en.wikibooks.org/wiki/The_Seven_Wonders_of_the_World/The_Temple_of_Artemis:1,es,21,86,14
belebele,question,qhttps://en.wikibooks.org/wiki/Transport/History:1,es,23,97,18
belebele,question,qhttps://en.wikibooks.org/wiki/Warfare:1,es,15,77,11
belebele,question,qhttps://en.wikibooks.org/wiki/Wikijunior:Ancient_Civilizations/Assyrians:1,es,20,73,12
belebele,question,qhttps://en.wikibooks.org/wiki/Wikijunior:Ancient_Civilizations/Babylonians:1,es,20,82,13
belebele,question,qhttps://en.wikibooks.org/wiki/Wikijunior:Ancient_Civilizations/Egyptians:1,es,14,42,6
belebele,question,qhttps://en.wikibooks.org/wiki/Wikijunior:Ancient_Civilizations/Greeks:1,es,14,49,9
belebele,question,qhttps://en.wikibooks.org/wiki/Wikijunior:Ancient_Civilizations/Hebrews:1,es,15,58,10
belebele,question,qhttps://en.wikibooks.org/wiki/Wikijunior:Ancient_Civilizations/Norse:1,es,18,89,14
belebele,question,qhttps://en.wikibooks.org/wiki/Wikijunior:Ancient_Civilizations/Romans:1,es,12,39,6
belebele,question,qhttps://en.wikibooks.org/wiki/Wikijunior:Ancient_Civilizations/What_is_a_Civilization%3F:1,es,22,96,16
belebele,question,qhttps://en.wikibooks.org/wiki/Wikijunior:Asia/Bhutan:1,es,16,53,9
belebele,question,qhttps://en.wikibooks.org/wiki/Wikijunior:Asia/Cambodia:1,es,14,61,9
belebele,question,qhttps://en.wikibooks.org/wiki/Wikijunior:Asia/Taiwan:1,es,29,113,19
belebele,question,qhttps://en.wikibooks.org/wiki/Wikijunior:Big_Book_of_Fun_Science_Experiments/Red_cabbage_indicator:1,es,14,54,11
belebele,question,qhttps://en.wikibooks.org/wiki/Wikijunior:Big_Cats/Lion:1,es,19,86,14
belebele,question,qhttps://en.wikibooks.org/wiki/Wikijunior:Big_Cats/Meet_The_Cats:1,es,16,61,11
belebele,question,qhttps://en.wikibooks.org/wiki/Wikijunior:Big_Cats/Ocelot:1,es,20,78,15
belebele,question,qhttps://en.wikibooks.org/wiki/Wikijunior:Big_Cats/Tiger:1,es,18,74,13
belebele,question,qhttps://en.wikibooks.org/wiki/Wikijunior:Biology/Cells:1,es,18,73,13
belebele,question,qhttps://en.wikibooks.org/wiki/Wikijunior:Biology/Kingdoms/Animals:1,es,16,70,13
belebele,question,qhttps://en.wikibooks.org/wiki/Wikijunior:Biology/Kingdoms/Plants:1,es,15,55,10
belebele,question,qhttps://en.wikibooks.org/wiki/Wikijunior:Biology/Origin_of_Life:1,es,22,95,15
belebele,question,qhttps://en.wikibooks.org/wiki/Wikijunior:Biology/Systems/Circulatory_System:1,es,14,63,10
belebele,question,qhttps://en.wikibooks.org/wiki/Wikijunior:Bugs/Insects_Intro:1,es,23,91,16
belebele,question,qhttps://en.wikibooks.org/wiki/Wikijunior:Dinosaurs/Extinction:1,es,18,82,12
belebele,question,qhttps://en.wikibooks.org/wiki/Wikijunior:Dinosaurs/Triceratops:1,es,23,85,15
belebele,question,qhttps://en.wikibooks.org/wiki/Wikijunior:Europe/Italy:1,es,28,131,24
belebele,question,qhttps://en.wikibooks.org/wiki/Wikijunior:Europe/Luxembourg:1,es,17,77,11
belebele,question,qhttps://en.wikibooks.org/wiki/Wikijunior:Europe/Turkey:1,es,17,78,12
belebele,question,qhttps://en.wikibooks.org/wiki/Wikijunior:Europe/Vatican_City:1,es,14,56,11
belebele,question,qhttps://en.wikibooks.org/wiki/Wikijunior:How_Things_Work/Computer:1,es,25,110,17
belebele,question,qhttps://en.wikibooks.org/wiki/Wikijunior:How_Things_Work/Flush_Toilet:1,es,22,94,17
belebele,question,qhttps://en.wikibooks.org/wiki/Wikijunior:How_Things_Work/Ice_Skates:1,es,14,51,9
belebele,question,qhttps://en.wikibooks.org/wiki/Wikijunior:How_Things_Work/Laser:1,es,29,112,22
belebele,question,qhttps://en.wikibooks.org/wiki/Wikijunior:How_Things_Work/Light_Bulb:1,es,17,70,13
belebele,question,qhttps://en.wikibooks.org/wiki/Wikijunior:How_Things_Work/Nuclear_Bomb:1,es,15,64,12
belebele,question,qhttps://en.wikibooks.org/wiki/Wikijunior:How_Things_Work/Rocket:1,es,15,80,13
belebele,question,qhttps://en.wikibooks.org/wiki/Wikijunior:How_Things_Work/Time:1,es,22,98,17
belebele,question,qhttps://en.wikibooks.org/wiki/Wikijunior:Kings_and_Queens_of_England/Future_monarchs:1,es,24,93,17
belebele,question,qhttps://en.wikibooks.org/wiki/Wikijunior:Kings_and_Queens_of_England/The_Anglo-Saxons:1,es,14,40,8
belebele,question,qhttps://en.wikibooks.org/wiki/Wikijunior:Languages/Estonian:1,es,17,90,14
belebele,question,qhttps://en.wikibooks.org/wiki/Wikijunior:Languages/Hindi:1,es,22,91,16
belebele,question,qhttps://en.wikibooks.org/wiki/Wikijunior:Languages/Korean:1,es,17,68,12
belebele,question,qhttps://en.wikibooks.org/wiki/Wikijunior:Languages/Sanskrit:1,es,20,78,13
belebele,question,qhttps://en.wikibooks.org/wiki/Wikijunior:Solar_System/Jupiter/Io:1,es,23,99,18
belebele,question,qhttps://en.wikibooks.org/wiki/Wikijunior:Solar_System/Moon:1,es,24,113,19
belebele,question,qhttps://en.wikibooks.org/wiki/Wikijunior:Solar_System/Space_exploration:1,es,17,79,12
belebele,question,qhttps://en.wikibooks.org/wiki/Wikijunior:Solar_System/The_Sun:1,es,17,76,14
belebele,question,qhttps://en.wikibooks.org/wiki/Wikijunior:Solar_System/Venus:1,es,17,76,11
belebele,question,qhttps://en.wikibooks.org/wiki/Wikijunior:South_America/The_Amazon:1,es,15,63,12
belebele,question,qhttps://en.wikibooks.org/wiki/Wikijunior:South_America/Venezuela:1,es,18,73,12
belebele,question,qhttps://en.wikibooks.org/wiki/Wikijunior:The_Elements/Hydrogen:1,es,16,67,12
belebele,question,qhttps://en.wikibooks.org/wiki/Wikijunior:The_Elements/Matter_Is_The_Stuff_Around_You:1,es,9,41,7
belebele,question,qhttps://en.wikibooks.org/wiki/Wikijunior:United_States_Charters_of_Freedom/Constitution:1,es,28,123,22
belebele,question,qhttps://en.wikibooks.org/wiki/Wikijunior:United_States_Charters_of_Freedom/Declaration_of_Independence:1,es,20,84,14
belebele,question,qhttps://en.wikibooks.org/wiki/Wikijunior:World_Heritage_Sites/Botanic_Gardens:1,es,11,49,8
belebele,question,qhttps://en.wikibooks.org/wiki/Wikijunior:World_Heritage_Sites/Pyramids_of_Giza:1,es,31,113,20
belebele,question,qhttps://en.wikibooks.org/wiki/Wikijunior:World_Heritage_Sites/Serengeti:1,es,23,85,15
belebele,question,qhttps://en.wikibooks.org/wiki/Wikijunior:World_War_II/Battle_of_Britain:1,es,15,51,9
belebele,question,qhttps://en.wikibooks.org/wiki/Wikijunior:World_War_II/Battleships:1,es,23,100,18
belebele,question,qhttps://en.wikibooks.org/wiki/Wikijunior:World_War_II/Liberation_of_Western_Europe:1,es,13,57,7
belebele,question,qhttps://en.wikibooks.org/wiki/Wikijunior:World_War_II/Submarines:1,es,20,98,15
belebele,question,qhttps://en.wikibooks.org/wiki/World_War_II/Battle_of_Poland:1,es,15,54,9
belebele,question,qhttps://en.wikibooks.org/wiki/World_War_II/Fall_of_East_Africa_and_War_in_North_Africa:1,es,16,65,12
belebele,question,qhttps://en.wikibooks.org/wiki/Yoga/Yoga_Tales:1,es,25,108,18
belebele,question,qhttps://en.wikinews.org/wiki/2009_Shri_Shyam_Bhajan_Hindu_religious_festival_held_in_Hyderabad:1,es,14,69,10
belebele,question,qhttps://en.wikinews.org/wiki/2010_FIBA_World_Championship_starts:1,es,12,45,8
belebele,question,qhttps://en.wikinews.org/wiki/24_people_rescued_from_roller_coaster_at_California%27s_Great_America_theme_park:1,es,17,66,11
belebele,question,qhttps://en.wikinews.org/wiki/8.0_magnitude_earthquake_occurs_near_Tonga:1,es,15,71,12
belebele,question,qhttps://en.wikinews.org/wiki/A1GP_New_Zealand_speeds_its_way_into_record_books:1,es,23,111,18
belebele,question,qhttps://en.wikinews.org/wiki/A_5.6_Richter_quake_hits_Western_Montana:1,es,14,54,9
belebele,question,qhttps://en.wikinews.org/wiki/Abu_Ghraib_prison_burns_after_riot:1,es,13,44,8
belebele,question,"qhttps://en.wikinews.org/wiki/Aerosmith_sued_over_late_cancellation_of_gig_in_Maui,_Hawaii:1",es,17,73,15
belebele,question,qhttps://en.wikinews.org/wiki/Akayev_flees_Kyrgyzstan_as_protesters_seize_control_of_Bishkek:1,es,18,79,12
belebele,question,qhttps://en.wikinews.org/wiki/Amazon_to_buy_smart_doorbell_startup_Ring:1,es,13,51,8
belebele,question,qhttps://en.wikinews.org/wiki/American_children%27s_show_Reading_Rainbow_ends_26_year_run:1,es,17,79,12
belebele,question,qhttps://en.wikinews.org/wiki/Anne_Frank_tree_saved_from_being_chopped_down:1,es,23,115,19
belebele,question,qhttps://en.wikinews.org/wiki/Anonymous_people_reveal_animal_cruelty_at_Australian_Inghams_poultry_producer_factory_using_CCTV_footage:1,es,28,108,18
belebele,question,qhttps://en.wikinews.org/wiki/Another_arrest_in_Minnesota_school_shooting:1,es,21,79,15
belebele,question,qhttps://en.wikinews.org/wiki/Anti-ACTA_activists_protest_across_Europe:1,es,21,87,15
belebele,question,qhttps://en.wikinews.org/wiki/Apple_Japan_to_replace_overheating_iPod_Nanos:1,es,22,101,13
belebele,question,qhttps://en.wikinews.org/wiki/Apple_introduces_iPhone_and_Apple_TV:1,es,18,69,12
belebele,question,qhttps://en.wikinews.org/wiki/Argentina%27s_first_lady_launches_presidential_bid:1,es,14,67,10
belebele,question,qhttps://en.wikinews.org/wiki/Australian_Big_Brother_cleared_of_breaching_content_laws:1,es,18,69,12
belebele,question,qhttps://en.wikinews.org/wiki/Australian_treasurer_enters_nuclear_debate:1,es,11,52,9
belebele,question,qhttps://en.wikinews.org/wiki/Austria_leads_medal_count_after_second_day_of_2013_IPC_Alpine_World_Championships:1,es,14,48,9
belebele,question,qhttps://en.wikinews.org/wiki/BBC_newsreader_sacked_after_conviction_for_wounding_teenager:1,es,16,68,12
belebele,question,qhttps://en.wikinews.org/wiki/Bali_climate_change_conference_begins:1,es,18,74,14
belebele,question,"qhttps://en.wikinews.org/wiki/Benin,_Nigeria_join_African_Union_continental_free_trade_bloc:1",es,26,122,23
belebele,question,"qhttps://en.wikinews.org/wiki/Beverly_Hall,_indicted_public_school_superintendent,_dies_aged_68:1",es,21,103,15
belebele,question,qhttps://en.wikinews.org/wiki/Bomb_blasts_kill_several_in_Iran:1,es,17,70,12
belebele,question,qhttps://en.wikinews.org/wiki/Brazilian_footballer_Gabriel_Jesus_signs_contract_extension_with_Manchester_City:1,es,26,108,17
belebele,question,qhttps://en.wikinews.org/wiki/Building_collapses_in_Mecca_at_eve_of_Hajj_pillgrimage:1,es,14,63,11
belebele,question,qhttps://en.wikinews.org/wiki/Burning_debris_from_satellites_spotted_over_several_US_cities:1,es,17,66,11
belebele,question,qhttps://en.wikinews.org/wiki/Businessman_and_founder_of_The_Weather_Channel_Frank_Batten_dies_at_82:1,es,32,116,19
belebele,question,qhttps://en.wikinews.org/wiki/California_bans_sale_of_violent_video_games_to_minors:1,es,18,88,14
belebele,question,qhttps://en.wikinews.org/wiki/California_lawmaker_denies_affairs_after_sexual_discussion_becomes_public:1,es,19,66,13
belebele,question,qhttps://en.wikinews.org/wiki/Canadian_Prime_Minister_Harper_agrees_to_send_%27Clean_Air_Act%27_to_committee:1,es,19,59,10
belebele,question,qhttps://en.wikinews.org/wiki/Canadian_inspectors_to_test_food_ingredients_from_China:1,es,30,105,18
belebele,question,qhttps://en.wikinews.org/wiki/Canadian_professional_wrestler_Luna_Vachon_dies_aged_48:1,es,18,57,10
belebele,question,"qhttps://en.wikinews.org/wiki/Car_crashes_into_house_in_Suffolk,_UK,_seriously_injuring_man:1",es,13,58,10
belebele,question,qhttps://en.wikinews.org/wiki/Car_women%27s_rugby_7%27s_tournament:1,es,18,71,14
belebele,question,qhttps://en.wikinews.org/wiki/China%27s_economy_surpasses_Japan%27s_in_second_quarter:1,es,23,108,18
belebele,question,qhttps://en.wikinews.org/wiki/China_promises_cut_in_carbon_dioxide_emissions:1,es,13,54,9
belebele,question,qhttps://en.wikinews.org/wiki/Cholera_outbreak_hits_Angola:1,es,16,72,13
belebele,question,qhttps://en.wikinews.org/wiki/Chris_Huhne_resigns_from_UK_Cabinet_to_face_charges:1,es,22,72,13
belebele,question,qhttps://en.wikinews.org/wiki/Controversial_Berlin_opera_features_interactive_drug_usage:1,es,22,88,14
belebele,question,qhttps://en.wikinews.org/wiki/Cosmonaut_Alexei_Leonov_dies_at_age_85:1,es,20,77,11
belebele,question,"qhttps://en.wikinews.org/wiki/Crossing_guard_killed_by_truck_in_Glasgow,_Scotland:1",es,10,38,6
belebele,question,qhttps://en.wikinews.org/wiki/Dark_matter_lacks_extra_gravitational_force:1,es,22,114,17
belebele,question,qhttps://en.wikinews.org/wiki/DeLay_declares_%27victory%27_in_war_on_U.S._budget_fat:1,es,17,61,11
belebele,question,qhttps://en.wikinews.org/wiki/Distributed_computing_to_get_%22interstellar_project%22:1,es,21,94,16
belebele,question,qhttps://en.wikinews.org/wiki/Doctor_to_be_charged_after_mother%27s_death_in_Ohio:1,es,23,76,10
belebele,question,qhttps://en.wikinews.org/wiki/EBay_to_acquire_Skype:1,es,6,19,3
belebele,question,qhttps://en.wikinews.org/wiki/Edmonton_prison_conflict_wounds_eight:1,es,29,116,18
belebele,question,qhttps://en.wikinews.org/wiki/Effect_of_sanctions_%27like_war%27_says_Iran%27s_Ahmadinejad:1,es,20,58,9
belebele,question,qhttps://en.wikinews.org/wiki/Electronic_voting_disputed_in_France:1,es,15,76,13
belebele,question,qhttps://en.wikinews.org/wiki/Explorers_find_shipwreck_thought_to_be_massive_WWII_battleship_Musashi:1,es,17,68,13
belebele,question,qhttps://en.wikinews.org/wiki/Explosion_at_earthquake-damaged_Fukushima_nuclear_power_plant:1,es,26,125,21
belebele,question,qhttps://en.wikinews.org/wiki/Extremely_drug-resistant_tuberculosis_strain_emerges_in_South_Africa:1,es,22,59,12
belebele,question,qhttps://en.wikinews.org/wiki/FAA:_Metroplex_NextGen_project_in_place_in_north_Texas:1,es,11,51,8
belebele,question,qhttps://en.wikinews.org/wiki/FBI_recruits_for_%22War_on_Porn%22:1,es,23,92,17
belebele,question,qhttps://en.wikinews.org/wiki/Fighter_jet_crashes_during_Children%27s_Day_airshow_in_Thailand:1,es,25,88,15
belebele,question,qhttps://en.wikinews.org/wiki/Former_U.S._National_Security_Advisor_Zbigniew_Brzezinski_dies_aged_89:1,es,15,70,9
belebele,question,qhttps://en.wikinews.org/wiki/Former_Yugoslavian_footballer_Stjepan_Bobek_dies_aged_86:1,es,24,109,18
belebele,question,qhttps://en.wikinews.org/wiki/Fossilized_remains_of_small_dinosaur_rediscovered_in_Canada:1,es,23,91,12
belebele,question,"qhttps://en.wikinews.org/wiki/Four_killed,_four_others_injured_in_Buffalo,_New_York_shooting:1",es,17,74,12
belebele,question,qhttps://en.wikinews.org/wiki/France_issues_pollution_alert_as_ship_splits_off_Basque_coast:1,es,22,100,17
belebele,question,qhttps://en.wikinews.org/wiki/French_campaigning_film_director_Ren%C3%A9_Vautier_dies:2,es,10,47,7
belebele,question,qhttps://en.wikinews.org/wiki/Funeral_of_Pope_John_Paul_II_takes_place:1,es,17,78,12
belebele,question,"qhttps://en.wikinews.org/wiki/Gas_explosion_reported_in_Hammersmith,_London:1",es,16,66,11
belebele,question,qhttps://en.wikinews.org/wiki/German_judge_orders_life_sentence_for_nation%27s_%27first_Islamic-motivated_terror_attack%27:1,es,17,68,11
belebele,question,qhttps://en.wikinews.org/wiki/Golf_and_rugby_set_to_return_to_the_Olympic_Games:1,es,16,82,13
belebele,question,qhttps://en.wikinews.org/wiki/Guinness_turns_250:1,es,20,69,10
belebele,question,qhttps://en.wikinews.org/wiki/H5N1_confirmed_in_France:1,es,19,72,13
belebele,question,qhttps://en.wikinews.org/wiki/Haitian_cholera_victims_threaten_United_Nations_with_lawsuit:1,es,26,117,20
belebele,question,qhttps://en.wikinews.org/wiki/Hard_drugs_temporarily_legal_in_Ireland_due_to_constitutional_loophole:1,es,10,46,7
belebele,question,qhttps://en.wikinews.org/wiki/Hollywood_sign_modified_to_read_%27Hollyweed%27:1,es,10,45,7
belebele,question,qhttps://en.wikinews.org/wiki/Hong_Kong_%27tutor_king%27_applies_for_bankruptcy:1,es,22,95,18
belebele,question,"qhttps://en.wikinews.org/wiki/Hong_Kong_tourists_held_hostage_in_the_Philippines,_nine_killed:1",es,20,77,14
belebele,question,qhttps://en.wikinews.org/wiki/Huge_Gay_Pride_parade_held_in_Brazil:1,es,26,117,19
belebele,question,qhttps://en.wikinews.org/wiki/Hungary%27s_St_Stephen%27s_Day_hit_by_storm:_3_left_dead:1,es,29,119,21
belebele,question,qhttps://en.wikinews.org/wiki/Hurricane_Fred_churns_the_Atlantic:1,es,24,84,14
belebele,question,qhttps://en.wikinews.org/wiki/IEEE_approves_802.11n_standard_after_six_years:1,es,16,79,13
belebele,question,qhttps://en.wikinews.org/wiki/Ian_Thorpe_starts_to_recover_from_chest_pains:1,es,26,106,19
belebele,question,qhttps://en.wikinews.org/wiki/Icelandic_Hekla_volcano_shows_signs_of_activity:1,es,22,97,16
belebele,question,qhttps://en.wikinews.org/wiki/India%27s_flag_lands_on_Moon:1,es,21,85,13
belebele,question,qhttps://en.wikinews.org/wiki/India_struggles_with_encephalitis_outbreak:1,es,20,93,15
belebele,question,qhttps://en.wikinews.org/wiki/Indiana_legislators_vote_for_state_constitutional_ban_on_same-sex_marriage:1,es,13,65,10
belebele,question,qhttps://en.wikinews.org/wiki/Investigation_of_Deutsche_Bank_headquarters_spills_into_second_day:1,es,16,50,8
belebele,question,qhttps://en.wikinews.org/wiki/Iranian_passenger_jet%27s_wheel_catches_fire:1,es,15,73,11
belebele,question,qhttps://en.wikinews.org/wiki/Iraq_Study_Group_Report:_Iraq_could_be_on_a_slide_towards_chaos:1,es,19,81,16
belebele,question,qhttps://en.wikinews.org/wiki/Italy_arrests_reputed_Mafia_boss_Lo_Piccolo:1,es,20,87,14
belebele,question,qhttps://en.wikinews.org/wiki/Japanese_Olympic_judoka_Hitoshi_Saito_dies_aged_54:1,es,19,69,13
belebele,question,qhttps://en.wikinews.org/wiki/Japanese_tourist_travels_through_37_countries_on_just_$2:1,es,11,46,6
belebele,question,qhttps://en.wikinews.org/wiki/Jenson_Button_wins_2006_Hungarian_Grand_Prix:1,es,9,35,5
belebele,question,qhttps://en.wikinews.org/wiki/Judge_orders_Baltimore_City_prison_to_produce_plan_for_improvement:1,es,19,79,14
belebele,question,"qhttps://en.wikinews.org/wiki/Karzai_declared_winner_of_Afghan_elections,_runoff_polls_cancelled:1",es,27,103,19
belebele,question,qhttps://en.wikinews.org/wiki/Khyber_Pakhtunkhwa_Provincial_Assembly_votes_to_merge_with_Pakistani_Federally_Administered_Tribal_Areas:1,es,19,96,14
belebele,question,qhttps://en.wikinews.org/wiki/La_La_Land_receives_record-equalling_fourteen_Oscar_nominations;_Hacksaw_Ridge_gets_six:1,es,10,41,7
belebele,question,"qhttps://en.wikinews.org/wiki/Large_earthquake_off_Japan,_tsunami_warning_issued:1",es,14,71,11
belebele,question,qhttps://en.wikinews.org/wiki/Leak_suggests_John_Kerry_will_recognise_Israel_as_Jewish_state:1,es,20,84,14
belebele,question,qhttps://en.wikinews.org/wiki/Ma_Ying-jeou_wins_2008_Taiwan_presidential_election:1,es,9,32,6
belebele,question,qhttps://en.wikinews.org/wiki/Mass_evictions_from_Oakland%27s_public_housing:1,es,21,84,14
belebele,question,qhttps://en.wikinews.org/wiki/Matt_Kenseth_wins_third_NASCAR_Sprint_Cup_race_of_2012:1,es,23,112,18
belebele,question,qhttps://en.wikinews.org/wiki/Meteorites_in_Morocco_found_to_be_from_Mars:1,es,27,106,17
belebele,question,qhttps://en.wikinews.org/wiki/Michael_Schumacher_calls_off_Formula_1_comeback_due_to_injury:1,es,10,29,4
belebele,question,qhttps://en.wikinews.org/wiki/Microsoft_and_Yahoo_team_up_to_make_IM_clients_compatible:1,es,15,52,9
belebele,question,"qhttps://en.wikinews.org/wiki/Militants_bomb_Gaziantep,_Turkey_police_headquarters:1",es,15,61,9
belebele,question,qhttps://en.wikinews.org/wiki/Mitt_Romney_wins_2012_Florida_primary:1,es,26,100,21
belebele,question,qhttps://en.wikinews.org/wiki/Mitt_Romney_wins_Iowa_Caucus_by_eight_votes_over_surging_Rick_Santorum:1,es,23,104,16
belebele,question,"qhttps://en.wikinews.org/wiki/Modern_radio_drama_Paranoria,_TX_releases_100th_episode:1",es,22,71,15
belebele,question,qhttps://en.wikinews.org/wiki/Mumbai_2008_attack_plotter_sentenced_to_35_years:1,es,18,75,11
belebele,question,qhttps://en.wikinews.org/wiki/Nadal_beats_Raonic_to_reach_Australian_Open_semis:1,es,27,131,21
belebele,question,qhttps://en.wikinews.org/wiki/Naked_News_to_create_international_language_editions:1,es,16,73,13
belebele,question,qhttps://en.wikinews.org/wiki/Nathalie_Carpanedo_finishes_wild_card_run_at_2013_IPC_Alpine_World_Championships:1,es,15,54,7
belebele,question,qhttps://en.wikinews.org/wiki/National_Basketball_Association_suspends_season_due_to_COVID-19_concerns:1,es,9,32,5
belebele,question,"qhttps://en.wikinews.org/wiki/National_Hockey_League_news:_March_22,_2008:1",es,22,104,17
belebele,question,qhttps://en.wikinews.org/wiki/Nationalised_bank_Northern_Rock_sold_to_Virgin_Money:1,es,14,62,10
belebele,question,qhttps://en.wikinews.org/wiki/New_Australian_Prime_Minister_signs_Kyoto:1,es,21,93,17
belebele,question,qhttps://en.wikinews.org/wiki/New_South_Wales_government_starts_trial_of_hunting_in_national_parks:1,es,14,63,9
belebele,question,qhttps://en.wikinews.org/wiki/New_fossils_from_10_million_year_old_ape_found_in_Ethiopia:1,es,14,51,8
belebele,question,qhttps://en.wikinews.org/wiki/Nintendo_unveils_controller_for_Revolution_console:1,es,19,93,15
belebele,question,"qhttps://en.wikinews.org/wiki/No_bomb_threat,_hijacking_of_plane_in_China%27s_Xinjiang_region_according_to_Afghan_officials:1",es,19,74,15
belebele,question,qhttps://en.wikinews.org/wiki/Nobel_Prize_in_Literature_Committee_abandons_efforts_to_contact_Bob_Dylan:1,es,13,57,8
belebele,question,qhttps://en.wikinews.org/wiki/North_Korea_agrees_to_disable_its_main_nuclear_reactor:1,es,15,64,10
belebele,question,qhttps://en.wikinews.org/wiki/Noted_stamp_engraver_Czeslaw_Slania_dies_at_83:1,es,14,53,7
belebele,question,qhttps://en.wikinews.org/wiki/Oil_spill_in_Alaska_closes_800_miles_of_pipeline:1,es,29,115,19
belebele,question,qhttps://en.wikinews.org/wiki/Parts_of_New_Orleans_flood_again:1,es,14,57,11
belebele,question,qhttps://en.wikinews.org/wiki/Patient_under_evaluation_with_Ebola-like_symptoms_in_Washington_D.C.:1,es,14,68,10
belebele,question,qhttps://en.wikinews.org/wiki/Philae_space_probe_lands_on_comet:1,es,12,49,8
belebele,question,"qhttps://en.wikinews.org/wiki/Phone_threat_closes_tunnels,_snarls_traffic_in_Baltimore,_Maryland:1",es,19,71,12
belebele,question,qhttps://en.wikinews.org/wiki/Photojournalist_photographing_Justin_Bieber%27s_car_run_over_by_another_vehicle:1,es,24,94,16
belebele,question,qhttps://en.wikinews.org/wiki/President_of_Costa_Rica_contracts_H1N1_swine_flu:1,es,22,108,18
belebele,question,qhttps://en.wikinews.org/wiki/Rare_Middle_East_cyclone_batters_Oman:1,es,24,91,13
belebele,question,"qhttps://en.wikinews.org/wiki/Red_tide_affects_South_Padre_Island,_Mexico:1",es,17,67,12
belebele,question,qhttps://en.wikinews.org/wiki/Remnants_of_Hurricane_Felicia_affect_Hawaii:1,es,24,108,16
belebele,question,qhttps://en.wikinews.org/wiki/Renault_F1_launch_criminal_complaint_against_former_driver_over_race-fixing_allegation:1,es,24,86,14
belebele,question,qhttps://en.wikinews.org/wiki/Researchers_report_rapid_formation_of_new_bird_species_in_Gal%C3%A1pagos_islands:1,es,27,122,20
belebele,question,qhttps://en.wikinews.org/wiki/Romanian_artists_auction_off_their_works_for_tsunami_victims:1,es,11,33,5
belebele,question,qhttps://en.wikinews.org/wiki/Russian_military_cargo_jet_crash_kills_eleven_in_Siberia:1,es,17,51,11
belebele,question,"qhttps://en.wikinews.org/wiki/Sam_Simon,_%27The_Simpsons%27_co-creator,_dies_aged_59:2",es,12,55,9
belebele,question,qhttps://en.wikinews.org/wiki/Sandra_Fluke_insists_she_will_not_be_silenced:1,es,17,67,9
belebele,question,qhttps://en.wikinews.org/wiki/Saturn%27s_moon_Titan_hosts_liquid_lakes_and_rivers:1,es,17,62,10
belebele,question,qhttps://en.wikinews.org/wiki/Scientists_find_dinosaur_feathers_preserved_in_amber:1,es,19,72,12
belebele,question,qhttps://en.wikinews.org/wiki/Scientists_report_two_life-saving_treatments_for_Ebola:1,es,15,63,9
belebele,question,qhttps://en.wikinews.org/wiki/Scientists_say_new_medical_diagnostic_chip_can_sort_cells_anywhere_with_an_inkjet:1,es,15,72,11
belebele,question,qhttps://en.wikinews.org/wiki/Scientists_say_the_moon_is_slowly_shrinking:1,es,22,78,12
belebele,question,qhttps://en.wikinews.org/wiki/Scottish_Justice_Secretary_%27acutely_aware_of_unusual_publicity%27_in_Kular_case:1,es,17,60,11
belebele,question,qhttps://en.wikinews.org/wiki/Sealing_ships_trapped_in_ice_off_coast_of_Newfoundland:1,es,21,78,14
belebele,question,qhttps://en.wikinews.org/wiki/Senate_questions_Roberts_in_confirmation_hearings:1,es,9,32,5
belebele,question,qhttps://en.wikinews.org/wiki/September_11_attacks_remembered_in_US:1,es,12,42,8
belebele,question,qhttps://en.wikinews.org/wiki/Seven_caves_found_on_Mars:_NASA:1,es,14,53,9
belebele,question,qhttps://en.wikinews.org/wiki/Seven_killed_in_Chinese_bombing:1,es,23,90,14
belebele,question,qhttps://en.wikinews.org/wiki/South_Africa_end_All_Blacks%27_15-game_winning_streak:1,es,11,46,8
belebele,question,qhttps://en.wikinews.org/wiki/Space_station_crew_perform_successful_spacewalk:1,es,11,59,9
belebele,question,qhttps://en.wikinews.org/wiki/Spam_mailer_gets_9_year_jail_sentence:1,es,14,65,10
belebele,question,qhttps://en.wikinews.org/wiki/Spanish_football:_Sevilla_signs_Aleix_Vidal_from_FC_Barcelona:1,es,18,75,13
belebele,question,qhttps://en.wikinews.org/wiki/Spanish_football_captain_dies_at_26:1,es,12,43,8
belebele,question,"qhttps://en.wikinews.org/wiki/Strong_6.3_earthquake_reported_in_Sumatra,_Indonesia:1",es,18,67,11
belebele,question,"qhttps://en.wikinews.org/wiki/Sun%27s_mood_swings_not_so_strange_after_all,_say_scientists:1",es,16,75,14
belebele,question,qhttps://en.wikinews.org/wiki/Support_for_an_Australian_republic_slips:1,es,20,96,13
belebele,question,qhttps://en.wikinews.org/wiki/Susan_G._Komen_Foundation_stops_funding_to_Planned_Parenthood:1,es,8,42,5
belebele,question,"qhttps://en.wikinews.org/wiki/Swiss_woman_gang-raped_in_Madhya_Pradesh,_India:1",es,17,56,11
belebele,question,qhttps://en.wikinews.org/wiki/Taiwanese_consumer_laptop_market_faces_change_following_ASUStek_winning_sustainability_award:1,es,21,74,12
belebele,question,qhttps://en.wikinews.org/wiki/Teen_post_officer_hides_400_New_Year_cards_in_Japanese_snow:1,es,15,68,11
belebele,question,qhttps://en.wikinews.org/wiki/Tennis:_Andy_Murray_wins_Montreal_Masters_2009:1,es,16,63,11
belebele,question,qhttps://en.wikinews.org/wiki/Texas_governor_and_health_officials_address_public_regarding_Ebola_case:1,es,21,85,13
belebele,question,qhttps://en.wikinews.org/wiki/The_Onion:_An_interview_with_%27America%27s_Finest_News_Source%27:1,es,18,82,14
belebele,question,qhttps://en.wikinews.org/wiki/Thousands_march_in_London_calling_for_David_Cameron%27s_resignation_over_tax_affairs:1,es,14,47,7
belebele,question,qhttps://en.wikinews.org/wiki/Toronto_team-led_research_on_Type_1_Diabetes_%27groundbreaking%27:1,es,16,67,12
belebele,question,qhttps://en.wikinews.org/wiki/Tourist_plane_crash_in_Papua_New_Guinea_leaves_thirteen_dead:1,es,21,93,14
belebele,question,qhttps://en.wikinews.org/wiki/Trade_hall_roof_collapses_in_Poland:1,es,26,108,16
belebele,question,qhttps://en.wikinews.org/wiki/Tropical_Storm_Danielle_forms_in_Atlantic_Ocean:1,es,15,80,13
belebele,question,qhttps://en.wikinews.org/wiki/Two-day_bird_flu_conference_draws_$1.9_billion_in_pledges:1,es,26,111,18
belebele,question,qhttps://en.wikinews.org/wiki/Typhoon_prompts_massive_evacuations_in_China:1,es,19,70,12
belebele,question,qhttps://en.wikinews.org/wiki/U.S._President_arrives_in_Singapore:1,es,14,51,10
belebele,question,qhttps://en.wikinews.org/wiki/UK_government_outlines_plans_for_rail_transport:1,es,19,80,13
belebele,question,qhttps://en.wikinews.org/wiki/UK_threat_level_reduced_to_%27severe%27:1,es,12,42,7
belebele,question,qhttps://en.wikinews.org/wiki/UN_Security_Council_heads_to_Haiti_amid_political_instability:1,es,12,57,8
belebele,question,qhttps://en.wikinews.org/wiki/USA_Gymnastics_board_resigning_after_sex_abuse:1,es,28,101,19
belebele,question,qhttps://en.wikinews.org/wiki/US_Navy_ship_damages_Tubbataha_Reef_National_Park:1,es,15,61,11
belebele,question,qhttps://en.wikinews.org/wiki/US_President_Trump_announces_troop_withdrawal_from_Syria:1,es,11,60,8
belebele,question,qhttps://en.wikinews.org/wiki/US_helicopter_with_17_on_board_believed_to_have_been_shot_down_in_Afghanistan:1,es,11,45,9
belebele,question,qhttps://en.wikinews.org/wiki/US_officials_flood_Grand_Canyon_to_restore_ecosystem:1,es,12,64,9
belebele,question,qhttps://en.wikinews.org/wiki/United_States_warns_of_suicide_attacks_in_Kenya_and_Ethiopia:1,es,18,74,11
belebele,question,qhttps://en.wikinews.org/wiki/War_between_top_lawyers_in_Greece:1,es,10,47,8
belebele,question,qhttps://en.wikinews.org/wiki/West_Indies_wins_the_third_match_of_the_cricket_series_against_India:1,es,9,30,4
belebele,question,qhttps://en.wikinews.org/wiki/Wikimedia_Foundation_addresses_controversial_content_conflict:1,es,20,82,16
belebele,question,qhttps://en.wikinews.org/wiki/Women%E2%80%99s_boxing_to_be_included_in_the_2012_Olympics_for_the_first_time:1,es,20,76,12
belebele,question,qhttps://en.wikinews.org/wiki/Young_motorcycle_racer_Peter_Lenz_dies_in_race_crash_aged_13:1,es,8,25,4
belebele,question,qhttps://en.wikivoyage.org/wiki/Advice_for_nervous_flyers:1,es,19,87,14
belebele,question,qhttps://en.wikivoyage.org/wiki/Aggregators:1,es,28,123,20
belebele,question,qhttps://en.wikivoyage.org/wiki/Air_courier:1,es,15,68,11
belebele,question,qhttps://en.wikivoyage.org/wiki/Airline_alliances:1,es,34,148,25
belebele,question,qhttps://en.wikivoyage.org/wiki/Alcoholic_beverages:1,es,25,109,17
belebele,question,qhttps://en.wikivoyage.org/wiki/Amsterdam/Canal_District:1,es,16,70,10
belebele,question,qhttps://en.wikivoyage.org/wiki/Angkor_Archaeological_Park:1,es,25,97,16
belebele,question,qhttps://en.wikivoyage.org/wiki/Antarctica:1,es,24,102,16
belebele,question,qhttps://en.wikivoyage.org/wiki/Astronomy:1,es,17,69,10
belebele,question,qhttps://en.wikivoyage.org/wiki/Auckland:1,es,21,85,16
belebele,question,qhttps://en.wikivoyage.org/wiki/Auschwitz-Birkenau:1,es,27,104,16
belebele,question,qhttps://en.wikivoyage.org/wiki/Auxiliary_languages:1,es,12,51,8
belebele,question,qhttps://en.wikivoyage.org/wiki/Baltic_Sea_ferries:1,es,21,81,14
belebele,question,qhttps://en.wikivoyage.org/wiki/Barcelona:1,es,19,92,15
belebele,question,qhttps://en.wikivoyage.org/wiki/Bed_and_breakfasts:1,es,27,120,21
belebele,question,qhttps://en.wikivoyage.org/wiki/Beijing_2022:1,es,28,93,15
belebele,question,qhttps://en.wikivoyage.org/wiki/Birdwatching:1,es,13,50,8
belebele,question,qhttps://en.wikivoyage.org/wiki/Boating_on_the_Baltic_Sea:2,es,11,41,6
belebele,question,qhttps://en.wikivoyage.org/wiki/Border_crossing:1,es,28,110,17
belebele,question,qhttps://en.wikivoyage.org/wiki/Botanical_tourism_in_Singapore:1,es,27,121,21
belebele,question,qhttps://en.wikivoyage.org/wiki/Bread_and_confectionery:1,es,13,47,6
belebele,question,qhttps://en.wikivoyage.org/wiki/Budget_travel:1,es,23,115,17
belebele,question,qhttps://en.wikivoyage.org/wiki/Buffalo-Pittsburgh_Highway:1,es,20,105,15
belebele,question,qhttps://en.wikivoyage.org/wiki/Canyoning:1,es,16,79,11
belebele,question,qhttps://en.wikivoyage.org/wiki/Car_camping:1,es,22,80,14
belebele,question,qhttps://en.wikivoyage.org/wiki/Casablanca:1,es,18,65,9
belebele,question,qhttps://en.wikivoyage.org/wiki/Cascais:1,es,19,75,12
belebele,question,qhttps://en.wikivoyage.org/wiki/Caucasus:1,es,9,35,7
belebele,question,qhttps://en.wikivoyage.org/wiki/Charlotte_with_children:1,es,17,76,13
belebele,question,qhttps://en.wikivoyage.org/wiki/Chile:1,es,19,74,13
belebele,question,qhttps://en.wikivoyage.org/wiki/Cinque_Terre:1,es,16,68,13
belebele,question,qhttps://en.wikivoyage.org/wiki/Cold_weather:1,es,26,106,14
belebele,question,qhttps://en.wikivoyage.org/wiki/Cook_Islands:1,es,19,70,13
belebele,question,qhttps://en.wikivoyage.org/wiki/Corcovado_National_Park:1,es,17,84,12
belebele,question,qhttps://en.wikivoyage.org/wiki/Cross_country_skiing:1,es,22,78,13
belebele,question,qhttps://en.wikivoyage.org/wiki/Culture_shock:1,es,22,90,19
belebele,question,qhttps://en.wikivoyage.org/wiki/Dangerous_animals:1,es,13,53,10
belebele,question,qhttps://en.wikivoyage.org/wiki/Deserts:1,es,25,97,16
belebele,question,qhttps://en.wikivoyage.org/wiki/Dominican_Republic:1,es,23,101,16
belebele,question,qhttps://en.wikivoyage.org/wiki/Downhill_snowsports:1,es,18,81,12
belebele,question,qhttps://en.wikivoyage.org/wiki/East_African_Islands:1,es,20,87,16
belebele,question,qhttps://en.wikivoyage.org/wiki/Easter_travel:1,es,17,76,10
belebele,question,qhttps://en.wikivoyage.org/wiki/Ecuador:1,es,18,97,15
belebele,question,qhttps://en.wikivoyage.org/wiki/Eye_care:1,es,18,81,15
belebele,question,qhttps://en.wikivoyage.org/wiki/Falkland_Islands:1,es,25,95,16
belebele,question,qhttps://en.wikivoyage.org/wiki/Festivals_of_Kerala:1,es,14,62,10
belebele,question,qhttps://en.wikivoyage.org/wiki/First_and_business_class_flights:1,es,33,129,24
belebele,question,qhttps://en.wikivoyage.org/wiki/Flying_to_Africa:1,es,27,126,25
belebele,question,qhttps://en.wikivoyage.org/wiki/Food_and_drink:1,es,16,69,10
belebele,question,qhttps://en.wikivoyage.org/wiki/French_phrasebook:1,es,21,83,13
belebele,question,qhttps://en.wikivoyage.org/wiki/Funeral_travel:1,es,17,65,13
belebele,question,qhttps://en.wikivoyage.org/wiki/GPS_navigation:1,es,19,99,15
belebele,question,qhttps://en.wikivoyage.org/wiki/Galapagos_Islands:1,es,20,81,14
belebele,question,qhttps://en.wikivoyage.org/wiki/Gambling:1,es,26,111,18
belebele,question,qhttps://en.wikivoyage.org/wiki/German_phrasebook:1,es,27,100,18
belebele,question,qhttps://en.wikivoyage.org/wiki/Gestures:1,es,18,69,11
belebele,question,qhttps://en.wikivoyage.org/wiki/Glaciers:1,es,13,45,7
belebele,question,qhttps://en.wikivoyage.org/wiki/Goma:1,es,20,101,14
belebele,question,qhttps://en.wikivoyage.org/wiki/Grand_Canyon:1,es,19,82,14
belebele,question,qhttps://en.wikivoyage.org/wiki/Grand_old_hotels:1,es,18,71,14
belebele,question,qhttps://en.wikivoyage.org/wiki/Greenland:1,es,20,75,11
belebele,question,qhttps://en.wikivoyage.org/wiki/Guanajuato:1,es,9,48,7
belebele,question,qhttps://en.wikivoyage.org/wiki/Hiking:1,es,27,114,15
belebele,question,qhttps://en.wikivoyage.org/wiki/Hiking_destinations_in_Norway:1,es,24,88,17
belebele,question,qhttps://en.wikivoyage.org/wiki/Hill_stations_in_India:1,es,16,87,12
belebele,question,qhttps://en.wikivoyage.org/wiki/Hitchhiking_boats:1,es,15,72,13
belebele,question,qhttps://en.wikivoyage.org/wiki/Hong_Kong:1,es,17,79,14
belebele,question,qhttps://en.wikivoyage.org/wiki/Horse_riding:1,es,31,122,23
belebele,question,qhttps://en.wikivoyage.org/wiki/Hospitality_exchange:1,es,17,82,15
belebele,question,qhttps://en.wikivoyage.org/wiki/Hostels:1,es,25,113,18
belebele,question,qhttps://en.wikivoyage.org/wiki/Indigenous_Australian_culture:1,es,23,95,14
belebele,question,qhttps://en.wikivoyage.org/wiki/Indonesian_cuisine:1,es,17,85,12
belebele,question,qhttps://en.wikivoyage.org/wiki/Infectious_diseases:1,es,16,63,9
belebele,question,qhttps://en.wikivoyage.org/wiki/Internet_access:1,es,24,118,22
belebele,question,qhttps://en.wikivoyage.org/wiki/Internet_telephony:1,es,15,73,12
belebele,question,qhttps://en.wikivoyage.org/wiki/Italian_phrasebook:1,es,17,95,14
belebele,question,qhttps://en.wikivoyage.org/wiki/Izmir:1,es,18,82,13
belebele,question,qhttps://en.wikivoyage.org/wiki/Japan%27s_Top_100_Cherry_Blossom_Spots:1,es,14,54,10
belebele,question,qhttps://en.wikivoyage.org/wiki/Jerusalem:1,es,26,114,17
belebele,question,qhttps://en.wikivoyage.org/wiki/Kruger_National_Park:1,es,24,90,17
belebele,question,qhttps://en.wikivoyage.org/wiki/Machu_Picchu:1,es,25,111,19
belebele,question,qhttps://en.wikivoyage.org/wiki/Mallorca:1,es,24,94,16
belebele,question,qhttps://en.wikivoyage.org/wiki/Maori_culture:1,es,20,88,13
belebele,question,qhttps://en.wikivoyage.org/wiki/Meteora:1,es,19,81,15
belebele,question,qhttps://en.wikivoyage.org/wiki/Midnight_sun:1,es,19,104,14
belebele,question,qhttps://en.wikivoyage.org/wiki/Mobile_phones:1,es,18,83,14
belebele,question,qhttps://en.wikivoyage.org/wiki/Moldova:1,es,19,89,14
belebele,question,qhttps://en.wikivoyage.org/wiki/Montevideo:1,es,23,93,14
belebele,question,qhttps://en.wikivoyage.org/wiki/Murals_and_graffiti:2,es,33,126,18
belebele,question,qhttps://en.wikivoyage.org/wiki/Music_festival_circuit:1,es,21,114,18
belebele,question,qhttps://en.wikivoyage.org/wiki/New_Mexico_Pueblos:1,es,24,101,17
belebele,question,qhttps://en.wikivoyage.org/wiki/Noum%C3%A9a:1,es,15,77,12
belebele,question,qhttps://en.wikivoyage.org/wiki/Paraguay:1,es,19,79,14
belebele,question,qhttps://en.wikivoyage.org/wiki/Paris:1,es,27,92,17
belebele,question,qhttps://en.wikivoyage.org/wiki/Past_events/Wikimania_2018_Cape_Town_Guidebook:1,es,16,72,13
belebele,question,qhttps://en.wikivoyage.org/wiki/Pests:1,es,14,65,12
belebele,question,qhttps://en.wikivoyage.org/wiki/Phone_service:1,es,12,54,7
belebele,question,qhttps://en.wikivoyage.org/wiki/Plitvice_Lakes_National_Park:1,es,28,114,20
belebele,question,qhttps://en.wikivoyage.org/wiki/Regional_coding:1,es,14,60,9
belebele,question,qhttps://en.wikivoyage.org/wiki/Returning_home:1,es,13,53,10
belebele,question,qhttps://en.wikivoyage.org/wiki/Rock_climbing:1,es,28,122,20
belebele,question,qhttps://en.wikivoyage.org/wiki/Round_the_world_flights:1,es,27,94,16
belebele,question,qhttps://en.wikivoyage.org/wiki/Running:1,es,11,59,8
belebele,question,qhttps://en.wikivoyage.org/wiki/Safaris:1,es,20,84,15
belebele,question,qhttps://en.wikivoyage.org/wiki/Salar_de_Uyuni:1,es,17,61,10
belebele,question,qhttps://en.wikivoyage.org/wiki/San_Francisco:1,es,17,79,11
belebele,question,qhttps://en.wikivoyage.org/wiki/Sleep:1,es,25,105,18
belebele,question,qhttps://en.wikivoyage.org/wiki/Smartphone_apps_for_travellers:1,es,23,99,17
belebele,question,qhttps://en.wikivoyage.org/wiki/Snow_safety:1,es,16,62,10
belebele,question,qhttps://en.wikivoyage.org/wiki/South_Asian_cuisine:1,es,15,60,10
belebele,question,qhttps://en.wikivoyage.org/wiki/South_Pole:1,es,21,82,13
belebele,question,qhttps://en.wikivoyage.org/wiki/Southern_Africa:1,es,27,114,22
belebele,question,qhttps://en.wikivoyage.org/wiki/Stay_safe:1,es,26,111,18
belebele,question,qhttps://en.wikivoyage.org/wiki/Staycation:1,es,21,94,17
belebele,question,qhttps://en.wikivoyage.org/wiki/Streymoy:1,es,13,47,7
belebele,question,qhttps://en.wikivoyage.org/wiki/Studying_abroad:1,es,21,99,15
belebele,question,qhttps://en.wikivoyage.org/wiki/Subtropical_rainforests:1,es,13,48,8
belebele,question,qhttps://en.wikivoyage.org/wiki/Sundarbans_National_Park:1,es,23,91,14
belebele,question,qhttps://en.wikivoyage.org/wiki/Talk:1,es,23,99,16
belebele,question,qhttps://en.wikivoyage.org/wiki/Thimphu:1,es,28,122,20
belebele,question,qhttps://en.wikivoyage.org/wiki/Timbuktu:1,es,16,65,11
belebele,question,qhttps://en.wikivoyage.org/wiki/Tokyo_2020:1,es,15,69,9
belebele,question,qhttps://en.wikivoyage.org/wiki/Tornado_safety:1,es,19,73,13
belebele,question,qhttps://en.wikivoyage.org/wiki/Travel_advisories:1,es,25,109,17
belebele,question,qhttps://en.wikivoyage.org/wiki/Travel_agencies:1,es,25,113,19
belebele,question,qhttps://en.wikivoyage.org/wiki/Travel_basics:1,es,24,100,16
belebele,question,qhttps://en.wikivoyage.org/wiki/Travel_in_developing_countries:1,es,23,120,20
belebele,question,qhttps://en.wikivoyage.org/wiki/Travel_insurance:1,es,35,148,27
belebele,question,qhttps://en.wikivoyage.org/wiki/Travel_photography/Film:1,es,19,89,14
belebele,question,qhttps://en.wikivoyage.org/wiki/Travel_writing:1,es,22,90,16
belebele,question,qhttps://en.wikivoyage.org/wiki/Travellers%27_diarrhea:1,es,13,68,10
belebele,question,qhttps://en.wikivoyage.org/wiki/Travelling_around_the_Schengen_Area:1,es,16,77,13
belebele,question,qhttps://en.wikivoyage.org/wiki/Valley_of_the_Kings:1,es,19,60,13
belebele,question,qhttps://en.wikivoyage.org/wiki/Vancouver:1,es,24,119,18
belebele,question,qhttps://en.wikivoyage.org/wiki/Victoria_Falls:1,es,24,101,14
belebele,question,qhttps://en.wikivoyage.org/wiki/Video_recording:1,es,26,108,18
belebele,question,qhttps://en.wikivoyage.org/wiki/Visa:1,es,25,111,18
belebele,question,qhttps://en.wikivoyage.org/wiki/Volunteer_travel:1,es,13,58,8
belebele,question,qhttps://en.wikivoyage.org/wiki/Walt_Disney_World:1,es,23,92,15
belebele,question,qhttps://en.wikivoyage.org/wiki/War_zone_safety:1,es,30,144,24
belebele,question,qhttps://en.wikivoyage.org/wiki/Water:1,es,22,90,14
belebele,question,qhttps://en.wikivoyage.org/wiki/Water_safety:1,es,18,87,12
belebele,question,qhttps://en.wikivoyage.org/wiki/Waterways:1,es,23,105,17
belebele,question,qhttps://en.wikivoyage.org/wiki/West_Africa:1,es,27,117,20
belebele,question,qhttps://en.wikivoyage.org/wiki/Wildlife_photography:1,es,23,106,16
belebele,question,qhttps://en.wikivoyage.org/wiki/Winter_driving:1,es,21,106,16
belebele,question,qhttps://en.wikivoyage.org/wiki/Working_abroad:1,es,18,91,14
belebele,question,qhttps://en.wikivoyage.org/wiki/World%27s_Fair:1,es,14,81,11
belebele,question,qhttps://en.wikivoyage.org/wiki/Yellowstone_National_Park:1,es,17,81,13
belebele,passage,1,zh,60,111,0
belebele,passage,2,zh,98,178,0
belebele,passage,3,zh,140,211,0
belebele,passage,4,zh,201,304,0
belebele,passage,5,zh,164,236,0
belebele,passage,6,zh,101,177,0
belebele,passage,7,zh,77,114,0
belebele,passage,8,zh,77,147,0
belebele,passage,9,zh,50,82,0
belebele,passage,10,zh,55,97,0
belebele,passage,11,zh,76,140,0
belebele,passage,12,zh,76,127,0
belebele,passage,13,zh,42,83,0
belebele,passage,14,zh,150,284,0
belebele,passage,15,zh,93,169,0
belebele,passage,16,zh,91,158,0
belebele,passage,17,zh,91,155,0
belebele,passage,18,zh,73,128,0
belebele,passage,19,zh,50,100,0
belebele,passage,20,zh,49,96,0
belebele,passage,21,zh,163,272,0
belebele,passage,22,zh,98,176,0
belebele,passage,23,zh,105,222,0
belebele,passage,24,zh,96,181,0
belebele,passage,25,zh,90,168,0
belebele,passage,26,zh,54,111,0
belebele,passage,27,zh,86,141,0
belebele,passage,28,zh,90,137,0
belebele,passage,29,zh,81,165,0
belebele,passage,30,zh,91,169,0
belebele,passage,31,zh,100,190,0
belebele,passage,32,zh,140,208,0
belebele,passage,33,zh,103,174,0
belebele,passage,34,zh,68,118,0
belebele,passage,35,zh,76,140,0
belebele,passage,36,zh,43,77,0
belebele,passage,37,zh,53,94,0
belebele,passage,38,zh,41,75,0
belebele,passage,39,zh,91,164,0
belebele,passage,40,zh,65,119,0
belebele,passage,41,zh,108,206,0
belebele,passage,42,zh,74,133,0
belebele,passage,43,zh,46,91,0
belebele,passage,44,zh,88,134,0
belebele,passage,45,zh,67,109,0
belebele,passage,46,zh,47,103,0
belebele,passage,47,zh,87,133,0
belebele,passage,48,zh,41,79,0
belebele,passage,49,zh,133,213,0
belebele,passage,50,zh,123,180,0
belebele,passage,51,zh,62,111,0
belebele,passage,52,zh,148,285,0
belebele,passage,53,zh,96,157,0
belebele,passage,54,zh,101,146,0
belebele,passage,55,zh,49,85,0
belebele,passage,56,zh,139,252,0
belebele,passage,57,zh,99,180,0
belebele,passage,58,zh,57,108,0
belebele,passage,59,zh,151,277,0
belebele,passage,60,zh,78,147,0
belebele,passage,61,zh,82,170,0
belebele,passage,62,zh,132,269,0
belebele,passage,63,zh,111,224,0
belebele,passage,64,zh,100,173,0
belebele,passage,65,zh,91,157,0
belebele,passage,66,zh,111,211,0
belebele,passage,67,zh,81,151,0
belebele,passage,68,zh,49,84,0
belebele,passage,69,zh,119,201,0
belebele,passage,70,zh,89,168,0
belebele,passage,71,zh,95,170,0
belebele,passage,72,zh,138,230,0
belebele,passage,73,zh,63,117,0
belebele,passage,74,zh,114,199,0
belebele,passage,75,zh,38,75,0
belebele,passage,76,zh,60,115,0
belebele,passage,77,zh,91,133,0
belebele,passage,78,zh,116,182,0
belebele,passage,79,zh,61,116,0
belebele,passage,80,zh,151,226,0
belebele,passage,81,zh,161,300,0
belebele,passage,82,zh,99,185,0
belebele,passage,83,zh,99,185,0
belebele,passage,84,zh,94,148,0
belebele,passage,85,zh,84,136,0
belebele,passage,86,zh,37,69,0
belebele,passage,87,zh,114,187,0
belebele,passage,88,zh,162,252,0
belebele,passage,89,zh,102,165,0
belebele,passage,90,zh,100,193,0
belebele,passage,91,zh,86,135,0
belebele,passage,92,zh,87,140,0
belebele,passage,93,zh,105,177,0
belebele,passage,94,zh,106,194,0
belebele,passage,95,zh,55,94,0
belebele,passage,96,zh,91,136,0
belebele,passage,97,zh,100,176,0
belebele,passage,98,zh,129,217,0
belebele,passage,99,zh,141,220,0
belebele,passage,100,zh,57,84,0
belebele,passage,101,zh,180,262,0
belebele,passage,102,zh,70,117,0
belebele,passage,103,zh,99,162,0
belebele,passage,104,zh,89,135,0
belebele,passage,105,zh,89,147,0
belebele,passage,106,zh,76,117,0
belebele,passage,107,zh,81,153,0
belebele,passage,108,zh,62,110,0
belebele,passage,109,zh,55,96,0
belebele,passage,110,zh,160,320,0
belebele,passage,111,zh,37,70,0
belebele,passage,112,zh,69,113,0
belebele,passage,113,zh,69,113,0
belebele,passage,114,zh,118,180,0
belebele,passage,115,zh,79,134,0
belebele,passage,116,zh,89,142,0
belebele,passage,117,zh,189,263,0
belebele,passage,118,zh,73,120,0
belebele,passage,119,zh,43,85,0
belebele,passage,120,zh,87,146,0
belebele,passage,121,zh,89,127,0
belebele,passage,122,zh,94,166,0
belebele,passage,123,zh,83,140,0
belebele,passage,124,zh,62,112,0
belebele,passage,125,zh,75,128,0
belebele,passage,126,zh,77,153,0
belebele,passage,127,zh,62,103,0
belebele,passage,128,zh,110,165,0
belebele,passage,129,zh,65,116,0
belebele,passage,130,zh,101,162,0
belebele,passage,131,zh,84,126,0
belebele,passage,132,zh,95,161,0
belebele,passage,133,zh,71,107,0
belebele,passage,134,zh,77,109,0
belebele,passage,135,zh,84,167,0
belebele,passage,136,zh,52,82,0
belebele,passage,137,zh,122,195,0
belebele,passage,138,zh,85,131,0
belebele,passage,139,zh,66,129,0
belebele,passage,140,zh,58,111,0
belebele,passage,141,zh,77,141,0
belebele,passage,142,zh,96,176,0
belebele,passage,143,zh,155,271,0
belebele,passage,144,zh,49,74,0
belebele,passage,145,zh,48,78,0
belebele,passage,146,zh,116,197,0
belebele,passage,147,zh,105,174,0
belebele,passage,148,zh,109,192,0
belebele,passage,149,zh,107,156,0
belebele,passage,150,zh,102,190,0
belebele,passage,151,zh,104,156,0
belebele,passage,152,zh,125,181,0
belebele,passage,153,zh,113,172,0
belebele,passage,154,zh,219,374,0
belebele,passage,155,zh,150,291,0
belebele,passage,156,zh,85,131,0
belebele,passage,157,zh,93,159,0
belebele,passage,158,zh,127,210,0
belebele,passage,159,zh,88,132,0
belebele,passage,160,zh,31,47,0
belebele,passage,161,zh,79,138,0
belebele,passage,162,zh,74,116,0
belebele,passage,163,zh,128,203,0
belebele,passage,164,zh,156,269,0
belebele,passage,165,zh,63,113,0
belebele,passage,166,zh,96,185,0
belebele,passage,167,zh,144,263,0
belebele,passage,168,zh,147,218,0
belebele,passage,169,zh,110,181,0
belebele,passage,170,zh,51,97,0
belebele,passage,171,zh,105,176,0
belebele,passage,172,zh,67,123,0
belebele,passage,173,zh,79,148,0
belebele,passage,174,zh,217,358,0
belebele,passage,175,zh,79,122,0
belebele,passage,176,zh,57,116,0
belebele,passage,177,zh,78,135,0
belebele,passage,178,zh,122,222,0
belebele,passage,179,zh,57,92,0
belebele,passage,180,zh,80,105,0
belebele,passage,181,zh,61,93,0
belebele,passage,182,zh,86,135,0
belebele,passage,183,zh,62,87,0
belebele,passage,184,zh,64,104,0
belebele,passage,185,zh,51,87,0
belebele,passage,186,zh,170,295,0
belebele,passage,187,zh,89,159,0
belebele,passage,188,zh,120,200,0
belebele,passage,189,zh,79,128,0
belebele,passage,190,zh,112,184,0
belebele,passage,191,zh,77,142,0
belebele,passage,192,zh,86,150,0
belebele,passage,193,zh,60,118,0
belebele,passage,194,zh,107,170,0
belebele,passage,195,zh,50,96,0
belebele,passage,196,zh,108,166,0
belebele,passage,197,zh,90,147,0
belebele,passage,198,zh,108,188,0
belebele,passage,199,zh,56,100,0
belebele,passage,200,zh,189,284,0
belebele,passage,201,zh,170,269,0
belebele,passage,202,zh,33,67,0
belebele,passage,203,zh,111,163,0
belebele,passage,204,zh,135,223,0
belebele,passage,205,zh,148,246,0
belebele,passage,206,zh,77,122,0
belebele,passage,207,zh,67,113,0
belebele,passage,208,zh,135,227,0
belebele,passage,209,zh,68,123,0
belebele,passage,210,zh,79,121,0
belebele,passage,211,zh,81,132,0
belebele,passage,212,zh,161,233,0
belebele,passage,213,zh,112,154,0
belebele,passage,214,zh,65,91,0
belebele,passage,215,zh,82,130,0
belebele,passage,216,zh,86,123,0
belebele,passage,217,zh,112,169,0
belebele,passage,218,zh,69,124,0
belebele,passage,219,zh,91,165,0
belebele,passage,220,zh,159,285,0
belebele,passage,221,zh,124,204,0
belebele,passage,222,zh,72,98,0
belebele,passage,223,zh,79,127,0
belebele,passage,224,zh,161,305,0
belebele,passage,225,zh,75,143,0
belebele,passage,226,zh,72,138,0
belebele,passage,227,zh,126,209,0
belebele,passage,228,zh,106,162,0
belebele,passage,229,zh,115,191,0
belebele,passage,230,zh,89,139,0
belebele,passage,231,zh,106,160,0
belebele,passage,232,zh,96,123,0
belebele,passage,233,zh,58,95,0
belebele,passage,234,zh,96,159,0
belebele,passage,235,zh,66,111,0
belebele,passage,236,zh,96,167,0
belebele,passage,237,zh,111,173,0
belebele,passage,238,zh,129,208,0
belebele,passage,239,zh,117,176,0
belebele,passage,240,zh,126,224,0
belebele,passage,241,zh,159,266,0
belebele,passage,242,zh,72,110,0
belebele,passage,243,zh,33,51,0
belebele,passage,244,zh,92,155,0
belebele,passage,245,zh,117,195,0
belebele,passage,246,zh,71,124,0
belebele,passage,247,zh,61,103,0
belebele,passage,248,zh,132,222,0
belebele,passage,249,zh,118,188,0
belebele,passage,250,zh,74,125,0
belebele,passage,251,zh,83,136,0
belebele,passage,252,zh,118,203,0
belebele,passage,253,zh,129,185,0
belebele,passage,254,zh,103,159,0
belebele,passage,255,zh,93,160,0
belebele,passage,256,zh,48,95,0
belebele,passage,257,zh,72,120,0
belebele,passage,258,zh,98,131,0
belebele,passage,259,zh,155,227,0
belebele,passage,260,zh,94,174,0
belebele,passage,261,zh,121,197,0
belebele,passage,262,zh,96,140,0
belebele,passage,263,zh,57,108,0
belebele,passage,264,zh,174,263,0
belebele,passage,265,zh,43,75,0
belebele,passage,266,zh,150,233,0
belebele,passage,267,zh,157,300,0
belebele,passage,268,zh,63,114,0
belebele,passage,269,zh,106,195,0
belebele,passage,270,zh,49,85,0
belebele,passage,271,zh,68,142,0
belebele,passage,272,zh,57,97,0
belebele,passage,273,zh,95,166,0
belebele,passage,274,zh,54,98,0
belebele,passage,275,zh,170,269,0
belebele,passage,276,zh,164,255,0
belebele,passage,277,zh,76,112,0
belebele,passage,278,zh,55,96,0
belebele,passage,279,zh,45,83,0
belebele,passage,280,zh,63,103,0
belebele,passage,281,zh,127,219,0
belebele,passage,282,zh,81,140,0
belebele,passage,283,zh,63,95,0
belebele,passage,284,zh,88,145,0
belebele,passage,285,zh,94,157,0
belebele,passage,286,zh,83,112,0
belebele,passage,287,zh,81,134,0
belebele,passage,288,zh,59,108,0
belebele,passage,289,zh,103,153,0
belebele,passage,290,zh,116,167,0
belebele,passage,291,zh,46,82,0
belebele,passage,292,zh,55,90,0
belebele,passage,293,zh,166,295,0
belebele,passage,294,zh,93,169,0
belebele,passage,295,zh,84,159,0
belebele,passage,296,zh,64,116,0
belebele,passage,297,zh,121,245,0
belebele,passage,298,zh,60,94,0
belebele,passage,299,zh,98,159,0
belebele,passage,300,zh,60,90,0
belebele,passage,301,zh,134,207,0
belebele,passage,302,zh,41,72,0
belebele,passage,303,zh,133,217,0
belebele,passage,304,zh,67,119,0
belebele,passage,305,zh,68,118,0
belebele,passage,306,zh,48,67,0
belebele,passage,307,zh,68,115,0
belebele,passage,308,zh,55,89,0
belebele,passage,309,zh,64,102,0
belebele,passage,310,zh,136,224,0
belebele,passage,311,zh,121,268,0
belebele,passage,312,zh,99,185,0
belebele,passage,313,zh,66,113,0
belebele,passage,314,zh,90,147,0
belebele,passage,315,zh,69,106,0
belebele,passage,316,zh,81,155,0
belebele,passage,317,zh,219,387,0
belebele,passage,318,zh,158,250,0
belebele,passage,319,zh,95,152,0
belebele,passage,320,zh,99,158,0
belebele,passage,321,zh,56,95,0
belebele,passage,322,zh,103,163,0
belebele,passage,323,zh,57,115,0
belebele,passage,324,zh,38,58,0
belebele,passage,325,zh,77,117,0
belebele,passage,326,zh,49,75,0
belebele,passage,327,zh,25,50,0
belebele,passage,328,zh,125,217,0
belebele,passage,329,zh,141,278,0
belebele,passage,330,zh,65,111,0
belebele,passage,331,zh,76,138,0
belebele,passage,332,zh,44,75,0
belebele,passage,333,zh,91,140,0
belebele,passage,334,zh,70,120,0
belebele,passage,335,zh,164,269,0
belebele,passage,336,zh,121,156,0
belebele,passage,337,zh,99,191,0
belebele,passage,338,zh,63,112,0
belebele,passage,339,zh,95,159,0
belebele,passage,340,zh,73,145,0
belebele,passage,341,zh,45,91,0
belebele,passage,342,zh,101,184,0
belebele,passage,343,zh,56,112,0
belebele,passage,344,zh,68,133,0
belebele,passage,345,zh,60,113,0
belebele,passage,346,zh,94,146,0
belebele,passage,347,zh,114,193,0
belebele,passage,348,zh,69,122,0
belebele,passage,349,zh,147,272,0
belebele,passage,350,zh,98,162,0
belebele,passage,351,zh,43,86,0
belebele,passage,352,zh,50,90,0
belebele,passage,353,zh,111,190,0
belebele,passage,354,zh,104,186,0
belebele,passage,355,zh,69,118,0
belebele,passage,356,zh,58,103,0
belebele,passage,357,zh,118,214,0
belebele,passage,358,zh,56,99,0
belebele,passage,359,zh,54,97,0
belebele,passage,360,zh,98,184,0
belebele,passage,361,zh,109,191,0
belebele,passage,362,zh,153,250,0
belebele,passage,363,zh,55,89,0
belebele,passage,364,zh,101,183,0
belebele,passage,365,zh,177,288,0
belebele,passage,366,zh,76,126,0
belebele,passage,367,zh,78,118,0
belebele,passage,368,zh,106,197,0
belebele,passage,369,zh,121,181,0
belebele,passage,370,zh,118,228,0
belebele,passage,371,zh,135,208,0
belebele,passage,372,zh,134,226,0
belebele,passage,373,zh,132,258,0
belebele,passage,374,zh,102,173,0
belebele,passage,375,zh,96,183,0
belebele,passage,376,zh,40,67,0
belebele,passage,377,zh,68,117,0
belebele,passage,378,zh,194,342,0
belebele,passage,379,zh,125,216,0
belebele,passage,380,zh,114,189,0
belebele,passage,381,zh,76,128,0
belebele,passage,382,zh,104,167,0
belebele,passage,383,zh,67,130,0
belebele,passage,384,zh,105,178,0
belebele,passage,385,zh,69,127,0
belebele,passage,386,zh,118,191,0
belebele,passage,387,zh,115,205,0
belebele,passage,388,zh,61,118,0
belebele,passage,389,zh,84,152,0
belebele,passage,390,zh,70,122,0
belebele,passage,391,zh,63,126,0
belebele,passage,392,zh,143,229,0
belebele,passage,393,zh,67,127,0
belebele,passage,394,zh,61,116,0
belebele,passage,395,zh,86,159,0
belebele,passage,396,zh,63,106,0
belebele,passage,397,zh,150,236,0
belebele,passage,398,zh,116,219,0
belebele,passage,399,zh,114,195,0
belebele,passage,400,zh,275,459,0
belebele,passage,401,zh,104,194,0
belebele,passage,402,zh,87,148,0
belebele,passage,403,zh,76,127,0
belebele,passage,404,zh,44,79,0
belebele,passage,405,zh,80,138,0
belebele,passage,406,zh,97,178,0
belebele,passage,407,zh,124,197,0
belebele,passage,408,zh,128,223,0
belebele,passage,409,zh,42,77,0
belebele,passage,410,zh,61,106,0
belebele,passage,411,zh,96,154,0
belebele,passage,412,zh,76,147,0
belebele,passage,413,zh,66,126,0
belebele,passage,414,zh,100,180,0
belebele,passage,415,zh,73,130,0
belebele,passage,416,zh,109,195,0
belebele,passage,417,zh,57,99,0
belebele,passage,418,zh,127,229,0
belebele,passage,419,zh,132,240,0
belebele,passage,420,zh,113,188,0
belebele,passage,421,zh,62,114,0
belebele,passage,422,zh,74,125,0
belebele,passage,423,zh,97,163,0
belebele,passage,424,zh,62,114,0
belebele,passage,425,zh,65,134,0
belebele,passage,426,zh,114,182,0
belebele,passage,427,zh,93,149,0
belebele,passage,428,zh,69,132,0
belebele,passage,429,zh,74,143,0
belebele,passage,430,zh,101,174,0
belebele,passage,431,zh,137,231,0
belebele,passage,432,zh,154,251,0
belebele,passage,433,zh,71,137,0
belebele,passage,434,zh,82,169,0
belebele,passage,435,zh,52,99,0
belebele,passage,436,zh,76,136,0
belebele,passage,437,zh,98,148,0
belebele,passage,438,zh,63,113,0
belebele,passage,439,zh,40,71,0
belebele,passage,440,zh,67,126,0
belebele,passage,441,zh,114,193,0
belebele,passage,442,zh,99,235,0
belebele,passage,443,zh,129,208,0
belebele,passage,444,zh,81,142,0
belebele,passage,445,zh,92,179,0
belebele,passage,446,zh,103,203,0
belebele,passage,447,zh,97,186,0
belebele,passage,448,zh,80,141,0
belebele,passage,449,zh,71,117,0
belebele,passage,450,zh,92,170,0
belebele,passage,451,zh,105,191,0
belebele,passage,452,zh,106,190,0
belebele,passage,453,zh,102,169,0
belebele,passage,454,zh,63,111,0
belebele,passage,455,zh,100,187,0
belebele,passage,456,zh,40,76,0
belebele,passage,457,zh,166,275,0
belebele,passage,458,zh,139,229,0
belebele,passage,459,zh,113,172,0
belebele,passage,460,zh,110,202,0
belebele,passage,461,zh,155,238,0
belebele,passage,462,zh,81,119,0
belebele,passage,463,zh,94,172,0
belebele,passage,464,zh,96,182,0
belebele,passage,465,zh,64,119,0
belebele,passage,466,zh,115,209,0
belebele,passage,467,zh,100,193,0
belebele,passage,468,zh,121,175,0
belebele,passage,469,zh,29,56,0
belebele,passage,470,zh,110,187,0
belebele,passage,471,zh,88,157,0
belebele,passage,472,zh,140,218,0
belebele,passage,473,zh,125,219,0
belebele,passage,474,zh,113,177,0
belebele,passage,475,zh,73,129,0
belebele,passage,476,zh,77,150,0
belebele,passage,477,zh,71,137,0
belebele,passage,478,zh,107,199,0
belebele,passage,479,zh,96,176,0
belebele,passage,480,zh,49,98,0
belebele,passage,481,zh,100,169,0
belebele,passage,482,zh,55,96,0
belebele,passage,483,zh,92,160,0
belebele,passage,484,zh,102,179,0
belebele,passage,485,zh,91,156,0
belebele,passage,486,zh,59,109,0
belebele,passage,487,zh,96,180,0
belebele,passage,488,zh,148,250,0
belebele,question,qhttps://en.wikibooks.org/wiki/Accordion/Right_hand:1,zh,17,30,0
belebele,question,qhttps://en.wikibooks.org/wiki/All_About_Converting_From_Several_Video_Formats_To_DVD:1,zh,8,15,0
belebele,question,qhttps://en.wikibooks.org/wiki/American_Revolution/The_Battles_of_Trenton_and_Princeton:2,zh,8,12,0
belebele,question,qhttps://en.wikibooks.org/wiki/American_Revolution/The_Declaration_of_Independence:1,zh,7,13,0
belebele,question,qhttps://en.wikibooks.org/wiki/American_Revolution/Ticonderoga_and_Bunker_Hill:1,zh,8,13,0
belebele,question,qhttps://en.wikibooks.org/wiki/Ancient_China/Government:1,zh,13,23,0
belebele,question,"qhttps://en.wikibooks.org/wiki/Animal_Behavior/Army_Ants_-_Social_Hierarchy,_Life_Cycles,_and_Migration:1",zh,17,30,0
belebele,question,qhttps://en.wikibooks.org/wiki/Animal_Behavior/Biological_Rhythms:1,zh,10,19,0
belebele,question,qhttps://en.wikibooks.org/wiki/Animal_Behavior/Population_Genetics:1,zh,12,21,0
belebele,question,qhttps://en.wikibooks.org/wiki/Applied_Ecology/Nature_Tourism:1,zh,9,19,0
belebele,question,qhttps://en.wikibooks.org/wiki/Applied_Ecology/New_Societies_and_Cultures:1,zh,11,20,0
belebele,question,qhttps://en.wikibooks.org/wiki/Basic_Physics_of_Digital_Radiography/The_Basics:1,zh,10,19,0
belebele,question,qhttps://en.wikibooks.org/wiki/Basic_Physics_of_Digital_Radiography/The_Computer:1,zh,12,22,0
belebele,question,qhttps://en.wikibooks.org/wiki/Blended_Learning_in_K-12/Blended_Learning_in_Grades_9-12:1,zh,10,21,0
belebele,question,qhttps://en.wikibooks.org/wiki/Blended_Learning_in_K-12/Synchronous_and_asynchronous_communication_methods:1,zh,9,18,0
belebele,question,qhttps://en.wikibooks.org/wiki/Castles_of_England/The_Development_of_the_Castle:1,zh,14,27,0
belebele,question,qhttps://en.wikibooks.org/wiki/Castles_of_England/Tudor_Castles:1,zh,13,19,0
belebele,question,qhttps://en.wikibooks.org/wiki/Coaching_Youth_Middle_Distance_Runners/Introduction:1,zh,19,37,0
belebele,question,qhttps://en.wikibooks.org/wiki/Coaching_Youth_Middle_Distance_Runners/Nutrition:1,zh,13,25,0
belebele,question,qhttps://en.wikibooks.org/wiki/Coaching_Youth_Middle_Distance_Runners/Training:1,zh,15,30,0
belebele,question,qhttps://en.wikibooks.org/wiki/Cognitive_Psychology_and_Cognitive_Neuroscience/Behavioural_and_Neuroscience_Methods:1,zh,6,11,0
belebele,question,qhttps://en.wikibooks.org/wiki/Cognitive_Psychology_and_Cognitive_Neuroscience/Evolutionary_Perspective_on_Social_Cognitions:1,zh,18,33,0
belebele,question,qhttps://en.wikibooks.org/wiki/Cognitive_Psychology_and_Cognitive_Neuroscience/Knowledge_Representation_and_Hemispheric_Specialisation:1,zh,14,26,0
belebele,question,qhttps://en.wikibooks.org/wiki/Cognitive_Psychology_and_Cognitive_Neuroscience/Problem_Solving_from_an_Evolutionary_Perspective:1,zh,13,26,0
belebele,question,qhttps://en.wikibooks.org/wiki/Communication_Theory/Nonverbal_Communication:1,zh,11,20,0
belebele,question,qhttps://en.wikibooks.org/wiki/Communication_Theory/Orality_and_Literacy:1,zh,9,18,0
belebele,question,qhttps://en.wikibooks.org/wiki/Communication_Theory/Uses_and_Gratifications:1,zh,11,22,0
belebele,question,qhttps://en.wikibooks.org/wiki/Costume_History/Gothic:1,zh,11,23,0
belebele,question,qhttps://en.wikibooks.org/wiki/Environmental_theory_and_collection_of_ideas/Environmentalism_and_survival:1,zh,14,29,0
belebele,question,qhttps://en.wikibooks.org/wiki/European_History/Absolutism_in_Europe:1,zh,20,39,0
belebele,question,qhttps://en.wikibooks.org/wiki/European_History/Challenges_to_Spiritual_Authority:1,zh,10,20,0
belebele,question,qhttps://en.wikibooks.org/wiki/European_History/Revolution_in_France:1,zh,14,18,0
belebele,question,qhttps://en.wikibooks.org/wiki/European_History/World_War_I:1,zh,10,17,0
belebele,question,qhttps://en.wikibooks.org/wiki/Exercise_as_it_relates_to_Disease/Can_Exercise_Really_Help_Multiple_Sclerosis%3F:1,zh,15,24,0
belebele,question,qhttps://en.wikibooks.org/wiki/Exercise_as_it_relates_to_Disease/Physical_activity_effect_on_mental_health_in_people_with_chronic_lower_back_pain:1,zh,14,27,0
belebele,question,qhttps://en.wikibooks.org/wiki/Fencing:1,zh,12,21,0
belebele,question,qhttps://en.wikibooks.org/wiki/First_Aid/Poisoning:1,zh,14,24,0
belebele,question,qhttps://en.wikibooks.org/wiki/First_Aid/Primary_Assessment_%26_Basic_Life_Support:1,zh,13,28,0
belebele,question,qhttps://en.wikibooks.org/wiki/French_Revolution/Effects:1,zh,14,27,0
belebele,question,qhttps://en.wikibooks.org/wiki/Fundamentals_of_Transportation/Introduction:1,zh,11,24,0
belebele,question,qhttps://en.wikibooks.org/wiki/Fundamentals_of_Transportation/Traffic_Flow:1,zh,18,33,0
belebele,question,"qhttps://en.wikibooks.org/wiki/General_Biology/Genetics/DNA,_The_Genetic_Material:1",zh,12,20,0
belebele,question,qhttps://en.wikibooks.org/wiki/General_Biology/Genetics/Mutation:1,zh,9,17,0
belebele,question,qhttps://en.wikibooks.org/wiki/Goats/Introduction:1,zh,10,18,0
belebele,question,qhttps://en.wikibooks.org/wiki/Golf:1,zh,8,15,0
belebele,question,qhttps://en.wikibooks.org/wiki/High_School_Biology/Nature_of_Science:1,zh,5,11,0
belebele,question,qhttps://en.wikibooks.org/wiki/High_School_Earth_Science/Storms:1,zh,12,23,0
belebele,question,qhttps://en.wikibooks.org/wiki/High_School_Earth_Science/Telescopes:1,zh,13,19,0
belebele,question,qhttps://en.wikibooks.org/wiki/History_of_Islam/Early_Islam:1,zh,17,30,0
belebele,question,qhttps://en.wikibooks.org/wiki/History_of_Rail_Transport/Early_Rail_Transportation:1,zh,10,16,0
belebele,question,qhttps://en.wikibooks.org/wiki/History_of_Technology/Cultural_Determinism:1,zh,13,23,0
belebele,question,qhttps://en.wikibooks.org/wiki/History_of_Technology/Technological_Determinism:1,zh,12,21,0
belebele,question,qhttps://en.wikibooks.org/wiki/How_to_Play_Violin/Bowing:1,zh,11,17,0
belebele,question,qhttps://en.wikibooks.org/wiki/Introduction_to_Paleoanthropology/Bones:1,zh,10,20,0
belebele,question,qhttps://en.wikibooks.org/wiki/Introduction_to_Paleoanthropology/Genetics/Introduction:1,zh,9,16,0
belebele,question,qhttps://en.wikibooks.org/wiki/Introduction_to_Paleoanthropology/Oldowan:1,zh,20,33,0
belebele,question,qhttps://en.wikibooks.org/wiki/Introduction_to_Sociology/Culture:1,zh,14,26,0
belebele,question,qhttps://en.wikibooks.org/wiki/Introduction_to_Sociology/Race_and_Ethnicity:1,zh,23,43,0
belebele,question,qhttps://en.wikibooks.org/wiki/Introduction_to_Sociology/Socialization:1,zh,14,27,0
belebele,question,qhttps://en.wikibooks.org/wiki/Introduction_to_Sociology/Society:1,zh,13,22,0
belebele,question,qhttps://en.wikibooks.org/wiki/Introductory_Tourism:1,zh,8,16,0
belebele,question,qhttps://en.wikibooks.org/wiki/Learning_Theories/Organizational_Learning:_Influencing_Factors:1,zh,12,24,0
belebele,question,qhttps://en.wikibooks.org/wiki/Learning_Theories/Post-Modern_Theories:1,zh,10,21,0
belebele,question,qhttps://en.wikibooks.org/wiki/Lucid_Dreaming/Induction_Techniques:1,zh,16,26,0
belebele,question,qhttps://en.wikibooks.org/wiki/Lucid_Dreaming/Introduction:1,zh,14,21,0
belebele,question,qhttps://en.wikibooks.org/wiki/Managing_Groups_and_Teams/How_Do_You_Build_High-performing_Virtual_Teams%3F:1,zh,13,24,0
belebele,question,qhttps://en.wikibooks.org/wiki/Managing_Groups_and_Teams/Motivation:1,zh,7,14,0
belebele,question,qhttps://en.wikibooks.org/wiki/Modern_Photography/Composition:1,zh,7,13,0
belebele,question,qhttps://en.wikibooks.org/wiki/Modern_Photography/Format:1,zh,13,21,0
belebele,question,qhttps://en.wikibooks.org/wiki/Modern_Photography/Lenses:1,zh,17,32,0
belebele,question,qhttps://en.wikibooks.org/wiki/Mysticism/What_is_mysticism%3F:1,zh,9,17,0
belebele,question,qhttps://en.wikibooks.org/wiki/New_Zealand_History/Polynesian_Settlement:1,zh,11,20,0
belebele,question,qhttps://en.wikibooks.org/wiki/Origami/Types/Pureland_Origami:1,zh,15,23,0
belebele,question,qhttps://en.wikibooks.org/wiki/Pakistani_History/Prehistory/Bronze_Age/Indus_Valley_Civilization:1,zh,13,24,0
belebele,question,qhttps://en.wikibooks.org/wiki/Peak_Oil:_High_Tide_for_an_Oil_Addicted_World/Personal_Action:1,zh,10,20,0
belebele,question,qhttps://en.wikibooks.org/wiki/Philippine_History/The_Philippine-American_War:1,zh,11,21,0
belebele,question,qhttps://en.wikibooks.org/wiki/Remembering_the_Templars:1,zh,9,14,0
belebele,question,qhttps://en.wikibooks.org/wiki/Roman_Culture/Medicine:1,zh,18,32,0
belebele,question,qhttps://en.wikibooks.org/wiki/Sensory_Systems/Visual_System:1,zh,4,8,0
belebele,question,qhttps://en.wikibooks.org/wiki/Sikhism:1,zh,16,28,0
belebele,question,qhttps://en.wikibooks.org/wiki/Social_and_Cultural_Foundations_of_American_Education/Special_Needs/ADD:1,zh,14,28,0
belebele,question,qhttps://en.wikibooks.org/wiki/Social_and_Cultural_Foundations_of_American_Education/Technology/Role:1,zh,13,24,0
belebele,question,qhttps://en.wikibooks.org/wiki/Social_and_Cultural_Foundations_of_American_Education/Technology/Social_Media:2,zh,16,34,0
belebele,question,qhttps://en.wikibooks.org/wiki/The_Cold_War/Hungarian_Revolution:1,zh,18,30,0
belebele,question,qhttps://en.wikibooks.org/wiki/The_Cold_War/Introduction:1,zh,12,27,0
belebele,question,qhttps://en.wikibooks.org/wiki/The_Organ_Systems/nervous:1,zh,12,23,0
belebele,question,qhttps://en.wikibooks.org/wiki/The_Seven_Wonders_of_the_World/The_Great_Pyramid:1,zh,8,13,0
belebele,question,qhttps://en.wikibooks.org/wiki/The_Seven_Wonders_of_the_World/The_Temple_of_Artemis:1,zh,12,20,0
belebele,question,qhttps://en.wikibooks.org/wiki/Transport/History:1,zh,14,27,0
belebele,question,qhttps://en.wikibooks.org/wiki/Warfare:1,zh,9,17,0
belebele,question,qhttps://en.wikibooks.org/wiki/Wikijunior:Ancient_Civilizations/Assyrians:1,zh,14,22,0
belebele,question,qhttps://en.wikibooks.org/wiki/Wikijunior:Ancient_Civilizations/Babylonians:1,zh,13,23,0
belebele,question,qhttps://en.wikibooks.org/wiki/Wikijunior:Ancient_Civilizations/Egyptians:1,zh,9,14,0
belebele,question,qhttps://en.wikibooks.org/wiki/Wikijunior:Ancient_Civilizations/Greeks:1,zh,7,12,0
belebele,question,qhttps://en.wikibooks.org/wiki/Wikijunior:Ancient_Civilizations/Hebrews:1,zh,10,18,0
belebele,question,qhttps://en.wikibooks.org/wiki/Wikijunior:Ancient_Civilizations/Norse:1,zh,14,23,0
belebele,question,qhttps://en.wikibooks.org/wiki/Wikijunior:Ancient_Civilizations/Romans:1,zh,9,19,0
belebele,question,qhttps://en.wikibooks.org/wiki/Wikijunior:Ancient_Civilizations/What_is_a_Civilization%3F:1,zh,12,23,0
belebele,question,qhttps://en.wikibooks.org/wiki/Wikijunior:Asia/Bhutan:1,zh,11,17,0
belebele,question,qhttps://en.wikibooks.org/wiki/Wikijunior:Asia/Cambodia:1,zh,8,17,0
belebele,question,qhttps://en.wikibooks.org/wiki/Wikijunior:Asia/Taiwan:1,zh,13,25,0
belebele,question,qhttps://en.wikibooks.org/wiki/Wikijunior:Big_Book_of_Fun_Science_Experiments/Red_cabbage_indicator:1,zh,8,15,0
belebele,question,qhttps://en.wikibooks.org/wiki/Wikijunior:Big_Cats/Lion:1,zh,9,16,0
belebele,question,qhttps://en.wikibooks.org/wiki/Wikijunior:Big_Cats/Meet_The_Cats:1,zh,9,14,0
belebele,question,qhttps://en.wikibooks.org/wiki/Wikijunior:Big_Cats/Ocelot:1,zh,10,16,0
belebele,question,qhttps://en.wikibooks.org/wiki/Wikijunior:Big_Cats/Tiger:1,zh,8,17,0
belebele,question,qhttps://en.wikibooks.org/wiki/Wikijunior:Biology/Cells:1,zh,14,27,0
belebele,question,qhttps://en.wikibooks.org/wiki/Wikijunior:Biology/Kingdoms/Animals:1,zh,10,20,0
belebele,question,qhttps://en.wikibooks.org/wiki/Wikijunior:Biology/Kingdoms/Plants:1,zh,6,14,0
belebele,question,qhttps://en.wikibooks.org/wiki/Wikijunior:Biology/Origin_of_Life:1,zh,12,21,0
belebele,question,qhttps://en.wikibooks.org/wiki/Wikijunior:Biology/Systems/Circulatory_System:1,zh,9,17,0
belebele,question,qhttps://en.wikibooks.org/wiki/Wikijunior:Bugs/Insects_Intro:1,zh,8,17,0
belebele,question,qhttps://en.wikibooks.org/wiki/Wikijunior:Dinosaurs/Extinction:1,zh,8,16,0
belebele,question,qhttps://en.wikibooks.org/wiki/Wikijunior:Dinosaurs/Triceratops:1,zh,14,24,0
belebele,question,qhttps://en.wikibooks.org/wiki/Wikijunior:Europe/Italy:1,zh,16,29,0
belebele,question,qhttps://en.wikibooks.org/wiki/Wikijunior:Europe/Luxembourg:1,zh,16,23,0
belebele,question,qhttps://en.wikibooks.org/wiki/Wikijunior:Europe/Turkey:1,zh,8,20,0
belebele,question,qhttps://en.wikibooks.org/wiki/Wikijunior:Europe/Vatican_City:1,zh,10,13,0
belebele,question,qhttps://en.wikibooks.org/wiki/Wikijunior:How_Things_Work/Computer:1,zh,15,32,0
belebele,question,qhttps://en.wikibooks.org/wiki/Wikijunior:How_Things_Work/Flush_Toilet:1,zh,13,24,0
belebele,question,qhttps://en.wikibooks.org/wiki/Wikijunior:How_Things_Work/Ice_Skates:1,zh,10,15,0
belebele,question,qhttps://en.wikibooks.org/wiki/Wikijunior:How_Things_Work/Laser:1,zh,15,26,0
belebele,question,qhttps://en.wikibooks.org/wiki/Wikijunior:How_Things_Work/Light_Bulb:1,zh,11,21,0
belebele,question,qhttps://en.wikibooks.org/wiki/Wikijunior:How_Things_Work/Nuclear_Bomb:1,zh,11,19,0
belebele,question,qhttps://en.wikibooks.org/wiki/Wikijunior:How_Things_Work/Rocket:1,zh,9,15,0
belebele,question,qhttps://en.wikibooks.org/wiki/Wikijunior:How_Things_Work/Time:1,zh,11,25,0
belebele,question,qhttps://en.wikibooks.org/wiki/Wikijunior:Kings_and_Queens_of_England/Future_monarchs:1,zh,15,28,0
belebele,question,qhttps://en.wikibooks.org/wiki/Wikijunior:Kings_and_Queens_of_England/The_Anglo-Saxons:1,zh,10,15,0
belebele,question,qhttps://en.wikibooks.org/wiki/Wikijunior:Languages/Estonian:1,zh,15,28,0
belebele,question,qhttps://en.wikibooks.org/wiki/Wikijunior:Languages/Hindi:1,zh,15,26,0
belebele,question,qhttps://en.wikibooks.org/wiki/Wikijunior:Languages/Korean:1,zh,10,18,0
belebele,question,qhttps://en.wikibooks.org/wiki/Wikijunior:Languages/Sanskrit:1,zh,11,18,0
belebele,question,qhttps://en.wikibooks.org/wiki/Wikijunior:Solar_System/Jupiter/Io:1,zh,15,26,0
belebele,question,qhttps://en.wikibooks.org/wiki/Wikijunior:Solar_System/Moon:1,zh,13,24,0
belebele,question,qhttps://en.wikibooks.org/wiki/Wikijunior:Solar_System/Space_exploration:1,zh,8,15,0
belebele,question,qhttps://en.wikibooks.org/wiki/Wikijunior:Solar_System/The_Sun:1,zh,15,23,0
belebele,question,qhttps://en.wikibooks.org/wiki/Wikijunior:Solar_System/Venus:1,zh,10,18,0
belebele,question,qhttps://en.wikibooks.org/wiki/Wikijunior:South_America/The_Amazon:1,zh,10,19,0
belebele,question,qhttps://en.wikibooks.org/wiki/Wikijunior:South_America/Venezuela:1,zh,10,21,0
belebele,question,qhttps://en.wikibooks.org/wiki/Wikijunior:The_Elements/Hydrogen:1,zh,11,18,0
belebele,question,qhttps://en.wikibooks.org/wiki/Wikijunior:The_Elements/Matter_Is_The_Stuff_Around_You:1,zh,4,10,0
belebele,question,qhttps://en.wikibooks.org/wiki/Wikijunior:United_States_Charters_of_Freedom/Constitution:1,zh,16,27,0
belebele,question,qhttps://en.wikibooks.org/wiki/Wikijunior:United_States_Charters_of_Freedom/Declaration_of_Independence:1,zh,10,16,0
belebele,question,qhttps://en.wikibooks.org/wiki/Wikijunior:World_Heritage_Sites/Botanic_Gardens:1,zh,8,12,0
belebele,question,qhttps://en.wikibooks.org/wiki/Wikijunior:World_Heritage_Sites/Pyramids_of_Giza:1,zh,20,36,0
belebele,question,qhttps://en.wikibooks.org/wiki/Wikijunior:World_Heritage_Sites/Serengeti:1,zh,12,21,0
belebele,question,qhttps://en.wikibooks.org/wiki/Wikijunior:World_War_II/Battle_of_Britain:1,zh,8,12,0
belebele,question,qhttps://en.wikibooks.org/wiki/Wikijunior:World_War_II/Battleships:1,zh,16,30,0
belebele,question,qhttps://en.wikibooks.org/wiki/Wikijunior:World_War_II/Liberation_of_Western_Europe:1,zh,8,13,0
belebele,question,qhttps://en.wikibooks.org/wiki/Wikijunior:World_War_II/Submarines:1,zh,10,21,0
belebele,question,qhttps://en.wikibooks.org/wiki/World_War_II/Battle_of_Poland:1,zh,10,17,0
belebele,question,qhttps://en.wikibooks.org/wiki/World_War_II/Fall_of_East_Africa_and_War_in_North_Africa:1,zh,8,18,0
belebele,question,qhttps://en.wikibooks.org/wiki/Yoga/Yoga_Tales:1,zh,14,28,0
belebele,question,qhttps://en.wikinews.org/wiki/2009_Shri_Shyam_Bhajan_Hindu_religious_festival_held_in_Hyderabad:1,zh,11,16,0
belebele,question,qhttps://en.wikinews.org/wiki/2010_FIBA_World_Championship_starts:1,zh,6,13,0
belebele,question,qhttps://en.wikinews.org/wiki/24_people_rescued_from_roller_coaster_at_California%27s_Great_America_theme_park:1,zh,9,17,0
belebele,question,qhttps://en.wikinews.org/wiki/8.0_magnitude_earthquake_occurs_near_Tonga:1,zh,9,17,0
belebele,question,qhttps://en.wikinews.org/wiki/A1GP_New_Zealand_speeds_its_way_into_record_books:1,zh,15,29,0
belebele,question,qhttps://en.wikinews.org/wiki/A_5.6_Richter_quake_hits_Western_Montana:1,zh,10,15,0
belebele,question,qhttps://en.wikinews.org/wiki/Abu_Ghraib_prison_burns_after_riot:1,zh,10,17,0
belebele,question,"qhttps://en.wikinews.org/wiki/Aerosmith_sued_over_late_cancellation_of_gig_in_Maui,_Hawaii:1",zh,13,23,0
belebele,question,qhttps://en.wikinews.org/wiki/Akayev_flees_Kyrgyzstan_as_protesters_seize_control_of_Bishkek:1,zh,14,22,0
belebele,question,qhttps://en.wikinews.org/wiki/Amazon_to_buy_smart_doorbell_startup_Ring:1,zh,7,17,0
belebele,question,qhttps://en.wikinews.org/wiki/American_children%27s_show_Reading_Rainbow_ends_26_year_run:1,zh,12,23,0
belebele,question,qhttps://en.wikinews.org/wiki/Anne_Frank_tree_saved_from_being_chopped_down:1,zh,17,32,0
belebele,question,qhttps://en.wikinews.org/wiki/Anonymous_people_reveal_animal_cruelty_at_Australian_Inghams_poultry_producer_factory_using_CCTV_footage:1,zh,25,46,0
belebele,question,qhttps://en.wikinews.org/wiki/Another_arrest_in_Minnesota_school_shooting:1,zh,9,17,0
belebele,question,qhttps://en.wikinews.org/wiki/Anti-ACTA_activists_protest_across_Europe:1,zh,19,31,0
belebele,question,qhttps://en.wikinews.org/wiki/Apple_Japan_to_replace_overheating_iPod_Nanos:1,zh,9,18,0
belebele,question,qhttps://en.wikinews.org/wiki/Apple_introduces_iPhone_and_Apple_TV:1,zh,15,27,0
belebele,question,qhttps://en.wikinews.org/wiki/Argentina%27s_first_lady_launches_presidential_bid:1,zh,29,64,0
belebele,question,qhttps://en.wikinews.org/wiki/Australian_Big_Brother_cleared_of_breaching_content_laws:1,zh,11,20,0
belebele,question,qhttps://en.wikinews.org/wiki/Australian_treasurer_enters_nuclear_debate:1,zh,6,13,0
belebele,question,qhttps://en.wikinews.org/wiki/Austria_leads_medal_count_after_second_day_of_2013_IPC_Alpine_World_Championships:1,zh,9,19,0
belebele,question,qhttps://en.wikinews.org/wiki/BBC_newsreader_sacked_after_conviction_for_wounding_teenager:1,zh,11,21,0
belebele,question,qhttps://en.wikinews.org/wiki/Bali_climate_change_conference_begins:1,zh,11,18,0
belebele,question,"qhttps://en.wikinews.org/wiki/Benin,_Nigeria_join_African_Union_continental_free_trade_bloc:1",zh,16,28,0
belebele,question,"qhttps://en.wikinews.org/wiki/Beverly_Hall,_indicted_public_school_superintendent,_dies_aged_68:1",zh,15,27,0
belebele,question,qhttps://en.wikinews.org/wiki/Bomb_blasts_kill_several_in_Iran:1,zh,12,22,0
belebele,question,qhttps://en.wikinews.org/wiki/Brazilian_footballer_Gabriel_Jesus_signs_contract_extension_with_Manchester_City:1,zh,18,26,0
belebele,question,qhttps://en.wikinews.org/wiki/Building_collapses_in_Mecca_at_eve_of_Hajj_pillgrimage:1,zh,9,19,0
belebele,question,qhttps://en.wikinews.org/wiki/Burning_debris_from_satellites_spotted_over_several_US_cities:1,zh,13,23,0
belebele,question,qhttps://en.wikinews.org/wiki/Businessman_and_founder_of_The_Weather_Channel_Frank_Batten_dies_at_82:1,zh,16,25,0
belebele,question,qhttps://en.wikinews.org/wiki/California_bans_sale_of_violent_video_games_to_minors:1,zh,19,26,0
belebele,question,qhttps://en.wikinews.org/wiki/California_lawmaker_denies_affairs_after_sexual_discussion_becomes_public:1,zh,9,16,0
belebele,question,qhttps://en.wikinews.org/wiki/Canadian_Prime_Minister_Harper_agrees_to_send_%27Clean_Air_Act%27_to_committee:1,zh,10,16,0
belebele,question,qhttps://en.wikinews.org/wiki/Canadian_inspectors_to_test_food_ingredients_from_China:1,zh,19,29,0
belebele,question,qhttps://en.wikinews.org/wiki/Canadian_professional_wrestler_Luna_Vachon_dies_aged_48:1,zh,10,12,0
belebele,question,"qhttps://en.wikinews.org/wiki/Car_crashes_into_house_in_Suffolk,_UK,_seriously_injuring_man:1",zh,7,13,0
belebele,question,qhttps://en.wikinews.org/wiki/Car_women%27s_rugby_7%27s_tournament:1,zh,10,20,0
belebele,question,qhttps://en.wikinews.org/wiki/China%27s_economy_surpasses_Japan%27s_in_second_quarter:1,zh,14,29,0
belebele,question,qhttps://en.wikinews.org/wiki/China_promises_cut_in_carbon_dioxide_emissions:1,zh,6,14,0
belebele,question,qhttps://en.wikinews.org/wiki/Cholera_outbreak_hits_Angola:1,zh,9,16,0
belebele,question,qhttps://en.wikinews.org/wiki/Chris_Huhne_resigns_from_UK_Cabinet_to_face_charges:1,zh,12,17,0
belebele,question,qhttps://en.wikinews.org/wiki/Controversial_Berlin_opera_features_interactive_drug_usage:1,zh,13,21,0
belebele,question,qhttps://en.wikinews.org/wiki/Cosmonaut_Alexei_Leonov_dies_at_age_85:1,zh,15,23,0
belebele,question,"qhttps://en.wikinews.org/wiki/Crossing_guard_killed_by_truck_in_Glasgow,_Scotland:1",zh,7,9,0
belebele,question,qhttps://en.wikinews.org/wiki/Dark_matter_lacks_extra_gravitational_force:1,zh,11,23,0
belebele,question,qhttps://en.wikinews.org/wiki/DeLay_declares_%27victory%27_in_war_on_U.S._budget_fat:1,zh,11,22,0
belebele,question,qhttps://en.wikinews.org/wiki/Distributed_computing_to_get_%22interstellar_project%22:1,zh,15,24,0
belebele,question,qhttps://en.wikinews.org/wiki/Doctor_to_be_charged_after_mother%27s_death_in_Ohio:1,zh,21,43,0
belebele,question,qhttps://en.wikinews.org/wiki/EBay_to_acquire_Skype:1,zh,5,10,0
belebele,question,qhttps://en.wikinews.org/wiki/Edmonton_prison_conflict_wounds_eight:1,zh,16,25,0
belebele,question,qhttps://en.wikinews.org/wiki/Effect_of_sanctions_%27like_war%27_says_Iran%27s_Ahmadinejad:1,zh,23,29,0
belebele,question,qhttps://en.wikinews.org/wiki/Electronic_voting_disputed_in_France:1,zh,8,17,0
belebele,question,qhttps://en.wikinews.org/wiki/Explorers_find_shipwreck_thought_to_be_massive_WWII_battleship_Musashi:1,zh,13,24,0
belebele,question,qhttps://en.wikinews.org/wiki/Explosion_at_earthquake-damaged_Fukushima_nuclear_power_plant:1,zh,14,28,0
belebele,question,qhttps://en.wikinews.org/wiki/Extremely_drug-resistant_tuberculosis_strain_emerges_in_South_Africa:1,zh,18,32,0
belebele,question,qhttps://en.wikinews.org/wiki/FAA:_Metroplex_NextGen_project_in_place_in_north_Texas:1,zh,7,16,0
belebele,question,qhttps://en.wikinews.org/wiki/FBI_recruits_for_%22War_on_Porn%22:1,zh,15,28,0
belebele,question,qhttps://en.wikinews.org/wiki/Fighter_jet_crashes_during_Children%27s_Day_airshow_in_Thailand:1,zh,18,29,0
belebele,question,qhttps://en.wikinews.org/wiki/Former_U.S._National_Security_Advisor_Zbigniew_Brzezinski_dies_aged_89:1,zh,13,20,0
belebele,question,qhttps://en.wikinews.org/wiki/Former_Yugoslavian_footballer_Stjepan_Bobek_dies_aged_86:1,zh,15,28,0
belebele,question,qhttps://en.wikinews.org/wiki/Fossilized_remains_of_small_dinosaur_rediscovered_in_Canada:1,zh,17,25,0
belebele,question,"qhttps://en.wikinews.org/wiki/Four_killed,_four_others_injured_in_Buffalo,_New_York_shooting:1",zh,8,15,0
belebele,question,qhttps://en.wikinews.org/wiki/France_issues_pollution_alert_as_ship_splits_off_Basque_coast:1,zh,16,27,0
belebele,question,qhttps://en.wikinews.org/wiki/French_campaigning_film_director_Ren%C3%A9_Vautier_dies:2,zh,9,15,0
belebele,question,qhttps://en.wikinews.org/wiki/Funeral_of_Pope_John_Paul_II_takes_place:1,zh,9,16,0
belebele,question,"qhttps://en.wikinews.org/wiki/Gas_explosion_reported_in_Hammersmith,_London:1",zh,10,20,0
belebele,question,qhttps://en.wikinews.org/wiki/German_judge_orders_life_sentence_for_nation%27s_%27first_Islamic-motivated_terror_attack%27:1,zh,9,17,0
belebele,question,qhttps://en.wikinews.org/wiki/Golf_and_rugby_set_to_return_to_the_Olympic_Games:1,zh,11,20,0
belebele,question,qhttps://en.wikinews.org/wiki/Guinness_turns_250:1,zh,16,24,0
belebele,question,qhttps://en.wikinews.org/wiki/H5N1_confirmed_in_France:1,zh,12,21,0
belebele,question,qhttps://en.wikinews.org/wiki/Haitian_cholera_victims_threaten_United_Nations_with_lawsuit:1,zh,18,34,0
belebele,question,qhttps://en.wikinews.org/wiki/Hard_drugs_temporarily_legal_in_Ireland_due_to_constitutional_loophole:1,zh,5,11,0
belebele,question,qhttps://en.wikinews.org/wiki/Hollywood_sign_modified_to_read_%27Hollyweed%27:1,zh,7,10,0
belebele,question,qhttps://en.wikinews.org/wiki/Hong_Kong_%27tutor_king%27_applies_for_bankruptcy:1,zh,12,21,0
belebele,question,"qhttps://en.wikinews.org/wiki/Hong_Kong_tourists_held_hostage_in_the_Philippines,_nine_killed:1",zh,17,24,0
belebele,question,qhttps://en.wikinews.org/wiki/Huge_Gay_Pride_parade_held_in_Brazil:1,zh,15,26,0
belebele,question,qhttps://en.wikinews.org/wiki/Hungary%27s_St_Stephen%27s_Day_hit_by_storm:_3_left_dead:1,zh,20,34,0
belebele,question,qhttps://en.wikinews.org/wiki/Hurricane_Fred_churns_the_Atlantic:1,zh,20,28,0
belebele,question,qhttps://en.wikinews.org/wiki/IEEE_approves_802.11n_standard_after_six_years:1,zh,10,15,0
belebele,question,qhttps://en.wikinews.org/wiki/Ian_Thorpe_starts_to_recover_from_chest_pains:1,zh,15,29,0
belebele,question,qhttps://en.wikinews.org/wiki/Icelandic_Hekla_volcano_shows_signs_of_activity:1,zh,12,24,0
belebele,question,qhttps://en.wikinews.org/wiki/India%27s_flag_lands_on_Moon:1,zh,14,25,0
belebele,question,qhttps://en.wikinews.org/wiki/India_struggles_with_encephalitis_outbreak:1,zh,10,19,0
belebele,question,qhttps://en.wikinews.org/wiki/Indiana_legislators_vote_for_state_constitutional_ban_on_same-sex_marriage:1,zh,8,18,0
belebele,question,qhttps://en.wikinews.org/wiki/Investigation_of_Deutsche_Bank_headquarters_spills_into_second_day:1,zh,11,15,0
belebele,question,qhttps://en.wikinews.org/wiki/Iranian_passenger_jet%27s_wheel_catches_fire:1,zh,10,16,0
belebele,question,qhttps://en.wikinews.org/wiki/Iraq_Study_Group_Report:_Iraq_could_be_on_a_slide_towards_chaos:1,zh,10,20,0
belebele,question,qhttps://en.wikinews.org/wiki/Italy_arrests_reputed_Mafia_boss_Lo_Piccolo:1,zh,15,24,0
belebele,question,qhttps://en.wikinews.org/wiki/Japanese_Olympic_judoka_Hitoshi_Saito_dies_aged_54:1,zh,10,15,0
belebele,question,qhttps://en.wikinews.org/wiki/Japanese_tourist_travels_through_37_countries_on_just_$2:1,zh,7,10,0
belebele,question,qhttps://en.wikinews.org/wiki/Jenson_Button_wins_2006_Hungarian_Grand_Prix:1,zh,9,14,0
belebele,question,qhttps://en.wikinews.org/wiki/Judge_orders_Baltimore_City_prison_to_produce_plan_for_improvement:1,zh,14,20,0
belebele,question,"qhttps://en.wikinews.org/wiki/Karzai_declared_winner_of_Afghan_elections,_runoff_polls_cancelled:1",zh,14,29,0
belebele,question,qhttps://en.wikinews.org/wiki/Khyber_Pakhtunkhwa_Provincial_Assembly_votes_to_merge_with_Pakistani_Federally_Administered_Tribal_Areas:1,zh,9,15,0
belebele,question,qhttps://en.wikinews.org/wiki/La_La_Land_receives_record-equalling_fourteen_Oscar_nominations;_Hacksaw_Ridge_gets_six:1,zh,10,13,0
belebele,question,"qhttps://en.wikinews.org/wiki/Large_earthquake_off_Japan,_tsunami_warning_issued:1",zh,7,12,0
belebele,question,qhttps://en.wikinews.org/wiki/Leak_suggests_John_Kerry_will_recognise_Israel_as_Jewish_state:1,zh,11,22,0
belebele,question,qhttps://en.wikinews.org/wiki/Ma_Ying-jeou_wins_2008_Taiwan_presidential_election:1,zh,9,15,0
belebele,question,qhttps://en.wikinews.org/wiki/Mass_evictions_from_Oakland%27s_public_housing:1,zh,18,26,0
belebele,question,qhttps://en.wikinews.org/wiki/Matt_Kenseth_wins_third_NASCAR_Sprint_Cup_race_of_2012:1,zh,14,24,0
belebele,question,qhttps://en.wikinews.org/wiki/Meteorites_in_Morocco_found_to_be_from_Mars:1,zh,19,32,0
belebele,question,qhttps://en.wikinews.org/wiki/Michael_Schumacher_calls_off_Formula_1_comeback_due_to_injury:1,zh,7,12,0
belebele,question,qhttps://en.wikinews.org/wiki/Microsoft_and_Yahoo_team_up_to_make_IM_clients_compatible:1,zh,11,21,0
belebele,question,"qhttps://en.wikinews.org/wiki/Militants_bomb_Gaziantep,_Turkey_police_headquarters:1",zh,8,14,0
belebele,question,qhttps://en.wikinews.org/wiki/Mitt_Romney_wins_2012_Florida_primary:1,zh,23,30,0
belebele,question,qhttps://en.wikinews.org/wiki/Mitt_Romney_wins_Iowa_Caucus_by_eight_votes_over_surging_Rick_Santorum:1,zh,16,26,0
belebele,question,"qhttps://en.wikinews.org/wiki/Modern_radio_drama_Paranoria,_TX_releases_100th_episode:1",zh,16,22,0
belebele,question,qhttps://en.wikinews.org/wiki/Mumbai_2008_attack_plotter_sentenced_to_35_years:1,zh,16,27,0
belebele,question,qhttps://en.wikinews.org/wiki/Nadal_beats_Raonic_to_reach_Australian_Open_semis:1,zh,20,37,0
belebele,question,qhttps://en.wikinews.org/wiki/Naked_News_to_create_international_language_editions:1,zh,15,26,0
belebele,question,qhttps://en.wikinews.org/wiki/Nathalie_Carpanedo_finishes_wild_card_run_at_2013_IPC_Alpine_World_Championships:1,zh,9,16,0
belebele,question,qhttps://en.wikinews.org/wiki/National_Basketball_Association_suspends_season_due_to_COVID-19_concerns:1,zh,14,24,0
belebele,question,"qhttps://en.wikinews.org/wiki/National_Hockey_League_news:_March_22,_2008:1",zh,21,31,0
belebele,question,qhttps://en.wikinews.org/wiki/Nationalised_bank_Northern_Rock_sold_to_Virgin_Money:1,zh,9,16,0
belebele,question,qhttps://en.wikinews.org/wiki/New_Australian_Prime_Minister_signs_Kyoto:1,zh,17,29,0
belebele,question,qhttps://en.wikinews.org/wiki/New_South_Wales_government_starts_trial_of_hunting_in_national_parks:1,zh,7,12,0
belebele,question,qhttps://en.wikinews.org/wiki/New_fossils_from_10_million_year_old_ape_found_in_Ethiopia:1,zh,8,16,0
belebele,question,qhttps://en.wikinews.org/wiki/Nintendo_unveils_controller_for_Revolution_console:1,zh,10,20,0
belebele,question,"qhttps://en.wikinews.org/wiki/No_bomb_threat,_hijacking_of_plane_in_China%27s_Xinjiang_region_according_to_Afghan_officials:1",zh,7,15,0
belebele,question,qhttps://en.wikinews.org/wiki/Nobel_Prize_in_Literature_Committee_abandons_efforts_to_contact_Bob_Dylan:1,zh,11,19,0
belebele,question,qhttps://en.wikinews.org/wiki/North_Korea_agrees_to_disable_its_main_nuclear_reactor:1,zh,10,14,0
belebele,question,qhttps://en.wikinews.org/wiki/Noted_stamp_engraver_Czeslaw_Slania_dies_at_83:1,zh,9,16,0
belebele,question,qhttps://en.wikinews.org/wiki/Oil_spill_in_Alaska_closes_800_miles_of_pipeline:1,zh,11,22,0
belebele,question,qhttps://en.wikinews.org/wiki/Parts_of_New_Orleans_flood_again:1,zh,9,13,0
belebele,question,qhttps://en.wikinews.org/wiki/Patient_under_evaluation_with_Ebola-like_symptoms_in_Washington_D.C.:1,zh,9,14,0
belebele,question,qhttps://en.wikinews.org/wiki/Philae_space_probe_lands_on_comet:1,zh,5,11,0
belebele,question,"qhttps://en.wikinews.org/wiki/Phone_threat_closes_tunnels,_snarls_traffic_in_Baltimore,_Maryland:1",zh,13,25,0
belebele,question,qhttps://en.wikinews.org/wiki/Photojournalist_photographing_Justin_Bieber%27s_car_run_over_by_another_vehicle:1,zh,15,25,0
belebele,question,qhttps://en.wikinews.org/wiki/President_of_Costa_Rica_contracts_H1N1_swine_flu:1,zh,13,26,0
belebele,question,qhttps://en.wikinews.org/wiki/Rare_Middle_East_cyclone_batters_Oman:1,zh,16,25,0
belebele,question,"qhttps://en.wikinews.org/wiki/Red_tide_affects_South_Padre_Island,_Mexico:1",zh,10,17,0
belebele,question,qhttps://en.wikinews.org/wiki/Remnants_of_Hurricane_Felicia_affect_Hawaii:1,zh,13,23,0
belebele,question,qhttps://en.wikinews.org/wiki/Renault_F1_launch_criminal_complaint_against_former_driver_over_race-fixing_allegation:1,zh,16,26,0
belebele,question,qhttps://en.wikinews.org/wiki/Researchers_report_rapid_formation_of_new_bird_species_in_Gal%C3%A1pagos_islands:1,zh,14,26,0
belebele,question,qhttps://en.wikinews.org/wiki/Romanian_artists_auction_off_their_works_for_tsunami_victims:1,zh,7,10,0
belebele,question,qhttps://en.wikinews.org/wiki/Russian_military_cargo_jet_crash_kills_eleven_in_Siberia:1,zh,12,17,0
belebele,question,"qhttps://en.wikinews.org/wiki/Sam_Simon,_%27The_Simpsons%27_co-creator,_dies_aged_59:2",zh,12,17,0
belebele,question,qhttps://en.wikinews.org/wiki/Sandra_Fluke_insists_she_will_not_be_silenced:1,zh,12,21,0
belebele,question,qhttps://en.wikinews.org/wiki/Saturn%27s_moon_Titan_hosts_liquid_lakes_and_rivers:1,zh,10,16,0
belebele,question,qhttps://en.wikinews.org/wiki/Scientists_find_dinosaur_feathers_preserved_in_amber:1,zh,10,19,0
belebele,question,qhttps://en.wikinews.org/wiki/Scientists_report_two_life-saving_treatments_for_Ebola:1,zh,11,21,0
belebele,question,qhttps://en.wikinews.org/wiki/Scientists_say_new_medical_diagnostic_chip_can_sort_cells_anywhere_with_an_inkjet:1,zh,8,18,0
belebele,question,qhttps://en.wikinews.org/wiki/Scientists_say_the_moon_is_slowly_shrinking:1,zh,15,26,0
belebele,question,qhttps://en.wikinews.org/wiki/Scottish_Justice_Secretary_%27acutely_aware_of_unusual_publicity%27_in_Kular_case:1,zh,14,25,0
belebele,question,qhttps://en.wikinews.org/wiki/Sealing_ships_trapped_in_ice_off_coast_of_Newfoundland:1,zh,17,28,0
belebele,question,qhttps://en.wikinews.org/wiki/Senate_questions_Roberts_in_confirmation_hearings:1,zh,8,12,0
belebele,question,qhttps://en.wikinews.org/wiki/September_11_attacks_remembered_in_US:1,zh,6,8,0
belebele,question,qhttps://en.wikinews.org/wiki/Seven_caves_found_on_Mars:_NASA:1,zh,10,15,0
belebele,question,qhttps://en.wikinews.org/wiki/Seven_killed_in_Chinese_bombing:1,zh,11,21,0
belebele,question,qhttps://en.wikinews.org/wiki/South_Africa_end_All_Blacks%27_15-game_winning_streak:1,zh,9,16,0
belebele,question,qhttps://en.wikinews.org/wiki/Space_station_crew_perform_successful_spacewalk:1,zh,9,16,0
belebele,question,qhttps://en.wikinews.org/wiki/Spam_mailer_gets_9_year_jail_sentence:1,zh,7,14,0
belebele,question,qhttps://en.wikinews.org/wiki/Spanish_football:_Sevilla_signs_Aleix_Vidal_from_FC_Barcelona:1,zh,18,27,0
belebele,question,qhttps://en.wikinews.org/wiki/Spanish_football_captain_dies_at_26:1,zh,6,13,0
belebele,question,"qhttps://en.wikinews.org/wiki/Strong_6.3_earthquake_reported_in_Sumatra,_Indonesia:1",zh,10,16,0
belebele,question,"qhttps://en.wikinews.org/wiki/Sun%27s_mood_swings_not_so_strange_after_all,_say_scientists:1",zh,10,21,0
belebele,question,qhttps://en.wikinews.org/wiki/Support_for_an_Australian_republic_slips:1,zh,8,20,0
belebele,question,qhttps://en.wikinews.org/wiki/Susan_G._Komen_Foundation_stops_funding_to_Planned_Parenthood:1,zh,7,13,0
belebele,question,"qhttps://en.wikinews.org/wiki/Swiss_woman_gang-raped_in_Madhya_Pradesh,_India:1",zh,10,20,0
belebele,question,qhttps://en.wikinews.org/wiki/Taiwanese_consumer_laptop_market_faces_change_following_ASUStek_winning_sustainability_award:1,zh,15,22,0
belebele,question,qhttps://en.wikinews.org/wiki/Teen_post_officer_hides_400_New_Year_cards_in_Japanese_snow:1,zh,8,12,0
belebele,question,qhttps://en.wikinews.org/wiki/Tennis:_Andy_Murray_wins_Montreal_Masters_2009:1,zh,11,19,0
belebele,question,qhttps://en.wikinews.org/wiki/Texas_governor_and_health_officials_address_public_regarding_Ebola_case:1,zh,10,18,0
belebele,question,qhttps://en.wikinews.org/wiki/The_Onion:_An_interview_with_%27America%27s_Finest_News_Source%27:1,zh,14,24,0
belebele,question,qhttps://en.wikinews.org/wiki/Thousands_march_in_London_calling_for_David_Cameron%27s_resignation_over_tax_affairs:1,zh,10,17,0
belebele,question,qhttps://en.wikinews.org/wiki/Toronto_team-led_research_on_Type_1_Diabetes_%27groundbreaking%27:1,zh,14,23,0
belebele,question,qhttps://en.wikinews.org/wiki/Tourist_plane_crash_in_Papua_New_Guinea_leaves_thirteen_dead:1,zh,18,28,0
belebele,question,qhttps://en.wikinews.org/wiki/Trade_hall_roof_collapses_in_Poland:1,zh,18,30,0
belebele,question,qhttps://en.wikinews.org/wiki/Tropical_Storm_Danielle_forms_in_Atlantic_Ocean:1,zh,14,24,0
belebele,question,qhttps://en.wikinews.org/wiki/Two-day_bird_flu_conference_draws_$1.9_billion_in_pledges:1,zh,14,27,0
belebele,question,qhttps://en.wikinews.org/wiki/Typhoon_prompts_massive_evacuations_in_China:1,zh,10,17,0
belebele,question,qhttps://en.wikinews.org/wiki/U.S._President_arrives_in_Singapore:1,zh,13,19,0
belebele,question,qhttps://en.wikinews.org/wiki/UK_government_outlines_plans_for_rail_transport:1,zh,9,18,0
belebele,question,qhttps://en.wikinews.org/wiki/UK_threat_level_reduced_to_%27severe%27:1,zh,8,14,0
belebele,question,qhttps://en.wikinews.org/wiki/UN_Security_Council_heads_to_Haiti_amid_political_instability:1,zh,9,17,0
belebele,question,qhttps://en.wikinews.org/wiki/USA_Gymnastics_board_resigning_after_sex_abuse:1,zh,17,30,0
belebele,question,qhttps://en.wikinews.org/wiki/US_Navy_ship_damages_Tubbataha_Reef_National_Park:1,zh,13,21,0
belebele,question,qhttps://en.wikinews.org/wiki/US_President_Trump_announces_troop_withdrawal_from_Syria:1,zh,7,12,0
belebele,question,qhttps://en.wikinews.org/wiki/US_helicopter_with_17_on_board_believed_to_have_been_shot_down_in_Afghanistan:1,zh,7,14,0
belebele,question,qhttps://en.wikinews.org/wiki/US_officials_flood_Grand_Canyon_to_restore_ecosystem:1,zh,8,15,0
belebele,question,qhttps://en.wikinews.org/wiki/United_States_warns_of_suicide_attacks_in_Kenya_and_Ethiopia:1,zh,14,25,0
belebele,question,qhttps://en.wikinews.org/wiki/War_between_top_lawyers_in_Greece:1,zh,5,9,0
belebele,question,qhttps://en.wikinews.org/wiki/West_Indies_wins_the_third_match_of_the_cricket_series_against_India:1,zh,8,10,0
belebele,question,qhttps://en.wikinews.org/wiki/Wikimedia_Foundation_addresses_controversial_content_conflict:1,zh,11,20,0
belebele,question,qhttps://en.wikinews.org/wiki/Women%E2%80%99s_boxing_to_be_included_in_the_2012_Olympics_for_the_first_time:1,zh,13,21,0
belebele,question,qhttps://en.wikinews.org/wiki/Young_motorcycle_racer_Peter_Lenz_dies_in_race_crash_aged_13:1,zh,9,15,0
belebele,question,qhttps://en.wikivoyage.org/wiki/Advice_for_nervous_flyers:1,zh,14,30,0
belebele,question,qhttps://en.wikivoyage.org/wiki/Aggregators:1,zh,15,27,0
belebele,question,qhttps://en.wikivoyage.org/wiki/Air_courier:1,zh,9,14,0
belebele,question,qhttps://en.wikivoyage.org/wiki/Airline_alliances:1,zh,20,39,0
belebele,question,qhttps://en.wikivoyage.org/wiki/Alcoholic_beverages:1,zh,13,21,0
belebele,question,qhttps://en.wikivoyage.org/wiki/Amsterdam/Canal_District:1,zh,9,17,0
belebele,question,qhttps://en.wikivoyage.org/wiki/Angkor_Archaeological_Park:1,zh,15,23,0
belebele,question,qhttps://en.wikivoyage.org/wiki/Antarctica:1,zh,14,26,0
belebele,question,qhttps://en.wikivoyage.org/wiki/Astronomy:1,zh,10,16,0
belebele,question,qhttps://en.wikivoyage.org/wiki/Auckland:1,zh,11,21,0
belebele,question,qhttps://en.wikivoyage.org/wiki/Auschwitz-Birkenau:1,zh,14,27,0
belebele,question,qhttps://en.wikivoyage.org/wiki/Auxiliary_languages:1,zh,6,11,0
belebele,question,qhttps://en.wikivoyage.org/wiki/Baltic_Sea_ferries:1,zh,15,26,0
belebele,question,qhttps://en.wikivoyage.org/wiki/Barcelona:1,zh,17,27,0
belebele,question,qhttps://en.wikivoyage.org/wiki/Bed_and_breakfasts:1,zh,13,26,0
belebele,question,qhttps://en.wikivoyage.org/wiki/Beijing_2022:1,zh,18,27,0
belebele,question,qhttps://en.wikivoyage.org/wiki/Birdwatching:1,zh,5,10,0
belebele,question,qhttps://en.wikivoyage.org/wiki/Boating_on_the_Baltic_Sea:2,zh,6,10,0
belebele,question,qhttps://en.wikivoyage.org/wiki/Border_crossing:1,zh,17,30,0
belebele,question,qhttps://en.wikivoyage.org/wiki/Botanical_tourism_in_Singapore:1,zh,12,23,0
belebele,question,qhttps://en.wikivoyage.org/wiki/Bread_and_confectionery:1,zh,8,13,0
belebele,question,qhttps://en.wikivoyage.org/wiki/Budget_travel:1,zh,11,19,0
belebele,question,qhttps://en.wikivoyage.org/wiki/Buffalo-Pittsburgh_Highway:1,zh,17,29,0
belebele,question,qhttps://en.wikivoyage.org/wiki/Canyoning:1,zh,9,18,0
belebele,question,qhttps://en.wikivoyage.org/wiki/Car_camping:1,zh,14,27,0
belebele,question,qhttps://en.wikivoyage.org/wiki/Casablanca:1,zh,13,20,0
belebele,question,qhttps://en.wikivoyage.org/wiki/Cascais:1,zh,12,24,0
belebele,question,qhttps://en.wikivoyage.org/wiki/Caucasus:1,zh,7,11,0
belebele,question,qhttps://en.wikivoyage.org/wiki/Charlotte_with_children:1,zh,11,21,0
belebele,question,qhttps://en.wikivoyage.org/wiki/Chile:1,zh,11,19,0
belebele,question,qhttps://en.wikivoyage.org/wiki/Cinque_Terre:1,zh,11,20,0
belebele,question,qhttps://en.wikivoyage.org/wiki/Cold_weather:1,zh,16,27,0
belebele,question,qhttps://en.wikivoyage.org/wiki/Cook_Islands:1,zh,12,21,0
belebele,question,qhttps://en.wikivoyage.org/wiki/Corcovado_National_Park:1,zh,10,16,0
belebele,question,qhttps://en.wikivoyage.org/wiki/Cross_country_skiing:1,zh,14,24,0
belebele,question,qhttps://en.wikivoyage.org/wiki/Culture_shock:1,zh,9,18,0
belebele,question,qhttps://en.wikivoyage.org/wiki/Dangerous_animals:1,zh,11,17,0
belebele,question,qhttps://en.wikivoyage.org/wiki/Deserts:1,zh,14,26,0
belebele,question,qhttps://en.wikivoyage.org/wiki/Dominican_Republic:1,zh,16,30,0
belebele,question,qhttps://en.wikivoyage.org/wiki/Downhill_snowsports:1,zh,12,23,0
belebele,question,qhttps://en.wikivoyage.org/wiki/East_African_Islands:1,zh,11,19,0
belebele,question,qhttps://en.wikivoyage.org/wiki/Easter_travel:1,zh,13,24,0
belebele,question,qhttps://en.wikivoyage.org/wiki/Ecuador:1,zh,17,30,0
belebele,question,qhttps://en.wikivoyage.org/wiki/Eye_care:1,zh,11,20,0
belebele,question,qhttps://en.wikivoyage.org/wiki/Falkland_Islands:1,zh,13,24,0
belebele,question,qhttps://en.wikivoyage.org/wiki/Festivals_of_Kerala:1,zh,10,19,0
belebele,question,qhttps://en.wikivoyage.org/wiki/First_and_business_class_flights:1,zh,19,33,0
belebele,question,qhttps://en.wikivoyage.org/wiki/Flying_to_Africa:1,zh,16,28,0
belebele,question,qhttps://en.wikivoyage.org/wiki/Food_and_drink:1,zh,11,23,0
belebele,question,qhttps://en.wikivoyage.org/wiki/French_phrasebook:1,zh,11,22,0
belebele,question,qhttps://en.wikivoyage.org/wiki/Funeral_travel:1,zh,11,19,0
belebele,question,qhttps://en.wikivoyage.org/wiki/GPS_navigation:1,zh,14,31,0
belebele,question,qhttps://en.wikivoyage.org/wiki/Galapagos_Islands:1,zh,12,23,0
belebele,question,qhttps://en.wikivoyage.org/wiki/Gambling:1,zh,15,27,0
belebele,question,qhttps://en.wikivoyage.org/wiki/German_phrasebook:1,zh,12,20,0
belebele,question,qhttps://en.wikivoyage.org/wiki/Gestures:1,zh,12,22,0
belebele,question,qhttps://en.wikivoyage.org/wiki/Glaciers:1,zh,10,18,0
belebele,question,qhttps://en.wikivoyage.org/wiki/Goma:1,zh,16,32,0
belebele,question,qhttps://en.wikivoyage.org/wiki/Grand_Canyon:1,zh,16,33,0
belebele,question,qhttps://en.wikivoyage.org/wiki/Grand_old_hotels:1,zh,10,21,0
belebele,question,qhttps://en.wikivoyage.org/wiki/Greenland:1,zh,15,22,0
belebele,question,qhttps://en.wikivoyage.org/wiki/Guanajuato:1,zh,8,14,0
belebele,question,qhttps://en.wikivoyage.org/wiki/Hiking:1,zh,14,28,0
belebele,question,qhttps://en.wikivoyage.org/wiki/Hiking_destinations_in_Norway:1,zh,17,25,0
belebele,question,qhttps://en.wikivoyage.org/wiki/Hill_stations_in_India:1,zh,11,23,0
belebele,question,qhttps://en.wikivoyage.org/wiki/Hitchhiking_boats:1,zh,11,24,0
belebele,question,qhttps://en.wikivoyage.org/wiki/Hong_Kong:1,zh,11,21,0
belebele,question,qhttps://en.wikivoyage.org/wiki/Horse_riding:1,zh,18,27,0
belebele,question,qhttps://en.wikivoyage.org/wiki/Hospitality_exchange:1,zh,9,16,0
belebele,question,qhttps://en.wikivoyage.org/wiki/Hostels:1,zh,14,29,0
belebele,question,qhttps://en.wikivoyage.org/wiki/Indigenous_Australian_culture:1,zh,14,24,0
belebele,question,qhttps://en.wikivoyage.org/wiki/Indonesian_cuisine:1,zh,7,12,0
belebele,question,qhttps://en.wikivoyage.org/wiki/Infectious_diseases:1,zh,9,17,0
belebele,question,qhttps://en.wikivoyage.org/wiki/Internet_access:1,zh,16,36,0
belebele,question,qhttps://en.wikivoyage.org/wiki/Internet_telephony:1,zh,10,23,0
belebele,question,qhttps://en.wikivoyage.org/wiki/Italian_phrasebook:1,zh,11,22,0
belebele,question,qhttps://en.wikivoyage.org/wiki/Izmir:1,zh,11,19,0
belebele,question,qhttps://en.wikivoyage.org/wiki/Japan%27s_Top_100_Cherry_Blossom_Spots:1,zh,9,14,0
belebele,question,qhttps://en.wikivoyage.org/wiki/Jerusalem:1,zh,17,29,0
belebele,question,qhttps://en.wikivoyage.org/wiki/Kruger_National_Park:1,zh,15,25,0
belebele,question,qhttps://en.wikivoyage.org/wiki/Machu_Picchu:1,zh,16,25,0
belebele,question,qhttps://en.wikivoyage.org/wiki/Mallorca:1,zh,15,25,0
belebele,question,qhttps://en.wikivoyage.org/wiki/Maori_culture:1,zh,15,33,0
belebele,question,qhttps://en.wikivoyage.org/wiki/Meteora:1,zh,12,22,0
belebele,question,qhttps://en.wikivoyage.org/wiki/Midnight_sun:1,zh,12,23,0
belebele,question,qhttps://en.wikivoyage.org/wiki/Mobile_phones:1,zh,7,15,0
belebele,question,qhttps://en.wikivoyage.org/wiki/Moldova:1,zh,13,23,0
belebele,question,qhttps://en.wikivoyage.org/wiki/Montevideo:1,zh,22,35,0
belebele,question,qhttps://en.wikivoyage.org/wiki/Murals_and_graffiti:2,zh,16,29,0
belebele,question,qhttps://en.wikivoyage.org/wiki/Music_festival_circuit:1,zh,12,25,0
belebele,question,qhttps://en.wikivoyage.org/wiki/New_Mexico_Pueblos:1,zh,19,31,0
belebele,question,qhttps://en.wikivoyage.org/wiki/Noum%C3%A9a:1,zh,8,18,0
belebele,question,qhttps://en.wikivoyage.org/wiki/Paraguay:1,zh,11,21,0
belebele,question,qhttps://en.wikivoyage.org/wiki/Paris:1,zh,15,26,0
belebele,question,qhttps://en.wikivoyage.org/wiki/Past_events/Wikimania_2018_Cape_Town_Guidebook:1,zh,11,24,0
belebele,question,qhttps://en.wikivoyage.org/wiki/Pests:1,zh,8,16,0
belebele,question,qhttps://en.wikivoyage.org/wiki/Phone_service:1,zh,8,14,0
belebele,question,qhttps://en.wikivoyage.org/wiki/Plitvice_Lakes_National_Park:1,zh,18,29,0
belebele,question,qhttps://en.wikivoyage.org/wiki/Regional_coding:1,zh,10,19,0
belebele,question,qhttps://en.wikivoyage.org/wiki/Returning_home:1,zh,10,18,0
belebele,question,qhttps://en.wikivoyage.org/wiki/Rock_climbing:1,zh,20,34,0
belebele,question,qhttps://en.wikivoyage.org/wiki/Round_the_world_flights:1,zh,13,25,0
belebele,question,qhttps://en.wikivoyage.org/wiki/Running:1,zh,9,16,0
belebele,question,qhttps://en.wikivoyage.org/wiki/Safaris:1,zh,12,23,0
belebele,question,qhttps://en.wikivoyage.org/wiki/Salar_de_Uyuni:1,zh,10,20,0
belebele,question,qhttps://en.wikivoyage.org/wiki/San_Francisco:1,zh,11,23,0
belebele,question,qhttps://en.wikivoyage.org/wiki/Sleep:1,zh,17,35,0
belebele,question,qhttps://en.wikivoyage.org/wiki/Smartphone_apps_for_travellers:1,zh,12,22,0
belebele,question,qhttps://en.wikivoyage.org/wiki/Snow_safety:1,zh,9,14,0
belebele,question,qhttps://en.wikivoyage.org/wiki/South_Asian_cuisine:1,zh,9,18,0
belebele,question,qhttps://en.wikivoyage.org/wiki/South_Pole:1,zh,10,18,0
belebele,question,qhttps://en.wikivoyage.org/wiki/Southern_Africa:1,zh,13,25,0
belebele,question,qhttps://en.wikivoyage.org/wiki/Stay_safe:1,zh,15,26,0
belebele,question,qhttps://en.wikivoyage.org/wiki/Staycation:1,zh,12,28,0
belebele,question,qhttps://en.wikivoyage.org/wiki/Streymoy:1,zh,5,9,0
belebele,question,qhttps://en.wikivoyage.org/wiki/Studying_abroad:1,zh,9,23,0
belebele,question,qhttps://en.wikivoyage.org/wiki/Subtropical_rainforests:1,zh,6,15,0
belebele,question,qhttps://en.wikivoyage.org/wiki/Sundarbans_National_Park:1,zh,16,27,0
belebele,question,qhttps://en.wikivoyage.org/wiki/Talk:1,zh,17,30,0
belebele,question,qhttps://en.wikivoyage.org/wiki/Thimphu:1,zh,19,37,0
belebele,question,qhttps://en.wikivoyage.org/wiki/Timbuktu:1,zh,10,17,0
belebele,question,qhttps://en.wikivoyage.org/wiki/Tokyo_2020:1,zh,8,16,0
belebele,question,qhttps://en.wikivoyage.org/wiki/Tornado_safety:1,zh,13,20,0
belebele,question,qhttps://en.wikivoyage.org/wiki/Travel_advisories:1,zh,16,33,0
belebele,question,qhttps://en.wikivoyage.org/wiki/Travel_agencies:1,zh,14,27,0
belebele,question,qhttps://en.wikivoyage.org/wiki/Travel_basics:1,zh,12,25,0
belebele,question,qhttps://en.wikivoyage.org/wiki/Travel_in_developing_countries:1,zh,12,23,0
belebele,question,qhttps://en.wikivoyage.org/wiki/Travel_insurance:1,zh,20,39,0
belebele,question,qhttps://en.wikivoyage.org/wiki/Travel_photography/Film:1,zh,13,25,0
belebele,question,qhttps://en.wikivoyage.org/wiki/Travel_writing:1,zh,16,28,0
belebele,question,qhttps://en.wikivoyage.org/wiki/Travellers%27_diarrhea:1,zh,11,17,0
belebele,question,qhttps://en.wikivoyage.org/wiki/Travelling_around_the_Schengen_Area:1,zh,8,14,0
belebele,question,qhttps://en.wikivoyage.org/wiki/Valley_of_the_Kings:1,zh,10,14,0
belebele,question,qhttps://en.wikivoyage.org/wiki/Vancouver:1,zh,16,31,0
belebele,question,qhttps://en.wikivoyage.org/wiki/Victoria_Falls:1,zh,19,36,0
belebele,question,qhttps://en.wikivoyage.org/wiki/Video_recording:1,zh,12,24,0
belebele,question,qhttps://en.wikivoyage.org/wiki/Visa:1,zh,16,29,0
belebele,question,qhttps://en.wikivoyage.org/wiki/Volunteer_travel:1,zh,9,17,0
belebele,question,qhttps://en.wikivoyage.org/wiki/Walt_Disney_World:1,zh,21,37,0
belebele,question,qhttps://en.wikivoyage.org/wiki/War_zone_safety:1,zh,18,33,0
belebele,question,qhttps://en.wikivoyage.org/wiki/Water:1,zh,13,24,0
belebele,question,qhttps://en.wikivoyage.org/wiki/Water_safety:1,zh,17,32,0
belebele,question,qhttps://en.wikivoyage.org/wiki/Waterways:1,zh,16,30,0
belebele,question,qhttps://en.wikivoyage.org/wiki/West_Africa:1,zh,14,30,0
belebele,question,qhttps://en.wikivoyage.org/wiki/Wildlife_photography:1,zh,13,29,0
belebele,question,qhttps://en.wikivoyage.org/wiki/Winter_driving:1,zh,16,25,0
belebele,question,qhttps://en.wikivoyage.org/wiki/Working_abroad:1,zh,12,26,0
belebele,question,qhttps://en.wikivoyage.org/wiki/World%27s_Fair:1,zh,10,18,0
belebele,question,qhttps://en.wikivoyage.org/wiki/Yellowstone_National_Park:1,zh,9,20,0
mgsm,question,1,en,65,280,52
mgsm,question,2,en,26,105,22
mgsm,question,3,en,57,181,35
mgsm,question,4,en,35,121,25
mgsm,question,5,en,111,471,87
mgsm,question,6,en,55,203,41
mgsm,question,7,en,41,187,32
mgsm,question,8,en,70,287,51
mgsm,question,9,en,104,406,82
mgsm,question,10,en,60,225,44
mgsm,question,11,en,60,268,51
mgsm,question,12,en,65,239,45
mgsm,question,13,en,67,256,53
mgsm,question,14,en,58,237,46
mgsm,question,15,en,52,219,37
mgsm,question,16,en,94,397,69
mgsm,question,17,en,53,222,38
mgsm,question,18,en,58,189,41
mgsm,question,19,en,29,106,21
mgsm,question,20,en,65,255,51
mgsm,question,21,en,63,242,49
mgsm,question,22,en,46,177,34
mgsm,question,23,en,55,210,41
mgsm,question,24,en,40,142,27
mgsm,question,25,en,39,147,26
mgsm,question,26,en,67,230,46
mgsm,question,27,en,69,230,45
mgsm,question,28,en,57,207,41
mgsm,question,29,en,50,205,39
mgsm,question,30,en,69,311,60
mgsm,question,31,en,39,122,24
mgsm,question,32,en,63,237,49
mgsm,question,33,en,41,157,33
mgsm,question,34,en,31,111,20
mgsm,question,35,en,41,154,28
mgsm,question,36,en,52,173,33
mgsm,question,37,en,42,127,26
mgsm,question,38,en,63,222,49
mgsm,question,39,en,44,148,34
mgsm,question,40,en,73,301,65
mgsm,question,41,en,44,167,31
mgsm,question,42,en,127,545,95
mgsm,question,43,en,82,342,65
mgsm,question,44,en,61,218,41
mgsm,question,45,en,77,259,48
mgsm,question,46,en,94,443,79
mgsm,question,47,en,94,373,70
mgsm,question,48,en,50,169,36
mgsm,question,49,en,37,154,31
mgsm,question,50,en,43,181,31
mgsm,question,51,en,37,139,29
mgsm,question,52,en,49,156,36
mgsm,question,53,en,62,224,45
mgsm,question,54,en,100,437,78
mgsm,question,55,en,81,356,63
mgsm,question,56,en,50,157,29
mgsm,question,57,en,45,168,37
mgsm,question,58,en,77,337,60
mgsm,question,59,en,84,311,55
mgsm,question,60,en,32,137,24
mgsm,question,61,en,38,127,26
mgsm,question,62,en,62,211,42
mgsm,question,63,en,68,245,46
mgsm,question,64,en,69,317,59
mgsm,question,65,en,93,373,79
mgsm,question,66,en,47,178,39
mgsm,question,67,en,58,273,50
mgsm,question,68,en,54,219,39
mgsm,question,69,en,37,144,28
mgsm,question,70,en,52,194,40
mgsm,question,71,en,53,190,36
mgsm,question,72,en,44,216,37
mgsm,question,73,en,50,192,35
mgsm,question,74,en,45,166,31
mgsm,question,75,en,123,415,77
mgsm,question,76,en,66,297,55
mgsm,question,77,en,86,331,70
mgsm,question,78,en,45,203,38
mgsm,question,79,en,43,148,31
mgsm,question,80,en,48,169,32
mgsm,question,81,en,35,119,26
mgsm,question,82,en,59,242,46
mgsm,question,83,en,30,125,22
mgsm,question,84,en,32,111,22
mgsm,question,85,en,24,87,18
mgsm,question,86,en,83,347,70
mgsm,question,87,en,88,370,78
mgsm,question,88,en,79,346,64
mgsm,question,89,en,38,134,23
mgsm,question,90,en,50,193,35
mgsm,question,91,en,86,357,72
mgsm,question,92,en,36,149,30
mgsm,question,93,en,51,189,38
mgsm,question,94,en,84,309,54
mgsm,question,95,en,51,222,44
mgsm,question,96,en,42,131,29
mgsm,question,97,en,32,132,25
mgsm,question,98,en,54,235,41
mgsm,question,99,en,96,388,76
mgsm,question,100,en,82,356,63
mgsm,question,101,en,95,398,71
mgsm,question,102,en,77,312,60
mgsm,question,103,en,65,281,55
mgsm,question,104,en,64,259,54
mgsm,question,105,en,48,192,36
mgsm,question,106,en,30,122,24
mgsm,question,107,en,44,141,31
mgsm,question,108,en,115,475,86
mgsm,question,109,en,80,336,67
mgsm,question,110,en,61,231,44
mgsm,question,111,en,87,353,65
mgsm,question,112,en,70,298,59
mgsm,question,113,en,62,278,51
mgsm,question,114,en,30,106,23
mgsm,question,115,en,81,344,61
mgsm,question,116,en,93,335,70
mgsm,question,117,en,52,203,39
mgsm,question,118,en,30,97,21
mgsm,question,119,en,73,354,59
mgsm,question,120,en,83,335,55
mgsm,question,121,en,41,152,33
mgsm,question,122,en,53,220,39
mgsm,question,123,en,61,255,50
mgsm,question,124,en,37,122,27
mgsm,question,125,en,70,296,54
mgsm,question,126,en,117,465,90
mgsm,question,127,en,49,198,35
mgsm,question,128,en,35,144,27
mgsm,question,129,en,85,331,59
mgsm,question,130,en,63,245,45
mgsm,question,131,en,54,232,42
mgsm,question,132,en,34,138,25
mgsm,question,133,en,58,224,46
mgsm,question,134,en,46,194,36
mgsm,question,135,en,28,90,21
mgsm,question,136,en,46,184,36
mgsm,question,137,en,44,185,32
mgsm,question,138,en,75,225,45
mgsm,question,139,en,73,309,59
mgsm,question,140,en,46,169,33
mgsm,question,141,en,39,157,27
mgsm,question,142,en,40,158,32
mgsm,question,143,en,46,197,39
mgsm,question,144,en,57,201,40
mgsm,question,145,en,133,615,110
mgsm,question,146,en,48,180,31
mgsm,question,147,en,82,302,62
mgsm,question,148,en,125,485,104
mgsm,question,149,en,67,262,50
mgsm,question,150,en,41,203,35
mgsm,question,151,en,93,394,78
mgsm,question,152,en,91,399,74
mgsm,question,153,en,41,161,31
mgsm,question,154,en,103,461,85
mgsm,question,155,en,71,273,45
mgsm,question,156,en,73,248,48
mgsm,question,157,en,74,275,53
mgsm,question,158,en,103,401,82
mgsm,question,159,en,51,194,37
mgsm,question,160,en,59,207,43
mgsm,question,161,en,55,216,45
mgsm,question,162,en,72,255,46
mgsm,question,163,en,42,154,31
mgsm,question,164,en,56,202,43
mgsm,question,165,en,68,291,53
mgsm,question,166,en,117,450,88
mgsm,question,167,en,60,250,46
mgsm,question,168,en,30,94,22
mgsm,question,169,en,27,98,20
mgsm,question,170,en,31,110,23
mgsm,question,171,en,55,248,48
mgsm,question,172,en,56,201,38
mgsm,question,173,en,62,256,51
mgsm,question,174,en,78,299,55
mgsm,question,175,en,99,436,85
mgsm,question,176,en,65,241,47
mgsm,question,177,en,45,162,33
mgsm,question,178,en,93,355,66
mgsm,question,179,en,42,147,29
mgsm,question,180,en,43,159,33
mgsm,question,181,en,49,214,39
mgsm,question,182,en,95,423,73
mgsm,question,183,en,36,124,27
mgsm,question,184,en,134,561,102
mgsm,question,185,en,41,172,34
mgsm,question,186,en,40,169,33
mgsm,question,187,en,116,493,96
mgsm,question,188,en,40,151,29
mgsm,question,189,en,69,261,57
mgsm,question,190,en,68,252,50
mgsm,question,191,en,29,105,19
mgsm,question,192,en,37,144,30
mgsm,question,193,en,55,173,36
mgsm,question,194,en,121,537,90
mgsm,question,195,en,41,158,29
mgsm,question,196,en,40,127,26
mgsm,question,197,en,41,176,33
mgsm,question,198,en,52,179,34
mgsm,question,199,en,76,361,63
mgsm,question,200,en,78,346,64
mgsm,question,201,en,51,196,39
mgsm,question,202,en,70,239,53
mgsm,question,203,en,49,192,37
mgsm,question,204,en,96,402,81
mgsm,question,205,en,60,207,47
mgsm,question,206,en,87,299,59
mgsm,question,207,en,78,292,60
mgsm,question,208,en,56,220,40
mgsm,question,209,en,61,282,55
mgsm,question,210,en,37,141,27
mgsm,question,211,en,101,402,77
mgsm,question,212,en,56,237,46
mgsm,question,213,en,46,177,35
mgsm,question,214,en,61,247,46
mgsm,question,215,en,62,256,51
mgsm,question,216,en,60,192,38
mgsm,question,217,en,54,189,36
mgsm,question,218,en,33,128,27
mgsm,question,219,en,44,170,34
mgsm,question,220,en,58,222,43
mgsm,question,221,en,49,217,39
mgsm,question,222,en,61,245,50
mgsm,question,223,en,29,100,17
mgsm,question,224,en,45,199,35
mgsm,question,225,en,65,250,51
mgsm,question,226,en,57,257,53
mgsm,question,227,en,68,259,50
mgsm,question,228,en,115,349,67
mgsm,question,229,en,55,230,43
mgsm,question,230,en,87,345,63
mgsm,question,231,en,61,198,39
mgsm,question,232,en,57,255,45
mgsm,question,233,en,40,169,34
mgsm,question,234,en,52,200,35
mgsm,question,235,en,52,223,43
mgsm,question,236,en,56,222,42
mgsm,question,237,en,59,240,53
mgsm,question,238,en,45,166,34
mgsm,question,239,en,39,146,31
mgsm,question,240,en,88,344,69
mgsm,question,241,en,36,152,29
mgsm,question,242,en,38,164,31
mgsm,question,243,en,67,237,49
mgsm,question,244,en,63,230,46
mgsm,question,245,en,76,296,58
mgsm,question,246,en,65,279,52
mgsm,question,247,en,88,342,69
mgsm,question,248,en,75,320,55
mgsm,question,249,en,35,117,24
mgsm,question,250,en,66,256,51
mgsm,question,1,es,78,319,59
mgsm,question,2,es,31,118,23
mgsm,question,3,es,59,193,36
mgsm,question,4,es,36,152,26
mgsm,question,5,es,127,479,89
mgsm,question,6,es,54,209,37
mgsm,question,7,es,50,198,36
mgsm,question,8,es,81,322,54
mgsm,question,9,es,110,439,88
mgsm,question,10,es,59,219,41
mgsm,question,11,es,67,267,51
mgsm,question,12,es,80,241,45
mgsm,question,13,es,67,226,42
mgsm,question,14,es,62,227,44
mgsm,question,15,es,68,248,46
mgsm,question,16,es,109,444,79
mgsm,question,17,es,61,221,40
mgsm,question,18,es,62,210,42
mgsm,question,19,es,36,133,23
mgsm,question,20,es,73,288,52
mgsm,question,21,es,72,263,47
mgsm,question,22,es,50,189,35
mgsm,question,23,es,58,227,40
mgsm,question,24,es,53,160,31
mgsm,question,25,es,41,153,29
mgsm,question,26,es,75,244,47
mgsm,question,27,es,80,259,46
mgsm,question,28,es,57,186,35
mgsm,question,29,es,59,224,39
mgsm,question,30,es,83,332,62
mgsm,question,31,es,44,138,29
mgsm,question,32,es,72,265,53
mgsm,question,33,es,40,157,30
mgsm,question,34,es,36,107,19
mgsm,question,35,es,48,153,28
mgsm,question,36,es,51,170,32
mgsm,question,37,es,38,117,22
mgsm,question,38,es,68,238,43
mgsm,question,39,es,43,157,33
mgsm,question,40,es,75,312,59
mgsm,question,41,es,53,207,43
mgsm,question,42,es,148,579,106
mgsm,question,43,es,99,369,64
mgsm,question,44,es,73,236,41
mgsm,question,45,es,87,270,50
mgsm,question,46,es,105,503,86
mgsm,question,47,es,99,357,67
mgsm,question,48,es,66,210,37
mgsm,question,49,es,51,172,33
mgsm,question,50,es,49,202,35
mgsm,question,51,es,45,154,30
mgsm,question,52,es,58,182,37
mgsm,question,53,es,80,277,48
mgsm,question,54,es,120,458,74
mgsm,question,55,es,104,398,67
mgsm,question,56,es,52,157,28
mgsm,question,57,es,46,166,32
mgsm,question,58,es,94,332,63
mgsm,question,59,es,103,379,70
mgsm,question,60,es,47,152,25
mgsm,question,61,es,56,176,35
mgsm,question,62,es,59,191,35
mgsm,question,63,es,73,236,46
mgsm,question,64,es,78,314,63
mgsm,question,65,es,104,435,76
mgsm,question,66,es,52,206,40
mgsm,question,67,es,70,324,51
mgsm,question,68,es,65,207,36
mgsm,question,69,es,39,138,27
mgsm,question,70,es,48,198,34
mgsm,question,71,es,57,182,36
mgsm,question,72,es,43,209,33
mgsm,question,73,es,63,213,37
mgsm,question,74,es,52,175,32
mgsm,question,75,es,141,472,80
mgsm,question,76,es,86,388,70
mgsm,question,77,es,102,432,75
mgsm,question,78,es,50,195,40
mgsm,question,79,es,47,153,29
mgsm,question,80,es,57,179,32
mgsm,question,81,es,41,136,25
mgsm,question,82,es,80,275,47
mgsm,question,83,es,38,121,23
mgsm,question,84,es,37,106,19
mgsm,question,85,es,29,101,18
mgsm,question,86,es,93,371,66
mgsm,question,87,es,94,372,70
mgsm,question,88,es,83,365,69
mgsm,question,89,es,41,130,23
mgsm,question,90,es,59,216,36
mgsm,question,91,es,92,332,61
mgsm,question,92,es,36,162,27
mgsm,question,93,es,55,195,39
mgsm,question,94,es,77,312,55
mgsm,question,95,es,59,233,42
mgsm,question,96,es,52,167,31
mgsm,question,97,es,42,126,23
mgsm,question,98,es,67,248,44
mgsm,question,99,es,106,399,66
mgsm,question,100,es,93,348,65
mgsm,question,101,es,97,332,63
mgsm,question,102,es,76,298,55
mgsm,question,103,es,76,301,61
mgsm,question,104,es,73,279,51
mgsm,question,105,es,57,209,34
mgsm,question,106,es,35,114,20
mgsm,question,107,es,45,169,32
mgsm,question,108,es,128,504,92
mgsm,question,109,es,103,372,66
mgsm,question,110,es,71,278,46
mgsm,question,111,es,101,421,70
mgsm,question,112,es,74,299,53
mgsm,question,113,es,68,241,48
mgsm,question,114,es,30,102,20
mgsm,question,115,es,97,420,76
mgsm,question,116,es,101,332,68
mgsm,question,117,es,61,209,38
mgsm,question,118,es,30,95,19
mgsm,question,119,es,96,395,65
mgsm,question,120,es,97,344,68
mgsm,question,121,es,35,112,21
mgsm,question,122,es,66,211,38
mgsm,question,123,es,65,239,45
mgsm,question,124,es,41,136,25
mgsm,question,125,es,86,348,61
mgsm,question,126,es,121,477,85
mgsm,question,127,es,68,229,37
mgsm,question,128,es,39,140,26
mgsm,question,129,es,92,344,63
mgsm,question,130,es,68,263,48
mgsm,question,131,es,83,334,54
mgsm,question,132,es,32,98,19
mgsm,question,133,es,75,250,47
mgsm,question,134,es,60,187,32
mgsm,question,135,es,29,94,20
mgsm,question,136,es,63,232,39
mgsm,question,137,es,55,185,30
mgsm,question,138,es,105,335,62
mgsm,question,139,es,75,287,52
mgsm,question,140,es,53,178,34
mgsm,question,141,es,48,196,28
mgsm,question,142,es,52,170,32
mgsm,question,143,es,53,217,38
mgsm,question,144,es,66,250,45
mgsm,question,145,es,164,688,119
mgsm,question,146,es,53,163,30
mgsm,question,147,es,82,299,55
mgsm,question,148,es,151,568,108
mgsm,question,149,es,74,267,52
mgsm,question,150,es,44,208,35
mgsm,question,151,es,117,457,91
mgsm,question,152,es,113,440,75
mgsm,question,153,es,50,172,28
mgsm,question,154,es,141,526,90
mgsm,question,155,es,64,253,46
mgsm,question,156,es,84,296,51
mgsm,question,157,es,82,305,51
mgsm,question,158,es,112,438,84
mgsm,question,159,es,62,205,36
mgsm,question,160,es,65,235,42
mgsm,question,161,es,61,242,46
mgsm,question,162,es,83,271,50
mgsm,question,163,es,44,157,30
mgsm,question,164,es,75,251,42
mgsm,question,165,es,70,292,50
mgsm,question,166,es,129,469,81
mgsm,question,167,es,74,280,54
mgsm,question,168,es,33,107,22
mgsm,question,169,es,30,105,20
mgsm,question,170,es,39,117,21
mgsm,question,171,es,65,274,48
mgsm,question,172,es,67,194,37
mgsm,question,173,es,61,258,50
mgsm,question,174,es,86,323,64
mgsm,question,175,es,112,447,82
mgsm,question,176,es,73,219,41
mgsm,question,177,es,50,166,32
mgsm,question,178,es,102,373,70
mgsm,question,179,es,52,169,30
mgsm,question,180,es,44,195,32
mgsm,question,181,es,58,230,44
mgsm,question,182,es,119,459,80
mgsm,question,183,es,42,144,31
mgsm,question,184,es,155,640,112
mgsm,question,185,es,41,160,28
mgsm,question,186,es,55,186,31
mgsm,question,187,es,153,516,100
mgsm,question,188,es,42,144,26
mgsm,question,189,es,77,273,50
mgsm,question,190,es,73,265,44
mgsm,question,191,es,29,100,15
mgsm,question,192,es,43,158,26
mgsm,question,193,es,51,166,31
mgsm,question,194,es,150,592,103
mgsm,question,195,es,41,149,23
mgsm,question,196,es,56,160,28
mgsm,question,197,es,53,183,28
mgsm,question,198,es,53,175,31
mgsm,question,199,es,76,319,60
mgsm,question,200,es,99,388,70
mgsm,question,201,es,59,185,37
mgsm,question,202,es,70,260,52
mgsm,question,203,es,58,196,37
mgsm,question,204,es,120,425,81
mgsm,question,205,es,87,255,43
mgsm,question,206,es,94,337,63
mgsm,question,207,es,78,321,57
mgsm,question,208,es,73,251,47
mgsm,question,209,es,73,288,54
mgsm,question,210,es,51,181,34
mgsm,question,211,es,114,418,80
mgsm,question,212,es,69,246,42
mgsm,question,213,es,53,168,31
mgsm,question,214,es,69,265,48
mgsm,question,215,es,74,326,57
mgsm,question,216,es,61,210,37
mgsm,question,217,es,56,188,35
mgsm,question,218,es,40,109,23
mgsm,question,219,es,46,178,37
mgsm,question,220,es,68,226,43
mgsm,question,221,es,51,183,32
mgsm,question,222,es,71,258,49
mgsm,question,223,es,30,90,15
mgsm,question,224,es,50,208,39
mgsm,question,225,es,74,258,51
mgsm,question,226,es,60,283,50
mgsm,question,227,es,80,281,55
mgsm,question,228,es,119,387,70
mgsm,question,229,es,67,255,42
mgsm,question,230,es,98,378,66
mgsm,question,231,es,64,216,41
mgsm,question,232,es,66,247,46
mgsm,question,233,es,53,183,34
mgsm,question,234,es,55,200,35
mgsm,question,235,es,49,210,37
mgsm,question,236,es,57,229,40
mgsm,question,237,es,78,301,49
mgsm,question,238,es,47,153,30
mgsm,question,239,es,40,145,28
mgsm,question,240,es,99,381,72
mgsm,question,241,es,41,157,27
mgsm,question,242,es,39,160,27
mgsm,question,243,es,69,280,49
mgsm,question,244,es,70,264,50
mgsm,question,245,es,93,324,61
mgsm,question,246,es,75,272,50
mgsm,question,247,es,99,386,69
mgsm,question,248,es,93,366,63
mgsm,question,249,es,45,129,23
mgsm,question,250,es,83,273,51
mgsm,question,1,zh,59,89,0
mgsm,question,2,zh,28,46,0
mgsm,question,3,zh,52,76,0
mgsm,question,4,zh,32,40,0
mgsm,question,5,zh,96,125,0
mgsm,question,6,zh,51,74,0
mgsm,question,7,zh,57,71,0
mgsm,question,8,zh,62,115,0
mgsm,question,9,zh,97,162,0
mgsm,question,10,zh,55,79,0
mgsm,question,11,zh,47,79,0
mgsm,question,12,zh,63,86,0
mgsm,question,13,zh,70,94,0
mgsm,question,14,zh,53,91,0
mgsm,question,15,zh,55,83,0
mgsm,question,16,zh,78,133,0
mgsm,question,17,zh,53,75,0
mgsm,question,18,zh,61,87,0
mgsm,question,19,zh,25,36,0
mgsm,question,20,zh,68,108,0
mgsm,question,21,zh,62,86,0
mgsm,question,22,zh,51,68,0
mgsm,question,23,zh,59,96,0
mgsm,question,24,zh,36,51,0
mgsm,question,25,zh,31,45,0
mgsm,question,26,zh,71,102,0
mgsm,question,27,zh,62,82,0
mgsm,question,28,zh,45,63,0
mgsm,question,29,zh,55,89,0
mgsm,question,30,zh,71,103,0
mgsm,question,31,zh,37,53,0
mgsm,question,32,zh,74,118,0
mgsm,question,33,zh,36,54,0
mgsm,question,34,zh,27,35,0
mgsm,question,35,zh,52,71,0
mgsm,question,36,zh,47,65,0
mgsm,question,37,zh,38,52,0
mgsm,question,38,zh,63,92,0
mgsm,question,39,zh,37,56,0
mgsm,question,40,zh,52,92,0
mgsm,question,41,zh,55,105,0
mgsm,question,42,zh,107,158,0
mgsm,question,43,zh,70,100,0
mgsm,question,44,zh,72,99,0
mgsm,question,45,zh,71,96,0
mgsm,question,46,zh,84,137,0
mgsm,question,47,zh,80,116,0
mgsm,question,48,zh,50,78,0
mgsm,question,49,zh,40,53,0
mgsm,question,50,zh,43,58,0
mgsm,question,51,zh,39,49,0
mgsm,question,52,zh,44,63,0
mgsm,question,53,zh,63,83,0
mgsm,question,54,zh,91,144,0
mgsm,question,55,zh,85,137,0
mgsm,question,56,zh,45,54,0
mgsm,question,57,zh,42,60,0
mgsm,question,58,zh,71,104,0
mgsm,question,59,zh,87,142,0
mgsm,question,60,zh,51,59,0
mgsm,question,61,zh,41,57,0
mgsm,question,62,zh,59,79,0
mgsm,question,63,zh,61,95,0
mgsm,question,64,zh,52,85,0
mgsm,question,65,zh,81,119,0
mgsm,question,66,zh,40,61,0
mgsm,question,67,zh,54,87,0
mgsm,question,68,zh,54,79,0
mgsm,question,69,zh,39,61,0
mgsm,question,70,zh,47,71,0
mgsm,question,71,zh,54,75,0
mgsm,question,72,zh,43,60,0
mgsm,question,73,zh,60,82,0
mgsm,question,74,zh,44,63,0
mgsm,question,75,zh,115,148,0
mgsm,question,76,zh,49,75,0
mgsm,question,77,zh,78,107,0
mgsm,question,78,zh,48,65,0
mgsm,question,79,zh,51,69,0
mgsm,question,80,zh,38,62,0
mgsm,question,81,zh,31,42,0
mgsm,question,82,zh,61,88,0
mgsm,question,83,zh,35,47,0
mgsm,question,84,zh,36,45,0
mgsm,question,85,zh,27,45,0
mgsm,question,86,zh,80,113,0
mgsm,question,87,zh,65,102,0
mgsm,question,88,zh,73,117,0
mgsm,question,89,zh,39,55,0
mgsm,question,90,zh,57,83,0
mgsm,question,91,zh,78,119,0
mgsm,question,92,zh,37,55,0
mgsm,question,93,zh,61,76,0
mgsm,question,94,zh,84,110,0
mgsm,question,95,zh,53,74,0
mgsm,question,96,zh,37,51,0
mgsm,question,97,zh,28,49,0
mgsm,question,98,zh,57,81,0
mgsm,question,99,zh,91,135,0
mgsm,question,100,zh,76,120,0
mgsm,question,101,zh,93,118,0
mgsm,question,102,zh,62,88,0
mgsm,question,103,zh,46,78,0
mgsm,question,104,zh,51,81,0
mgsm,question,105,zh,43,65,0
mgsm,question,106,zh,27,41,0
mgsm,question,107,zh,48,65,0
mgsm,question,108,zh,117,178,0
mgsm,question,109,zh,70,107,0
mgsm,question,110,zh,62,102,0
mgsm,question,111,zh,95,138,0
mgsm,question,112,zh,67,84,0
mgsm,question,113,zh,49,75,0
mgsm,question,114,zh,31,40,0
mgsm,question,115,zh,71,115,0
mgsm,question,116,zh,104,146,0
mgsm,question,117,zh,46,58,0
mgsm,question,118,zh,27,36,0
mgsm,question,119,zh,60,107,0
mgsm,question,120,zh,71,105,0
mgsm,question,121,zh,32,38,0
mgsm,question,122,zh,55,71,0
mgsm,question,123,zh,51,81,0
mgsm,question,124,zh,37,50,0
mgsm,question,125,zh,68,104,0
mgsm,question,126,zh,107,151,0
mgsm,question,127,zh,47,62,0
mgsm,question,128,zh,38,54,0
mgsm,question,129,zh,72,106,0
mgsm,question,130,zh,55,85,0
mgsm,question,131,zh,55,88,0
mgsm,question,132,zh,38,54,0
mgsm,question,133,zh,62,84,0
mgsm,question,134,zh,50,73,0
mgsm,question,135,zh,24,34,0
mgsm,question,136,zh,50,70,0
mgsm,question,137,zh,30,58,0
mgsm,question,138,zh,91,112,0
mgsm,question,139,zh,73,124,0
mgsm,question,140,zh,48,62,0
mgsm,question,141,zh,41,63,0
mgsm,question,142,zh,32,44,0
mgsm,question,143,zh,36,59,0
mgsm,question,144,zh,64,85,0
mgsm,question,145,zh,113,189,0
mgsm,question,146,zh,39,55,0
mgsm,question,147,zh,70,105,0
mgsm,question,148,zh,109,186,0
mgsm,question,149,zh,67,92,0
mgsm,question,150,zh,50,99,0
mgsm,question,151,zh,92,144,0
mgsm,question,152,zh,83,144,0
mgsm,question,153,zh,55,69,0
mgsm,question,154,zh,127,166,0
mgsm,question,155,zh,58,85,0
mgsm,question,156,zh,74,101,0
mgsm,question,157,zh,74,110,0
mgsm,question,158,zh,93,132,0
mgsm,question,159,zh,57,75,0
mgsm,question,160,zh,61,81,0
mgsm,question,161,zh,42,66,0
mgsm,question,162,zh,79,91,0
mgsm,question,163,zh,34,50,0
mgsm,question,164,zh,59,93,0
mgsm,question,165,zh,65,110,0
mgsm,question,166,zh,114,175,0
mgsm,question,167,zh,66,101,0
mgsm,question,168,zh,28,39,0
mgsm,question,169,zh,30,40,0
mgsm,question,170,zh,28,41,0
mgsm,question,171,zh,51,81,0
mgsm,question,172,zh,65,87,0
mgsm,question,173,zh,69,82,0
mgsm,question,174,zh,75,119,0
mgsm,question,175,zh,86,140,0
mgsm,question,176,zh,73,101,0
mgsm,question,177,zh,42,65,0
mgsm,question,178,zh,90,140,0
mgsm,question,179,zh,42,55,0
mgsm,question,180,zh,41,55,0
mgsm,question,181,zh,45,67,0
mgsm,question,182,zh,107,158,0
mgsm,question,183,zh,37,47,0
mgsm,question,184,zh,134,188,0
mgsm,question,185,zh,36,54,0
mgsm,question,186,zh,43,63,0
mgsm,question,187,zh,114,157,0
mgsm,question,188,zh,45,59,0
mgsm,question,189,zh,67,97,0
mgsm,question,190,zh,69,107,0
mgsm,question,191,zh,26,36,0
mgsm,question,192,zh,31,45,0
mgsm,question,193,zh,46,59,0
mgsm,question,194,zh,114,163,0
mgsm,question,195,zh,44,61,0
mgsm,question,196,zh,39,58,0
mgsm,question,197,zh,35,52,0
mgsm,question,198,zh,52,66,0
mgsm,question,199,zh,77,127,0
mgsm,question,200,zh,77,121,0
mgsm,question,201,zh,44,54,0
mgsm,question,202,zh,57,89,0
mgsm,question,203,zh,43,62,0
mgsm,question,204,zh,91,127,0
mgsm,question,205,zh,64,82,0
mgsm,question,206,zh,75,114,0
mgsm,question,207,zh,66,93,0
mgsm,question,208,zh,57,76,0
mgsm,question,209,zh,46,77,0
mgsm,question,210,zh,43,58,0
mgsm,question,211,zh,97,141,0
mgsm,question,212,zh,53,64,0
mgsm,question,213,zh,42,67,0
mgsm,question,214,zh,56,82,0
mgsm,question,215,zh,52,78,0
mgsm,question,216,zh,48,70,0
mgsm,question,217,zh,49,68,0
mgsm,question,218,zh,27,37,0
mgsm,question,219,zh,39,59,0
mgsm,question,220,zh,60,79,0
mgsm,question,221,zh,51,72,0
mgsm,question,222,zh,44,63,0
mgsm,question,223,zh,35,39,0
mgsm,question,224,zh,36,63,0
mgsm,question,225,zh,68,93,0
mgsm,question,226,zh,63,94,0
mgsm,question,227,zh,69,95,0
mgsm,question,228,zh,110,149,0
mgsm,question,229,zh,53,82,0
mgsm,question,230,zh,71,108,0
mgsm,question,231,zh,62,87,0
mgsm,question,232,zh,59,86,0
mgsm,question,233,zh,32,52,0
mgsm,question,234,zh,31,53,0
mgsm,question,235,zh,49,71,0
mgsm,question,236,zh,42,67,0
mgsm,question,237,zh,55,87,0
mgsm,question,238,zh,39,64,0
mgsm,question,239,zh,30,40,0
mgsm,question,240,zh,78,120,0
mgsm,question,241,zh,36,54,0
mgsm,question,242,zh,33,48,0
mgsm,question,243,zh,58,81,0
mgsm,question,244,zh,58,83,0
mgsm,question,245,zh,84,108,0
mgsm,question,246,zh,53,85,0
mgsm,question,247,zh,73,110,0
mgsm,question,248,zh,67,106,0
mgsm,question,249,zh,35,47,0
mgsm,question,250,zh,65,93,0
